tourney_date,surface,winner_name,loser_name
20250208,Hard,Murphy Cassone,Mitchell Krueger
20250208,Hard,James Trotter,Ryan Seggerman
20250208,Hard,Ethan Quinn,Tomas Barrios Vera
20250208,Hard,Michael Mmoh,Radu Albot
20250208,Hard,Zachary Svajda,Stefan Kozlov
20250208,Hard,Dmitry Popko,Federico Agustin Gomez
20250209,Hard,James Trotter,Taro Daniel
20250209,Hard,Tristan Boyer,Murphy Cassone
20250209,Hard,Zachary Svajda,Ethan Quinn
20250209,Hard,Michael Mmoh,Dmitry Popko
20250210,Hard,Miomir Kecmanovic,Borna Gojo
20250210,Hard,Cameron Norrie,Zachary Svajda
20250210,Hard,Ethan Quinn,Tristan Boyer
20250210,Hard,Michael Mmoh,Aleksandr Shevchenko
20250211,Hard,Brandon Nakashima,James Trotter
20250211,Hard,Yoshihito Nishioka,Aleksandar Vukic
20250211,Hard,Alejandro Davidovich Fokina,Taro Daniel
20250211,Hard,Bu Yunchaokete,Rinky Hijikata
20250211,Hard,Arthur Rinderknech,Dmitry Popko
20250211,Hard,Mackenzie McDonald,Kei Nishikori
20250212,Hard,Reilly Opelka,Christopher Eubanks
20250212,Hard,Learner Tien,Adam Walton
20250212,Hard,Miomir Kecmanovic,Yoshihito Nishioka
20250212,Hard,Cameron Norrie,Arthur Rinderknech
20250212,Hard,Marcos Giron,Ethan Quinn
20250213,Hard,Alex Michelsen,Michael Mmoh
20250213,Hard,Brandon Nakashima,Reilly Opelka
20250213,Hard,Alejandro Davidovich Fokina,Mackenzie McDonald
20250213,Hard,Matteo Arnaldi,Learner Tien
20250214,Hard,Taylor Fritz,Bu Yunchaokete
20250214,Hard,Miomir Kecmanovic,Marcos Giron
20250214,Hard,Alex Michelsen,Cameron Norrie
20250214,Hard,Matteo Arnaldi,Brandon Nakashima
20250215,Hard,Alejandro Davidovich Fokina,Taylor Fritz
20250215,Hard,Miomir Kecmanovic,Alex Michelsen
20250216,Hard,Alejandro Davidovich Fokina,Matteo Arnaldi
20250216,Hard,Miomir Kecmanovic,Alejandro Davidovich Fokina
20250208,Hard,Laslo Djere,Marco Trungelliti
20250208,Hard,Federico Coria,Thiago Agustin Tirante
20250208,Hard,Felipe Meligeni Alves,Thiago Monteiro
20250208,Hard,Sumit Nagal,Juan Pablo Ficovich
20250208,Hard,Juan Manuel Cerundolo,Jaime Faria
20250208,Hard,Francesco Passaro,Daniel Elahi Galan
20250208,Hard,Roman Andres Burruchaga,Gustavo Heide
20250208,Hard,Juan Bautista Torres,Chun-Hsin Tseng
20250209,Hard,Laslo Djere,Federico Coria
20250209,Hard,Juan Manuel Cerundolo,Sumit Nagal
20250209,Hard,Francesco Passaro,Juan Bautista Torres
20250209,Hard,Roman Andres Burruchaga,Felipe Meligeni Alves
20250210,Hard,Dusan Lajovic,Roberto Carballes Baena
20250210,Hard,Laslo Djere,Alexandre Muller
20250210,Hard,Thiago Seyboth Wild,Facundo Diaz Acosta
20250211,Hard,Mariano Navone,Francisco Comesana
20250211,Hard,Sebastian Baez,Camilo Ugo Carabelli
20250211,Hard,Juan Manuel Cerundolo,Roman Andres Burruchaga
20250211,Hard,Francisco Cerundolo,Luciano Darderi
20250212,Hard,Federico Coria,Hugo Gaston
20250212,Hard,Joao Fonseca,Tomas Martin Etcheverry
20250212,Hard,Pedro Martinez,Damir Dzumhur
20250212,Hard,Laslo Djere,Alejandro Tabilo
20250212,Hard,Diego Schwartzman,Nicolas Jarry
20250212,Hard,Corentin Moutet,Sumit Nagal
20250212,Hard,Alexander Zverev,Dusan Lajovic
20250212,Hard,Thiago Seyboth Wild,Sebastian Baez
20250212,Hard,Francisco Cerundolo,Juan Manuel Cerundolo
20250213,Hard,Joao Fonseca,Federico Coria
20250213,Hard,Pedro Martinez,Diego Schwartzman
20250213,Hard,Mariano Navone,Holger Rune
20250213,Hard,Lorenzo Musetti,Corentin Moutet
20250214,Hard,Laslo Djere,Thiago Seyboth Wild
20250214,Hard,Joao Fonseca,Mariano Navone
20250214,Hard,Pedro Martinez,Lorenzo Musetti
20250214,Hard,Francisco Cerundolo,Alexander Zverev
20250215,Hard,Joao Fonseca,Laslo Djere
20250215,Hard,Francisco Cerundolo,Pedro Martinez
20250216,Hard,Joao Fonseca,Francisco Cerundolo
20250209,Hard,Hugo Grenier,Matteo Gigante
20250209,Hard,Lukas Klein,Alibek Kachmazov
20250209,Hard,Yosuke Watanuki,Jozef Kovalik
20250209,Hard,Arthur Gea,Henri Squire
20250209,Hard,Luca Van Assche,Matteo Martineau
20250209,Hard,Manuel Guinard,Kamil Majchrzak
20250209,Hard,Clement Chidekh,Martin Landaluce
20250209,Hard,Pierre-Hugues Herbert,Calvin Hemery
20250210,Hard,Arthur Gea,Yosuke Watanuki
20250210,Hard,Hugo Grenier,Lukas Klein
20250210,Hard,Pierre-Hugues Herbert,Manuel Guinard
20250210,Hard,Clement Chidekh,Luca Van Assche
20250210,Hard,Hamad Medjedovic,Raphael Collignon
20250210,Hard,Otto Virtanen,Sebastian Korda
20250210,Hard,Lorenzo Sonego,Botic Van De Zandschulp
20250211,Hard,Daniel Altmaier,Luca Nardi
20250211,Hard,Alexander Bublik,Richard Gasquet
20250211,Hard,Luca Van Assche,Benjamin Bonzi
20250211,Hard,Jan-Lennard Struff,Manuel Guinard
20250211,Hard,Nuno Borges,Stan Wawrinka
20250211,Hard,Zizou Bergs,Clement Chidekh
20250211,Hard,Zhang Zhizhen,Quentin Halys
20250212,Hard,Hugo Grenier,Arthur Gea
20250212,Hard,Pierre-Hugues Herbert,Harold Mayot
20250212,Hard,Lorenzo Sonego,Luca Van Assche
20250212,Hard,Daniel Altmaier,Otto Virtanen
20250212,Hard,Hamad Medjedovic,Karen Khachanov
20250212,Hard,Ugo Humbert,Alexander Bublik
20250213,Hard,Zizou Bergs,Nuno Borges
20250213,Hard,Zhang Zhizhen,Hubert Hurkacz
20250213,Hard,Daniil Medvedev,Pierre-Hugues Herbert
20250213,Hard,Jan-Lennard Struff,Hugo Grenier
20250214,Hard,Zizou Bergs,Zhang Zhizhen
20250214,Hard,Ugo Humbert,Lorenzo Sonego
20250214,Hard,Daniil Medvedev,Jan-Lennard Struff
20250214,Hard,Hamad Medjedovic,Daniel Altmaier
20250215,Hard,Ugo Humbert,Zizou Bergs
20250215,Hard,Hamad Medjedovic,Daniil Medvedev
20250216,Hard,Ugo Humbert,Hamad Medjedovic
20250214,Hard,Moyuka Uchijima,Arantxa Rus
20250214,Hard,Aoi Ito,Taylor Townsend
20250214,Hard,Ashlyn Krueger,Jule Niemeier
20250214,Hard,Anastasia Zakharova,Viktoriya Tomova
20250214,Hard,Jaqueline Cristian,Elena-Gabriela Ruse
20250214,Hard,Alycia Parks,Polina Kudermetova
20250214,Hard,Bernarda Pera,Ysaline Bonaventure
20250214,Hard,Katerina Siniakova,Kristina Mladenovic
20250214,Hard,Irina-Camelia Begu,Leah Baroudi
20250214,Hard,Yuan Yue,Cristina Bucsa
20250214,Hard,Veronika Kudermetova,Chloe Paquet
20250214,Hard,Celine Simunyu,Renata Zarazua
20250214,Hard,Suzan Lamens,Daria Saville
20250214,Hard,Eva Lys,Ann Li
20250214,Hard,Zhang Shuai,Lucia Bronzetti
20250214,Hard,Kamilla Rakhimova,Darja Semenistaja
20250215,Hard,Aoi Ito,Ashlyn Krueger
20250215,Hard,Alycia Parks,Bernarda Pera
20250215,Hard,Moyuka Uchijima,Anastasia Zakharova
20250215,Hard,Irina-Camelia Begu,Yuan Yue
20250215,Hard,Veronika Kudermetova,Celine Simunyu
20250215,Hard,Katerina Siniakova,Jaqueline Cristian
20250215,Hard,Eva Lys,Kamilla Rakhimova
20250215,Hard,Suzan Lamens,Zhang Shuai
20250216,Hard,Paula Badosa,Lulu Sun
20250216,Hard,Alycia Parks,Wang Xinyu
20250216,Hard,Elise Mertens,Leylah Fernandez
20250216,Hard,Dayana Yastremska,Magda Linette
20250216,Hard,Sofia Kenin,Donna Vekic
20250216,Hard,Linda Noskova,Yulia Putintseva
20250216,Hard,Belinda Bencic,Aoi Ito
20250216,Hard,Liudmila Samsonova,Anastasia Pavlyuchenkova
20250216,Hard,Marketa Vondrousova,Caroline Garcia
20250216,Hard,Karolina Muchova,Suzan Lamens
20250216,Hard,Elina Svitolina,Anna Kalinskaya
20250216,Hard,Emma Raducanu,Maria Sakkari
20250217,Hard,Diana Shnaider,Magdalena Frech
20250217,Hard,Eva Lys,Irina-Camelia Begu
20250217,Hard,Anastasia Potapova,Beatriz Haddad Maia
20250217,Hard,Sorana Cirstea,Daria Kasatkina
20250217,Hard,Marta Kostyuk,Katerina Siniakova
20250217,Hard,Clara Tauson,Rebecca Sramkova
20250217,Hard,Victoria Azarenka,Anhelina Kalinina
20250217,Hard,Moyuka Uchijima,Jelena Ostapenko
20250217,Hard,McCartney Kessler,Amanda Anisimova
20250217,Hard,Veronika Kudermetova,Ekaterina Alexandrova
20250217,Hard,Peyton Stearns,Ons Jabeur
20250217,Hard,Mirra Andreeva,Elina Avanesyan
20250218,Hard,Elena Rybakina,Moyuka Uchijima
20250218,Hard,Jasmine Paolini,Eva Lys
20250218,Hard,Paula Badosa,Elise Mertens
20250218,Hard,Linda Noskova,Diana Shnaider
20250218,Hard,Sofia Kenin,Marta Kostyuk
20250218,Hard,Jessica Pegula,Liudmila Samsonova
20250218,Hard,Iga Swiatek,Victoria Azarenka
20250218,Hard,Dayana Yastremska,Anastasia Potapova
20250218,Hard,McCartney Kessler,Coco Gauff
20250218,Hard,Aryna Sabalenka,Veronika Kudermetova
20250218,Hard,Karolina Muchova,Emma Raducanu
20250218,Hard,Clara Tauson,Elina Svitolina
20250219,Hard,Emma Navarro,Belinda Bencic
20250219,Hard,Peyton Stearns,Zheng Qinwen
20250219,Hard,Mirra Andreeva,Marketa Vondrousova
20250219,Hard,Sorana Cirstea,Alycia Parks
20250219,Hard,Sofia Kenin,Jasmine Paolini
20250219,Hard,Linda Noskova,Jessica Pegula
20250219,Hard,Iga Swiatek,Dayana Yastremska
20250219,Hard,Elena Rybakina,Paula Badosa
20250219,Hard,Mirra Andreeva,Peyton Stearns
20250219,Hard,Karolina Muchova,McCartney Kessler
20250219,Hard,Clara Tauson,Aryna Sabalenka
20250219,Hard,Sorana Cirstea,Emma Navarro
20250220,Hard,Mirra Andreeva,Iga Swiatek
20250220,Hard,Clara Tauson,Linda Noskova
20250220,Hard,Elena Rybakina,Sofia Kenin
20250220,Hard,Karolina Muchova,Sorana Cirstea
20250221,Hard,Mirra Andreeva,Elena Rybakina
20250221,Hard,Clara Tauson,Karolina Muchova
20250222,Hard,Mirra Andreeva,Clara Tauson
20250222,Hard,Marton Fucsovics,Jozef Kovalik
20250222,Hard,Luca Nardi,Lloyd Harris
20250222,Hard,Quentin Halys,Yasutaka Uchiyama
20250222,Hard,Christopher O'Connell,Abdulrahman Al Janahi
20250222,Hard,Pavel Kotov,Yosuke Watanuki
20250222,Hard,Botic Van De Zandschulp,Andrea Vavassori
20250222,Hard,Otto Virtanen,Mikhail Kukushkin
20250222,Hard,Roman Safiullin,Nikoloz Basilashvili
20250223,Hard,Christopher O'Connell,Botic Van De Zandschulp
20250223,Hard,Marton Fucsovics,Luca Nardi
20250223,Hard,Roman Safiullin,Otto Virtanen
20250223,Hard,Quentin Halys,Pavel Kotov
20250224,Hard,Roberto Bautista Agut,Fabian Marozsan
20250224,Hard,Alexei Popyrin,Hady Habib
20250224,Hard,Karen Khachanov,Daniel Evans
20250224,Hard,Zizou Bergs,Aziz Dougaz
20250224,Hard,Stefanos Tsitsipas,Lorenzo Sonego
20250224,Hard,Giovanni Mpetshi Perricard,Zhang Zhizhen
20250225,Hard,Luca Nardi,Marton Fucsovics
20250225,Hard,Marin Cilic,Alex de Minaur
20250225,Hard,Nuno Borges,Arthur Fils
20250225,Hard,Felix Auger-Aliassime,Alexander Bublik
20250225,Hard,Tallon Griekspoor,Roman Safiullin
20250225,Hard,Quentin Halys,Andrey Rublev
20250225,Hard,Ugo Humbert,Jiri Lehecka
20250225,Hard,Daniil Medvedev,Jan-Lennard Struff
20250225,Hard,Christopher O'Connell,Grigor Dimitrov
20250225,Hard,Matteo Berrettini,Gael Monfils
20250226,Hard,Marin Cilic,Alexei Popyrin
20250226,Hard,Felix Auger-Aliassime,Nuno Borges
20250226,Hard,Luca Nardi,Zizou Bergs
20250226,Hard,Tallon Griekspoor,Ugo Humbert
20250226,Hard,Quentin Halys,Roberto Bautista Agut
20250226,Hard,Daniil Medvedev,Giovanni Mpetshi Perricard
20250226,Hard,Matteo Berrettini,Christopher O'Connell
20250226,Hard,Stefanos Tsitsipas,Karen Khachanov
20250227,Hard,Felix Auger-Aliassime,Marin Cilic
20250227,Hard,Quentin Halys,Luca Nardi
20250227,Hard,Tallon Griekspoor,Daniil Medvedev
20250227,Hard,Stefanos Tsitsipas,Matteo Berrettini
20250228,Hard,Felix Auger-Aliassime,Quentin Halys
20250228,Hard,Stefanos Tsitsipas,Tallon Griekspoor
20250301,Hard,Stefanos Tsitsipas,Felix Auger-Aliassime
20250215,Hard,Quentin Halys,Mubarak Shannan Zayid
20250215,Hard,Christopher O'Connell,Yosuke Watanuki
20250215,Hard,Pavel Kotov,Jozef Kovalik
20250215,Hard,Stan Wawrinka,Arthur Cazaux
20250215,Hard,Otto Virtanen,Terence Atmane
20250215,Hard,Mikhail Kukushkin,Daniel Merida
20250215,Hard,Botic Van De Zandschulp,Ergi Kirkin
20250215,Hard,Luca Nardi,Yasutaka Uchiyama
20250216,Hard,Luca Nardi,Mikhail Kukushkin
20250216,Hard,Botic Van De Zandschulp,Otto Virtanen
20250216,Hard,Quentin Halys,Stan Wawrinka
20250216,Hard,Christopher O'Connell,Pavel Kotov
20250217,Hard,Christopher O'Connell,Hady Habib
20250217,Hard,Jiri Lehecka,Grigor Dimitrov
20250217,Hard,Fabian Marozsan,Aziz Dougaz
20250217,Hard,Carlos Alcaraz,Marin Cilic
20250217,Hard,Jack Draper,Alexei Popyrin
20250218,Hard,Alex de Minaur,Roman Safiullin
20250218,Hard,Luca Nardi,Zhang Zhizhen
20250218,Hard,Botic Van De Zandschulp,Abdullah Shelbayh
20250218,Hard,Nuno Borges,Otto Virtanen
20250218,Hard,Zizou Bergs,Roberto Bautista Agut
20250218,Hard,Tallon Griekspoor,Jan-Lennard Struff
20250218,Hard,Andrey Rublev,Alexander Bublik
20250218,Hard,Daniil Medvedev,Karen Khachanov
20250218,Hard,Felix Auger-Aliassime,Quentin Halys
20250218,Hard,Matteo Berrettini,Novak Djokovic
20250218,Hard,Hamad Medjedovic,Stefanos Tsitsipas
20250219,Hard,Alex de Minaur,Botic Van De Zandschulp
20250219,Hard,Andrey Rublev,Nuno Borges
20250219,Hard,Jack Draper,Christopher O'Connell
20250219,Hard,Daniil Medvedev,Zizou Bergs
20250219,Hard,Jiri Lehecka,Fabian Marozsan
20250219,Hard,Felix Auger-Aliassime,Hamad Medjedovic
20250219,Hard,Carlos Alcaraz,Luca Nardi
20250219,Hard,Matteo Berrettini,Tallon Griekspoor
20250220,Hard,Andrey Rublev,Alex de Minaur
20250220,Hard,Felix Auger-Aliassime,Daniil Medvedev
20250220,Hard,Jiri Lehecka,Carlos Alcaraz
20250220,Hard,Jack Draper,Matteo Berrettini
20250221,Hard,Andrey Rublev,Felix Auger-Aliassime
20250221,Hard,Jack Draper,Jiri Lehecka
20250222,Hard,Andrey Rublev,Jack Draper
20250215,Hard,Juan Manuel Cerundolo,Thiago Agustin Tirante
20250215,Hard,Tomas Barrios Vera,Cristian Garin
20250215,Hard,Jaime Faria,Mateus De Carvalho Cardoso Alves
20250215,Hard,Roman Andres Burruchaga,Federico Coria
20250215,Hard,Marco Trungelliti,Yannick Hanfmann
20250215,Hard,Chun-Hsin Tseng,Joao Lucas Reis Da Silva
20250215,Hard,Camilo Ugo Carabelli,Karue Sell
20250215,Hard,Hugo Dellien,Juan Pablo Ficovich
20250216,Hard,Tomas Barrios Vera,Camilo Ugo Carabelli
20250216,Hard,Juan Manuel Cerundolo,Jaime Faria
20250216,Hard,Chun-Hsin Tseng,Marco Trungelliti
20250216,Hard,Hugo Dellien,Roman Andres Burruchaga
20250217,Hard,Aleksandr Shevchenko,Felipe Meligeni Alves
20250217,Hard,Nicolas Jarry,Juan Manuel Cerundolo
20250217,Hard,Francisco Comesana,Gustavo Heide
20250217,Hard,Thiago Monteiro,Facundo Diaz Acosta
20250218,Hard,Chun-Hsin Tseng,Alejandro Tabilo
20250218,Hard,Jaume Munar,Thiago Seyboth Wild
20250218,Hard,Tomas Martin Etcheverry,Corentin Moutet
20250218,Hard,Damir Dzumhur,Dusan Lajovic
20250218,Hard,Luciano Darderi,Hugo Dellien
20250218,Hard,Sebastian Baez,Roman Andres Burruchaga
20250218,Hard,Mariano Navone,Roberto Carballes Baena
20250218,Hard,Jaime Faria,Tomas Barrios Vera
20250218,Hard,Francisco Cerundolo,Hugo Gaston
20250218,Hard,Alexander Zverev,Bu Yunchaokete
20250218,Hard,Camilo Ugo Carabelli,Pedro Martinez
20250219,Hard,Alexandre Muller,Joao Fonseca
20250219,Hard,Francisco Comesana,Nicolas Jarry
20250219,Hard,Sebastian Baez,Mariano Navone
20250219,Hard,Alexander Zverev,Aleksandr Shevchenko
20250220,Hard,Chun-Hsin Tseng,Thiago Monteiro
20250220,Hard,Jaime Faria,Jaume Munar
20250220,Hard,Camilo Ugo Carabelli,Damir Dzumhur
20250220,Hard,Francisco Cerundolo,Luciano Darderi
20250221,Hard,Alexandre Muller,Tomas Martin Etcheverry
20250221,Hard,Camilo Ugo Carabelli,Jaime Faria
20250221,Hard,Sebastian Baez,Chun-Hsin Tseng
20250221,Hard,Francisco Comesana,Alexander Zverev
20250222,Hard,Alexandre Muller,Francisco Cerundolo
20250222,Hard,Sebastian Baez,Camilo Ugo Carabelli
20250222,Hard,Alexandre Muller,Francisco Comesana
20250223,Hard,Sebastian Baez,Alexandre Muller
20250222,Hard,Juan Pablo Varillas,Emilio Nava
20250222,Hard,Roman Andres Burruchaga,Kilian Feldbausch
20250222,Hard,Juan Pablo Ficovich,Adolfo Daniel Vallejo
20250222,Hard,Felipe Meligeni Alves,Bastian Malla
20250222,Hard,Thiago Agustin Tirante,Pol Martin Tiffon
20250222,Hard,Orlando Luz,Ryan Seggerman
20250222,Hard,Gustavo Heide,Genaro Alberto Olivieri
20250222,Hard,Juan Manuel Cerundolo,Matias Soto
20250223,Hard,Felipe Meligeni Alves,Juan Pablo Varillas
20250223,Hard,Juan Pablo Ficovich,Roman Andres Burruchaga
20250223,Hard,Gustavo Heide,Thiago Agustin Tirante
20250223,Hard,Juan Manuel Cerundolo,Orlando Luz
20250224,Hard,Yannick Hanfmann,Facundo Diaz Acosta
20250224,Hard,Laslo Djere,Ignacio Buse
20250224,Hard,Gustavo Heide,Thiago Seyboth Wild
20250224,Hard,Cristian Garin,Juan Pablo Ficovich
20250225,Hard,Damir Dzumhur,Corentin Moutet
20250225,Hard,Tomas Martin Etcheverry,Hugo Gaston
20250225,Hard,Thiago Monteiro,Juan Manuel Cerundolo
20250225,Hard,Camilo Ugo Carabelli,Nicolas Jarry
20250225,Hard,Jaime Faria,Luciano Darderi
20250225,Hard,Mariano Navone,Aleksandr Shevchenko
20250226,Hard,Jaime Faria,Gustavo Heide
20250226,Hard,Laslo Djere,Pedro Martinez
20250226,Hard,Federico Coria,Tomas Barrios Vera
20250226,Hard,Francisco Comesana,Felipe Meligeni Alves
20250226,Hard,Francisco Cerundolo,Yannick Hanfmann
20250226,Hard,Tomas Martin Etcheverry,Cristian Garin
20250227,Hard,Damir Dzumhur,Mariano Navone
20250227,Hard,Sebastian Baez,Francisco Comesana
20250227,Hard,Camilo Ugo Carabelli,Thiago Monteiro
20250227,Hard,Federico Coria,Alejandro Tabilo
20250228,Hard,Laslo Djere,Jaime Faria
20250228,Hard,Francisco Cerundolo,Tomas Martin Etcheverry
20250228,Hard,Camilo Ugo Carabelli,Federico Coria
20250301,Hard,Sebastian Baez,Damir Dzumhur
20250301,Hard,Laslo Djere,Francisco Cerundolo
20250301,Hard,Sebastian Baez,Camilo Ugo Carabelli
20250302,Hard,Laslo Djere,Sebastian Baez
20250222,Hard,Learner Tien,Federico Agustin Gomez
20250222,Hard,Adam Walton,Adrian Mannarino
20250222,Hard,Dusan Lajovic,Dmitry Popko
20250223,Hard,Nishesh Basavareddy,James Duckworth
20250223,Hard,Aleksandar Kovacevic,Alan Magadan
20250223,Hard,Stefan Kozlov,Duarte Vale
20250223,Hard,Gabriel Diallo,Rafael Alfonso De Alba Valdes
20250223,Hard,Mattia Bellucci,Christopher Eubanks
20250224,Hard,Nishesh Basavareddy,Stefan Kozlov
20250224,Hard,Learner Tien,Dusan Lajovic
20250224,Hard,Adam Walton,Aleksandar Kovacevic
20250224,Hard,Gabriel Diallo,Mattia Bellucci
20250225,Hard,Casper Ruud,Arthur Rinderknech
20250225,Hard,Daniel Altmaier,Miomir Kecmanovic
20250225,Hard,Tomas Machac,Jakub Mensik
20250225,Hard,Ben Shelton,Flavio Cobolli
20250225,Hard,Marcos Giron,Adam Walton
20250225,Hard,David Goffin,Rinky Hijikata
20250225,Hard,Learner Tien,Cameron Norrie
20250225,Hard,Tommy Paul,Gabriel Diallo
20250226,Hard,Rodrigo Pacheco Mendez,Aleksandar Vukic
20250226,Hard,Alejandro Davidovich Fokina,Mattia Bellucci
20250226,Hard,Holger Rune,Roberto Carballes Baena
20250226,Hard,Alexander Zverev,Matteo Arnaldi
20250226,Hard,Brandon Nakashima,Benjamin Bonzi
20250226,Hard,Denis Shapovalov,Nishesh Basavareddy
20250226,Hard,Alex Michelsen,Bu Yunchaokete
20250226,Hard,Frances Tiafoe,Alexandre Muller
20250227,Hard,Marcos Giron,Tommy Paul
20250227,Hard,Tomas Machac,Daniel Altmaier
20250227,Hard,David Goffin,Ben Shelton
20250227,Hard,Denis Shapovalov,Alex Michelsen
20250227,Hard,Brandon Nakashima,Holger Rune
20250227,Hard,Learner Tien,Alexander Zverev
20250227,Hard,Rodrigo Pacheco Mendez,Casper Ruud
20250227,Hard,Alejandro Davidovich Fokina,Frances Tiafoe
20250228,Hard,Brandon Nakashima,David Goffin
20250228,Hard,Tomas Machac,Learner Tien
20250228,Hard,Denis Shapovalov,Marcos Giron
20250228,Hard,Alejandro Davidovich Fokina,Rodrigo Pacheco Mendez
20250301,Hard,Tomas Machac,Brandon Nakashima
20250301,Hard,Alejandro Davidovich Fokina,Denis Shapovalov
20250302,Hard,Tomas Machac,Alejandro Davidovich Fokina
20250302,Hard,Eva Lys,Aliaksandra Sasnovich
20250304,Hard,Jule Niemeier,Eva Lys
20250305,Hard,Caroline Garcia,Bernarda Pera
20250305,Hard,Elisabetta Cocciaretto,Renata Zarazua
20250305,Hard,Lulu Sun,Rebecca Sramkova
20250305,Hard,Varvara Gracheva,Petra Kvitova
20250305,Hard,Irina-Camelia Begu,Ann Li
20250305,Hard,Hailey Baptiste,Whitney Osuigwe
20250305,Hard,Suzan Lamens,Marie Bouzkova
20250305,Hard,Magda Linette,Peyton Stearns
20250305,Hard,Caroline Dolehide,Kamilla Rakhimova
20250305,Hard,Wang Xinyu,Mayar Sherif
20250306,Hard,Katerina Siniakova,Maria Lourdes Carle
20250306,Hard,Victoria Azarenka,Clervie Ngounoue
20250306,Hard,Camila Osorio,Naomi Osaka
20250306,Hard,Robin Montgomery,Jule Niemeier
20250306,Hard,Ashlyn Krueger,Katie Volynets
20250306,Hard,Dayana Yastremska,Yuan Yue
20250306,Hard,Sofia Kenin,Maddison Inglis
20250306,Hard,Polina Kudermetova,Claire Liu
20250306,Hard,Lucia Bronzetti,Anhelina Kalinina
20250306,Hard,Viktoriya Tomova,Olga Danilovic
20250306,Hard,Catherine McNally,Ajla Tomljanovic
20250306,Hard,Sorana Cirstea,Maya Joint
20250306,Hard,Moyuka Uchijima,Emma Raducanu
20250306,Hard,Sonay Kartal,Varvara Lepchenko
20250306,Hard,Belinda Bencic,Tatjana Maria
20250306,Hard,Jaqueline Cristian,Veronika Kudermetova
20250307,Hard,Kimberly Birrell,Viktorija Golubic
20250307,Hard,Anastasia Potapova,Jessica Bouzas Maneiro
20250307,Hard,McCartney Kessler,Anna Blinkova
20250307,Hard,Karolina Muchova,Elisabetta Cocciaretto
20250307,Hard,Marta Kostyuk,Robin Montgomery
20250307,Hard,Katie Boulter,Irina-Camelia Begu
20250307,Hard,Elena Rybakina,Suzan Lamens
20250307,Hard,Elina Avanesyan,Lauren Davis
20250307,Hard,Iva Jovic,Julia Grabher
20250307,Hard,Katerina Siniakova,Yulia Putintseva
20250307,Hard,Dayana Yastremska,Ons Jabeur
20250307,Hard,Clara Tauson,Camila Osorio
20250307,Hard,Lulu Sun,Linda Noskova
20250307,Hard,Alycia Parks,Anna Kalinskaya
20250307,Hard,Caroline Dolehide,Eva Lys
20250308,Hard,Iga Swiatek,Caroline Garcia
20250308,Hard,Wang Xinyu,Jelena Ostapenko
20250308,Hard,Jessica Pegula,Magda Linette
20250308,Hard,Elina Svitolina,Ashlyn Krueger
20250308,Hard,Mirra Andreeva,Varvara Gracheva
20250308,Hard,Danielle Collins,Hailey Baptiste
20250308,Hard,Zheng Qinwen,Victoria Azarenka
20250308,Hard,Polina Kudermetova,Ekaterina Alexandrova
20250308,Hard,Lucia Bronzetti,Magdalena Frech
20250308,Hard,Madison Keys,Anastasia Potapova
20250308,Hard,Maria Sakkari,Viktoriya Tomova
20250308,Hard,Donna Vekic,Elina Avanesyan
20250308,Hard,Jasmine Paolini,Iva Jovic
20250308,Hard,Coco Gauff,Moyuka Uchijima
20250308,Hard,Sonay Kartal,Beatriz Haddad Maia
20250308,Hard,Elise Mertens,Kimberly Birrell
20250308,Hard,Daria Kasatkina,Sofia Kenin
20250309,Hard,Belinda Bencic,Amanda Anisimova
20250309,Hard,Jaqueline Cristian,Leylah Fernandez
20250309,Hard,Liudmila Samsonova,Catherine McNally
20250309,Hard,Aryna Sabalenka,McCartney Kessler
20250309,Hard,Diana Shnaider,Alycia Parks
20250309,Hard,Emma Navarro,Sorana Cirstea
20250309,Hard,Marta Kostyuk,Caroline Dolehide
20250309,Hard,Iga Swiatek,Dayana Yastremska
20250309,Hard,Elena Rybakina,Katie Boulter
20250309,Hard,Karolina Muchova,Katerina Siniakova
20250309,Hard,Jessica Pegula,Wang Xinyu
20250309,Hard,Elina Svitolina,Danielle Collins
20250310,Hard,Mirra Andreeva,Clara Tauson
20250310,Hard,Zheng Qinwen,Lulu Sun
20250310,Hard,Madison Keys,Elise Mertens
20250310,Hard,Sonay Kartal,Polina Kudermetova
20250310,Hard,Coco Gauff,Maria Sakkari
20250310,Hard,Belinda Bencic,Diana Shnaider
20250310,Hard,Aryna Sabalenka,Lucia Bronzetti
20250310,Hard,Liudmila Samsonova,Daria Kasatkina
20250311,Hard,Donna Vekic,Emma Navarro
20250311,Hard,Jasmine Paolini,Jaqueline Cristian
20250311,Hard,Iga Swiatek,Karolina Muchova
20250311,Hard,Elina Svitolina,Jessica Pegula
20250312,Hard,Mirra Andreeva,Elena Rybakina
20250312,Hard,Zheng Qinwen,Marta Kostyuk
20250312,Hard,Belinda Bencic,Coco Gauff
20250312,Hard,Madison Keys,Donna Vekic
20250312,Hard,Aryna Sabalenka,Sonay Kartal
20250312,Hard,Liudmila Samsonova,Jasmine Paolini
20250313,Hard,Iga Swiatek,Zheng Qinwen
20250313,Hard,Mirra Andreeva,Elina Svitolina
20250313,Hard,Madison Keys,Belinda Bencic
20250314,Hard,Aryna Sabalenka,Liudmila Samsonova
20250314,Hard,Mirra Andreeva,Iga Swiatek
20250315,Hard,Aryna Sabalenka,Madison Keys
20250316,Hard,Mirra Andreeva,Aryna Sabalenka
20250304,Hard,Giulio Zeppieri,Mikhail Kukushkin
20250304,Hard,Nikoloz Basilashvili,Yasutaka Uchiyama
20250304,Hard,Colton Smith,Pavel Kotov
20250304,Hard,Li Tu,James Duckworth
20250305,Hard,Adam Walton,Michael Mmoh
20250305,Hard,Pablo Carreno Busta,Alexis Galarneau
20250305,Hard,Tristan Boyer,Aleksandar Vukic
20250305,Hard,Thiago Seyboth Wild,Alexandre Muller
20250305,Hard,Kei Nishikori,Jaume Munar
20250305,Hard,Christopher O'Connell,Roberto Carballes Baena
20250305,Hard,Tallon Griekspoor,Miomir Kecmanovic
20250305,Hard,Bu Yunchaokete,Nishesh Basavareddy
20250305,Hard,Fabian Marozsan,Pedro Martinez
20250305,Hard,Colton Smith,Flavio Cobolli
20250305,Hard,Damir Dzumhur,Roberto Bautista Agut
20250305,Hard,Roman Safiullin,Reilly Opelka
20250306,Hard,Marcos Giron,Nikoloz Basilashvili
20250306,Hard,Zizou Bergs,Ethan Quinn
20250306,Hard,Corentin Moutet,Jordan Thompson
20250306,Hard,Cameron Norrie,Luca Nardi
20250306,Hard,Yosuke Watanuki,Alexander Bublik
20250306,Hard,Jenson Brooksby,Benjamin Bonzi
20250306,Hard,Joao Fonseca,Jacob Fearnley
20250306,Hard,Rinky Hijikata,Aleksandr Shevchenko
20250306,Hard,Jakub Mensik,Tomas Martin Etcheverry
20250306,Hard,Mackenzie McDonald,Alejandro Davidovich Fokina
20250306,Hard,Gabriel Diallo,Zhang Zhizhen
20250306,Hard,Matteo Gigante,Sebastian Baez
20250306,Hard,Matteo Arnaldi,Aleksandar Kovacevic
20250306,Hard,Gael Monfils,Jan-Lennard Struff
20250307,Hard,Hugo Gaston,Luciano Darderi
20250307,Hard,Nuno Borges,Arthur Rinderknech
20250307,Hard,David Goffin,Lorenzo Sonego
20250307,Hard,Adam Walton,Giulio Zeppieri
20250307,Hard,Botic Van De Zandschulp,Nick Kyrgios
20250307,Hard,Dusan Lajovic,Li Tu
20250307,Hard,Giovanni Mpetshi Perricard,Fabian Marozsan
20250307,Hard,Tallon Griekspoor,Alexander Zverev
20250307,Hard,Tommy Paul,Tristan Boyer
20250307,Hard,Ugo Humbert,Kei Nishikori
20250307,Hard,Quentin Halys,Pablo Carreno Busta
20250307,Hard,Mariano Navone,Learner Tien
20250307,Hard,Cameron Norrie,Jiri Lehecka
20250307,Hard,Alexei Popyrin,Zizou Bergs
20250307,Hard,Marcos Giron,Casper Ruud
20250307,Hard,Matteo Berrettini,Christopher O'Connell
20250307,Hard,Lorenzo Musetti,Roman Safiullin
20250307,Hard,Alex Michelsen,Colton Smith
20250308,Hard,Holger Rune,Corentin Moutet
20250308,Hard,Stefanos Tsitsipas,Thiago Seyboth Wild
20250308,Hard,Arthur Fils,Gabriel Diallo
20250308,Hard,Daniil Medvedev,Bu Yunchaokete
20250308,Hard,Yosuke Watanuki,Tomas Machac
20250308,Hard,Frances Tiafoe,Damir Dzumhur
20250308,Hard,Taylor Fritz,Matteo Gigante
20250308,Hard,Alejandro Tabilo,Dusan Lajovic
20250308,Hard,Jenson Brooksby,Felix Auger-Aliassime
20250308,Hard,Jack Draper,Joao Fonseca
20250308,Hard,Matteo Arnaldi,Andrey Rublev
20250308,Hard,Denis Shapovalov,Adam Walton
20250308,Hard,Francisco Cerundolo,Mackenzie McDonald
20250308,Hard,Carlos Alcaraz,Quentin Halys
20250308,Hard,Botic Van De Zandschulp,Novak Djokovic
20250308,Hard,Hubert Hurkacz,Hugo Gaston
20250308,Hard,Brandon Nakashima,Rinky Hijikata
20250309,Hard,Karen Khachanov,Jakub Mensik
20250309,Hard,Grigor Dimitrov,Nuno Borges
20250309,Hard,Ben Shelton,Mariano Navone
20250309,Hard,Alex de Minaur,David Goffin
20250309,Hard,Gael Monfils,Sebastian Korda
20250309,Hard,Tommy Paul,Cameron Norrie
20250309,Hard,Tallon Griekspoor,Giovanni Mpetshi Perricard
20250309,Hard,Marcos Giron,Alexei Popyrin
20250309,Hard,Stefanos Tsitsipas,Matteo Berrettini
20250309,Hard,Daniil Medvedev,Alex Michelsen
20250309,Hard,Holger Rune,Ugo Humbert
20250310,Hard,Arthur Fils,Lorenzo Musetti
20250310,Hard,Yosuke Watanuki,Frances Tiafoe
20250310,Hard,Francisco Cerundolo,Botic Van De Zandschulp
20250310,Hard,Jack Draper,Jenson Brooksby
20250310,Hard,Alex de Minaur,Hubert Hurkacz
20250310,Hard,Taylor Fritz,Alejandro Tabilo
20250310,Hard,Brandon Nakashima,Matteo Arnaldi
20250310,Hard,Ben Shelton,Karen Khachanov
20250311,Hard,Carlos Alcaraz,Denis Shapovalov
20250311,Hard,Grigor Dimitrov,Gael Monfils
20250311,Hard,Tallon Griekspoor,Yosuke Watanuki
20250311,Hard,Holger Rune,Stefanos Tsitsipas
20250311,Hard,Arthur Fils,Marcos Giron
20250312,Hard,Daniil Medvedev,Tommy Paul
20250312,Hard,Ben Shelton,Brandon Nakashima
20250312,Hard,Francisco Cerundolo,Alex de Minaur
20250312,Hard,Jack Draper,Taylor Fritz
20250313,Hard,Carlos Alcaraz,Grigor Dimitrov
20250313,Hard,Holger Rune,Tallon Griekspoor
20250313,Hard,Daniil Medvedev,Arthur Fils
20250314,Hard,Jack Draper,Ben Shelton
20250314,Hard,Carlos Alcaraz,Francisco Cerundolo
20250315,Hard,Holger Rune,Daniil Medvedev
20250315,Hard,Jack Draper,Carlos Alcaraz
20250316,Hard,Jack Draper,Holger Rune
20250316,Hard,Sara Sorribes Tormo,Lilli Tagger
20250316,Hard,Anna Bondar,Maddison Inglis
20250316,Hard,Irina-Camelia Begu,Wakana Sonobe
20250316,Hard,Claire Liu,Caroline Dolehide
20250316,Hard,Yuliia Starodubtseva,Varvara Lepchenko
20250316,Hard,Teodora Kostovic,Olivia Gadecki
20250316,Hard,Greet Minnen,Jule Niemeier
20250316,Hard,Eva Lys,Petra Martic
20250316,Hard,Aoi Ito,Ksenia Efremova
20250316,Hard,Lucrezia Stefanini,Cristina Bucsa
20250316,Hard,Laura Siegemund,Ana Konjuh
20250316,Hard,Tatjana Maria,Leolia Jeanjean
20250316,Hard,Linda Fruhvirtova,Rebecca Marino
20250316,Hard,Robin Montgomery,Giorgia Pedone
20250316,Hard,Kimberly Birrell,Aliaksandra Sasnovich
20250316,Hard,Bernarda Pera,Marina Stakusic
20250316,Hard,Elena-Gabriela Ruse,Mirjam Bjorklund
20250316,Hard,Sonay Kartal,Jodie Burrage
20250316,Hard,Harriet Dart,Daria Saville
20250316,Hard,Ysaline Bonaventure,Louisa Chirico
20250316,Hard,Taylor Townsend,Carson Branstine
20250316,Hard,Ena Shibahara,Zeynep Sonmez
20250316,Hard,Maya Joint,Sara Errani
20250316,Hard,Rebeka Masarova,Mananchaya Sawangkaew
20250317,Hard,Anna Bondar,Irina-Camelia Begu
20250317,Hard,Aoi Ito,Eva Lys
20250317,Hard,Claire Liu,Sara Sorribes Tormo
20250317,Hard,Linda Fruhvirtova,Laura Siegemund
20250317,Hard,Greet Minnen,Teodora Kostovic
20250317,Hard,Yuliia Starodubtseva,Tatjana Maria
20250317,Hard,Rebeka Masarova,Maya Joint
20250317,Hard,Taylor Townsend,Sonay Kartal
20250317,Hard,Bernarda Pera,Robin Montgomery
20250317,Hard,Kimberly Birrell,Harriet Dart
20250317,Hard,Elena-Gabriela Ruse,Ena Shibahara
20250317,Hard,Lucrezia Stefanini,Ysaline Bonaventure
20250318,Hard,Viktoriya Tomova,Catherine McNally
20250318,Hard,Magda Linette,Anastasia Pavlyuchenkova
20250318,Hard,Alycia Parks,Varvara Gracheva
20250318,Hard,Katerina Siniakova,Yuan Yue
20250318,Hard,Lucia Bronzetti,Jessica Bouzas Maneiro
20250318,Hard,Sorana Cirstea,Elisabetta Cocciaretto
20250318,Hard,Naomi Osaka,Yuliia Starodubtseva
20250318,Hard,Rebecca Sramkova,Lucrezia Stefanini
20250318,Hard,Linda Fruhvirtova,Claire Liu
20250318,Hard,Lauren Davis,Aoi Ito
20250318,Hard,Elena-Gabriela Ruse,Polina Kudermetova
20250318,Hard,Sofia Kenin,Petra Kvitova
20250318,Hard,Rebeka Masarova,Greet Minnen
20250318,Hard,Hailey Baptiste,Olga Danilovic
20250318,Hard,Ashlyn Krueger,Renata Zarazua
20250318,Hard,Taylor Townsend,Ann Li
20250319,Hard,Victoria Mboko,Camila Osorio
20250319,Hard,Kimberly Birrell,Anastasia Potapova
20250319,Hard,Anna Blinkova,Kamilla Rakhimova
20250319,Hard,Veronika Kudermetova,Wang Xinyu
20250319,Hard,Emma Raducanu,Sayaka Ishii
20250319,Hard,McCartney Kessler,Marie Bouzkova
20250319,Hard,Bernarda Pera,Ajla Tomljanovic
20250319,Hard,Elina Avanesyan,Erika Andreeva
20250319,Hard,Caroline Garcia,Anna Bondar
20250319,Hard,Alexandra Eala,Katie Volynets
20250319,Hard,Peyton Stearns,Katie Boulter
20250319,Hard,Julia Grabher,Tyra Caterina Grant
20250319,Hard,Moyuka Uchijima,Suzan Lamens
20250319,Hard,Belinda Bencic,Dayana Yastremska
20250319,Hard,Victoria Azarenka,Anhelina Kalinina
20250320,Hard,Mayar Sherif,Lulu Sun
20250320,Hard,Zheng Qinwen,Lauren Davis
20250320,Hard,Elena-Gabriela Ruse,Magdalena Frech
20250320,Hard,Jasmine Paolini,Rebecca Sramkova
20250320,Hard,Ashlyn Krueger,Elena Rybakina
20250320,Hard,Leylah Fernandez,Alycia Parks
20250320,Hard,Coco Gauff,Sofia Kenin
20250320,Hard,Magda Linette,Ekaterina Alexandrova
20250320,Hard,Aryna Sabalenka,Viktoriya Tomova
20250320,Hard,Taylor Townsend,Yulia Putintseva
20250320,Hard,Ons Jabeur,Katerina Siniakova
20250320,Hard,Maria Sakkari,Lucia Bronzetti
20250320,Hard,Hailey Baptiste,Daria Kasatkina
20250320,Hard,Rebeka Masarova,Donna Vekic
20250320,Hard,Linda Fruhvirtova,Beatriz Haddad Maia
20250320,Hard,Naomi Osaka,Liudmila Samsonova
20250321,Hard,Danielle Collins,Sorana Cirstea
20250321,Hard,Anna Kalinskaya,Moyuka Uchijima
20250321,Hard,Anna Blinkova,Diana Shnaider
20250321,Hard,Iga Swiatek,Caroline Garcia
20250321,Hard,Alexandra Eala,Jelena Ostapenko
20250321,Hard,Elise Mertens,Peyton Stearns
20250321,Hard,Paula Badosa,Victoria Mboko
20250321,Hard,Emma Raducanu,Emma Navarro
20250321,Hard,Clara Tauson,Julia Grabher
20250321,Hard,McCartney Kessler,Linda Noskova
20250321,Hard,Marta Kostyuk,Kimberly Birrell
20250321,Hard,Jessica Pegula,Bernarda Pera
20250321,Hard,Karolina Muchova,Victoria Azarenka
20250321,Hard,Elina Svitolina,Belinda Bencic
20250321,Hard,Amanda Anisimova,Mayar Sherif
20250321,Hard,Mirra Andreeva,Veronika Kudermetova
20250321,Hard,Madison Keys,Elina Avanesyan
20250322,Hard,Jasmine Paolini,Ons Jabeur
20250322,Hard,Ashlyn Krueger,Leylah Fernandez
20250322,Hard,Naomi Osaka,Hailey Baptiste
20250322,Hard,Aryna Sabalenka,Elena-Gabriela Ruse
20250322,Hard,Coco Gauff,Maria Sakkari
20250322,Hard,Magda Linette,Linda Fruhvirtova
20250322,Hard,Danielle Collins,Rebeka Masarova
20250323,Hard,Zheng Qinwen,Taylor Townsend
20250323,Hard,Elina Svitolina,Karolina Muchova
20250323,Hard,Paula Badosa,Clara Tauson
20250323,Hard,Iga Swiatek,Elise Mertens
20250323,Hard,Marta Kostyuk,Anna Blinkova
20250323,Hard,Alexandra Eala,Madison Keys
20250323,Hard,Jessica Pegula,Anna Kalinskaya
20250323,Hard,Emma Raducanu,McCartney Kessler
20250323,Hard,Amanda Anisimova,Mirra Andreeva
20250324,Hard,Jasmine Paolini,Naomi Osaka
20250324,Hard,Zheng Qinwen,Ashlyn Krueger
20250324,Hard,Aryna Sabalenka,Danielle Collins
20250324,Hard,Emma Raducanu,Amanda Anisimova
20250324,Hard,Magda Linette,Coco Gauff
20250324,Hard,Jessica Pegula,Marta Kostyuk
20250324,Hard,Alexandra Eala,Paula Badosa
20250325,Hard,Iga Swiatek,Elina Svitolina
20250325,Hard,Jasmine Paolini,Magda Linette
20250326,Hard,Aryna Sabalenka,Zheng Qinwen
20250326,Hard,Alexandra Eala,Iga Swiatek
20250327,Hard,Jessica Pegula,Emma Raducanu
20250327,Hard,Aryna Sabalenka,Jasmine Paolini
20250328,Hard,Jessica Pegula,Alexandra Eala
20250329,Hard,Aryna Sabalenka,Jessica Pegula
20250317,Hard,Alexander Blockx,Otto Virtanen
20250317,Hard,Terence Atmane,Luca Nardi
20250317,Hard,Jacob Fearnley,Thijs Boogaard
20250317,Hard,Thiago Agustin Tirante,Dusan Lajovic
20250317,Hard,Mackenzie McDonald,Nikoloz Basilashvili
20250317,Hard,Tristan Boyer,Yasutaka Uchiyama
20250317,Hard,Pavel Kotov,Alexis Galarneau
20250317,Hard,Darwin Blanch,Taro Daniel
20250317,Hard,Aleksandr Shevchenko,Lukas Klein
20250317,Hard,Camilo Ugo Carabelli,Mitchell Krueger
20250317,Hard,Christopher O'Connell,Liam Draxl
20250317,Hard,Ethan Quinn,Adrian Mannarino
20250317,Hard,Marco Trungelliti,Alexander Ritschard
20250317,Hard,Chun-Hsin Tseng,Alejandro Moro Canas
20250317,Hard,Rei Sakamoto,Kamil Majchrzak
20250317,Hard,Tristan Schoolkate,Stefano Napolitano
20250317,Hard,James Duckworth,Federico Agustin Gomez
20250317,Hard,Francisco Comesana,Michael Mmoh
20250317,Hard,Gabriel Diallo,Yosuke Watanuki
20250317,Hard,Billy Harris,Mikael Ymer
20250317,Hard,Adam Walton,Mikhail Kukushkin
20250317,Hard,Hugo Gaston,Hady Habib
20250317,Hard,Brandon Holt,Martin Damm
20250317,Hard,Shintaro Mochizuki,Yannick Hanfmann
20250318,Hard,Alexander Blockx,Terence Atmane
20250318,Hard,Mackenzie McDonald,Pavel Kotov
20250318,Hard,Jacob Fearnley,Tristan Boyer
20250318,Hard,Thiago Agustin Tirante,Aleksandr Shevchenko
20250318,Hard,Christopher O'Connell,Marco Trungelliti
20250318,Hard,Rei Sakamoto,James Duckworth
20250318,Hard,Chun-Hsin Tseng,Darwin Blanch
20250318,Hard,Ethan Quinn,Camilo Ugo Carabelli
20250318,Hard,Tristan Schoolkate,Adam Walton
20250318,Hard,Billy Harris,Hugo Gaston
20250318,Hard,Francisco Comesana,Shintaro Mochizuki
20250318,Hard,Brandon Holt,Gabriel Diallo
20250319,Hard,David Goffin,Aleksandar Vukic
20250319,Hard,Rinky Hijikata,Hamad Medjedovic
20250319,Hard,Alexander Bublik,Sebastian Baez
20250319,Hard,Tristan Schoolkate,Ethan Quinn
20250319,Hard,Gael Monfils,Fabian Marozsan
20250319,Hard,Federico Cina,Francisco Comesana
20250319,Hard,Chun-Hsin Tseng,Mattia Bellucci
20250319,Hard,Camilo Ugo Carabelli,Brandon Holt
20250319,Hard,Nick Kyrgios,Mackenzie McDonald
20250319,Hard,Corentin Moutet,Alexander Blockx
20250319,Hard,Roberto Carballes Baena,Christopher O'Connell
20250319,Hard,Miomir Kecmanovic,Aleksandar Kovacevic
20250319,Hard,Alexandre Muller,Rei Sakamoto
20250319,Hard,Jaume Munar,Arthur Rinderknech
20250320,Hard,Eliot Spizzirri,Billy Harris
20250320,Hard,Quentin Halys,Thiago Seyboth Wild
20250320,Hard,Thiago Agustin Tirante,Flavio Cobolli
20250320,Hard,Jacob Fearnley,Benjamin Bonzi
20250320,Hard,Zizou Bergs,Nuno Borges
20250320,Hard,Reilly Opelka,Christopher Eubanks
20250320,Hard,Hugo Gaston,Yoshihito Nishioka
20250320,Hard,Chak Lam Coleman Wong,Daniel Altmaier
20250320,Hard,Luciano Darderi,Pedro Martinez
20250320,Hard,Bu Yunchaokete,Cameron Norrie
20250320,Hard,Jordan Thompson,Marcos Giron
20250320,Hard,Gabriel Diallo,Tomas Martin Etcheverry
20250320,Hard,Alejandro Davidovich Fokina,Jan-Lennard Struff
20250320,Hard,Lorenzo Sonego,Mariano Navone
20250320,Hard,Roman Safiullin,Jenson Brooksby
20250320,Hard,Matteo Arnaldi,Wu Yibing
20250320,Hard,Joao Fonseca,Learner Tien
20250320,Hard,Jakub Mensik,Roberto Bautista Agut
20250321,Hard,Grigor Dimitrov,Federico Cina
20250321,Hard,Felix Auger-Aliassime,Tristan Schoolkate
20250321,Hard,Lorenzo Musetti,Quentin Halys
20250321,Hard,Casper Ruud,Miomir Kecmanovic
20250321,Hard,Karen Khachanov,Nick Kyrgios
20250321,Hard,Camilo Ugo Carabelli,Alex Michelsen
20250321,Hard,Jaume Munar,Daniil Medvedev
20250321,Hard,Stefanos Tsitsipas,Chun-Hsin Tseng
20250321,Hard,Gael Monfils,Jiri Lehecka
20250321,Hard,Novak Djokovic,Rinky Hijikata
20250321,Hard,Alejandro Tabilo,Corentin Moutet
20250321,Hard,Brandon Nakashima,Roberto Carballes Baena
20250321,Hard,Sebastian Korda,Eliot Spizzirri
20250321,Hard,Tommy Paul,Alexander Bublik
20250322,Hard,Francisco Cerundolo,Alexandre Muller
20250322,Hard,David Goffin,Carlos Alcaraz
20250322,Hard,Chak Lam Coleman Wong,Ben Shelton
20250322,Hard,Adam Walton,Luciano Darderi
20250322,Hard,Alexander Zverev,Jacob Fearnley
20250322,Hard,Taylor Fritz,Lorenzo Sonego
20250322,Hard,Tomas Machac,Matteo Arnaldi
20250322,Hard,Jordan Thompson,Giovanni Mpetshi Perricard
20250322,Hard,Denis Shapovalov,Thiago Agustin Tirante
20250322,Hard,Jakub Mensik,Jack Draper
20250322,Hard,Roman Safiullin,Alexei Popyrin
20250322,Hard,Reilly Opelka,Holger Rune
20250322,Hard,Joao Fonseca,Ugo Humbert
20250322,Hard,Zizou Bergs,Andrey Rublev
20250322,Hard,Matteo Berrettini,Hugo Gaston
20250322,Hard,Frances Tiafoe,Alejandro Davidovich Fokina
20250323,Hard,Alex de Minaur,Bu Yunchaokete
20250323,Hard,Arthur Fils,Gabriel Diallo
20250323,Hard,Grigor Dimitrov,Karen Khachanov
20250323,Hard,Lorenzo Musetti,Felix Auger-Aliassime
20250323,Hard,Sebastian Korda,Stefanos Tsitsipas
20250323,Hard,Brandon Nakashima,David Goffin
20250323,Hard,Novak Djokovic,Camilo Ugo Carabelli
20250323,Hard,Gael Monfils,Jaume Munar
20250324,Hard,Casper Ruud,Alejandro Tabilo
20250324,Hard,Francisco Cerundolo,Tommy Paul
20250324,Hard,Adam Walton,Chak Lam Coleman Wong
20250324,Hard,Tomas Machac,Reilly Opelka
20250324,Hard,Alexander Zverev,Jordan Thompson
20250324,Hard,Taylor Fritz,Denis Shapovalov
20250324,Hard,Jakub Mensik,Roman Safiullin
20250324,Hard,Arthur Fils,Frances Tiafoe
20250324,Hard,Matteo Berrettini,Zizou Bergs
20250324,Hard,Alex de Minaur,Joao Fonseca
20250325,Hard,Grigor Dimitrov,Brandon Nakashima
20250325,Hard,Sebastian Korda,Gael Monfils
20250325,Hard,Francisco Cerundolo,Casper Ruud
20250325,Hard,Novak Djokovic,Lorenzo Musetti
20250325,Hard,Matteo Berrettini,Alex de Minaur
20250325,Hard,Jakub Mensik,Tomas Machac
20250325,Hard,Taylor Fritz,Adam Walton
20250326,Hard,Arthur Fils,Alexander Zverev
20250326,Hard,Grigor Dimitrov,Francisco Cerundolo
20250327,Hard,Jakub Mensik,Arthur Fils
20250327,Hard,Novak Djokovic,Sebastian Korda
20250327,Hard,Taylor Fritz,Matteo Berrettini
20250328,Hard,Novak Djokovic,Grigor Dimitrov
20250328,Hard,Jakub Mensik,Taylor Fritz
20250331,Hard,Jakub Mensik,Novak Djokovic
20250329,Hard,Adrian Mannarino,Naoki Nakagawa
20250329,Hard,Corentin Denolly,James Trotter
20250329,Hard,Patrick Maloney,Andy Andrade
20250329,Hard,Jenson Brooksby,Federico Agustin Gomez
20250329,Hard,Patrick Zahraj,Felix Corwin
20250329,Hard,Mitchell Krueger,Toby Alex Kodat
20250329,Hard,Liam Draxl,William Grant
20250329,Hard,Colton Smith,Evan Zhu
20250330,Hard,Corentin Denolly,Adrian Mannarino
20250330,Hard,Jenson Brooksby,Patrick Maloney
20250330,Hard,Mitchell Krueger,Patrick Zahraj
20250330,Hard,Colton Smith,Liam Draxl
20250331,Hard,Cristian Garin,Alexander Ritschard
20250331,Hard,Jenson Brooksby,Taro Daniel
20250331,Hard,Alex Michelsen,Learner Tien
20250401,Hard,Corentin Denolly,Brandon Holt
20250401,Hard,Aleksandar Kovacevic,Tomas Martin Etcheverry
20250401,Hard,Adrian Mannarino,Yannick Hanfmann
20250401,Hard,Mackenzie McDonald,Daniel Elahi Galan
20250401,Hard,Adam Walton,Michael Mmoh
20250401,Hard,Colton Smith,James Duckworth
20250401,Hard,Ethan Quinn,Jordan Thompson
20250402,Hard,Christopher Eubanks,Rinky Hijikata
20250402,Hard,Kei Nishikori,Mitchell Krueger
20250402,Hard,Jenson Brooksby,Alejandro Tabilo
20250402,Hard,Colton Smith,Ethan Quinn
20250402,Hard,Tommy Paul,Cristian Garin
20250403,Hard,Aleksandar Kovacevic,Corentin Denolly
20250403,Hard,Brandon Nakashima,Mackenzie McDonald
20250403,Hard,Christopher Eubanks,Kei Nishikori
20250403,Hard,Frances Tiafoe,Adam Walton
20250404,Hard,Alex Michelsen,Adrian Mannarino
20250404,Hard,Jenson Brooksby,Aleksandar Kovacevic
20250404,Hard,Tommy Paul,Colton Smith
20250404,Hard,Brandon Nakashima,Christopher Eubanks
20250405,Hard,Frances Tiafoe,Alex Michelsen
20250405,Hard,Jenson Brooksby,Tommy Paul
20250406,Hard,Frances Tiafoe,Brandon Nakashima
20250406,Hard,Jenson Brooksby,Frances Tiafoe
20250330,Hard,Federico Coria,Giulio Zeppieri
20250330,Hard,Calvin Hemery,Alejandro Moro Canas
20250330,Hard,Titouan Droguet,Manuel Guinard
20250330,Hard,Kamil Majchrzak,Marco Trungelliti
20250330,Hard,Juan Manuel Cerundolo,Karim Bennani
20250330,Hard,Pierre-Hugues Herbert,Henrique Rocha
20250330,Hard,Harold Mayot,Aslan Karatsev
20250330,Hard,Sumit Nagal,Amine Jamji
20250331,Hard,Federico Coria,Calvin Hemery
20250331,Hard,Juan Manuel Cerundolo,Titouan Droguet
20250331,Hard,Pierre-Hugues Herbert,Harold Mayot
20250331,Hard,Kamil Majchrzak,Sumit Nagal
20250331,Hard,Roberto Carballes Baena,Taha Baadi
20250331,Hard,Raphael Collignon,Fabio Fognini
20250331,Hard,Hugo Dellien,Aleksandar Vukic
20250401,Hard,Otto Virtanen,Daniel Altmaier
20250401,Hard,Jesper de Jong,Elliot Benchetrit
20250401,Hard,Kamil Majchrzak,Jaume Munar
20250401,Hard,Mattia Bellucci,Pavel Kotov
20250401,Hard,Pablo Carreno Busta,Younes Lalami
20250401,Hard,Pierre-Hugues Herbert,Federico Coria
20250401,Hard,Hugo Gaston,Juan Manuel Cerundolo
20250402,Hard,Vit Kopriva,Borna Gojo
20250402,Hard,Luciano Darderi,Tristan Boyer
20250402,Hard,Alexandre Muller,Hugo Dellien
20250402,Hard,Kamil Majchrzak,Jesper de Jong
20250402,Hard,Roberto Carballes Baena,Otto Virtanen
20250402,Hard,Nuno Borges,Raphael Collignon
20250403,Hard,Mattia Bellucci,Pierre-Hugues Herbert
20250403,Hard,Tallon Griekspoor,Pablo Carreno Busta
20250403,Hard,Luciano Darderi,Hugo Gaston
20250403,Hard,Vit Kopriva,Lorenzo Sonego
20250404,Hard,Roberto Carballes Baena,Nuno Borges
20250404,Hard,Luciano Darderi,Vit Kopriva
20250404,Hard,Tallon Griekspoor,Mattia Bellucci
20250404,Hard,Kamil Majchrzak,Alexandre Muller
20250405,Hard,Luciano Darderi,Roberto Carballes Baena
20250405,Hard,Tallon Griekspoor,Kamil Majchrzak
20250406,Hard,Luciano Darderi,Tallon Griekspoor
20250330,Hard,Martin Klizan,Martin Landaluce
20250330,Hard,Sascha Gueymard Wayenburg,Elias Ymer
20250330,Hard,Luca Preda,Murkel Dellien
20250330,Hard,Valentin Vacherot,Nikoloz Basilashvili
20250330,Hard,Timofey Skatov,Oleg Prihodko
20250330,Hard,Radu Albot,Stefan Adrian Andreescu
20250330,Hard,Ugo Blanchet,Cezar Cretu
20250330,Hard,Filip Misolic,Matteo Martineau
20250331,Hard,Martin Klizan,Sascha Gueymard Wayenburg
20250331,Hard,Valentin Vacherot,Luca Preda
20250331,Hard,Filip Misolic,Ugo Blanchet
20250331,Hard,Timofey Skatov,Radu Albot
20250331,Hard,Mariano Navone,Laslo Djere
20250331,Hard,Filip Cristian Jianu,Nishesh Basavareddy
20250331,Hard,Richard Gasquet,Botic Van De Zandschulp
20250401,Hard,Christopher O'Connell,Dusan Lajovic
20250401,Hard,Damir Dzumhur,Valentin Vacherot
20250401,Hard,Filip Misolic,Aleksandr Shevchenko
20250401,Hard,Marton Fucsovics,Luca Nardi
20250401,Hard,Camilo Ugo Carabelli,Radu Albot
20250401,Hard,Francisco Comesana,Martin Klizan
20250401,Hard,Roberto Bautista Agut,Bu Yunchaokete
20250401,Hard,Gabriel Diallo,Chun-Hsin Tseng
20250401,Hard,Stan Wawrinka,Timofey Skatov
20250402,Hard,Filip Misolic,Camilo Ugo Carabelli
20250402,Hard,Flavio Cobolli,Richard Gasquet
20250402,Hard,Francisco Comesana,Roberto Bautista Agut
20250403,Hard,Christopher O'Connell,Nicolas Jarry
20250403,Hard,Sebastian Baez,Gabriel Diallo
20250403,Hard,Marton Fucsovics,Mariano Navone
20250403,Hard,Damir Dzumhur,Filip Cristian Jianu
20250403,Hard,Pedro Martinez,Stan Wawrinka
20250404,Hard,Marton Fucsovics,Christopher O'Connell
20250404,Hard,Sebastian Baez,Francisco Comesana
20250404,Hard,Flavio Cobolli,Filip Misolic
20250404,Hard,Damir Dzumhur,Pedro Martinez
20250405,Hard,Sebastian Baez,Marton Fucsovics
20250405,Hard,Flavio Cobolli,Damir Dzumhur
20250406,Hard,Flavio Cobolli,Sebastian Baez
20250405,Hard,Corentin Moutet,Gabriel Diallo
20250405,Hard,Daniel Altmaier,Jaume Munar
20250405,Hard,Camilo Ugo Carabelli,Hugo Gaston
20250405,Hard,Pierre-Hugues Herbert,Aleksandar Vukic
20250405,Hard,Hamad Medjedovic,Borna Gojo
20250405,Hard,Mariano Navone,Chun-Hsin Tseng
20250405,Hard,David Goffin,Yannick Hanfmann
20250405,Hard,Arthur Rinderknech,Luca Nardi
20250405,Hard,Bu Yunchaokete,Nicolai Budkov Kjaer
20250405,Hard,Albert Ramos-Vinolas,Benjamin Bonzi
20250405,Hard,Laslo Djere,Francisco Comesana
20250405,Hard,Dusan Lajovic,Alexander Bublik
20250405,Hard,Fabian Marozsan,Zizou Bergs
20250405,Hard,Mattia Bellucci,Cameron Norrie
20250406,Hard,Mariano Navone,Arthur Rinderknech
20250406,Hard,Corentin Moutet,David Goffin
20250406,Hard,Daniel Altmaier,Pierre-Hugues Herbert
20250406,Hard,Camilo Ugo Carabelli,Hamad Medjedovic
20250406,Hard,Bu Yunchaokete,Albert Ramos-Vinolas
20250406,Hard,Dusan Lajovic,Laslo Djere
20250406,Hard,Fabian Marozsan,Mattia Bellucci
20250406,Hard,Richard Gasquet,Matteo Arnaldi
20250406,Hard,Valentin Vacherot,Jan-Lennard Struff
20250406,Hard,Jordan Thompson,Giovanni Mpetshi Perricard
20250407,Hard,Marcos Giron,Denis Shapovalov
20250407,Hard,Jiri Lehecka,Sebastian Korda
20250407,Hard,Alejandro Tabilo,Stan Wawrinka
20250407,Hard,Gael Monfils,Fabian Marozsan
20250407,Hard,Daniel Altmaier,Felix Auger-Aliassime
20250407,Hard,Lorenzo Musetti,Bu Yunchaokete
20250407,Hard,Matteo Berrettini,Mariano Navone
20250407,Hard,Alexandre Muller,Camilo Ugo Carabelli
20250407,Hard,Daniil Medvedev,Karen Khachanov
20250407,Hard,Alejandro Davidovich Fokina,Ben Shelton
20250407,Hard,Francisco Cerundolo,Fabio Fognini
20250408,Hard,Grigor Dimitrov,Nicolas Jarry
20250408,Hard,Pedro Martinez,Lorenzo Sonego
20250408,Hard,Alexei Popyrin,Ugo Humbert
20250408,Hard,Roberto Bautista Agut,Brandon Nakashima
20250408,Hard,Nuno Borges,Holger Rune
20250408,Hard,Flavio Cobolli,Dusan Lajovic
20250408,Hard,Tomas Martin Etcheverry,Corentin Moutet
20250408,Hard,Matteo Berrettini,Alexander Zverev
20250408,Hard,Tomas Machac,Sebastian Baez
20250408,Hard,Arthur Fils,Tallon Griekspoor
20250408,Hard,Frances Tiafoe,Miomir Kecmanovic
20250408,Hard,Stefanos Tsitsipas,Jordan Thompson
20250408,Hard,Jack Draper,Marcos Giron
20250409,Hard,Nuno Borges,Pedro Martinez
20250409,Hard,Lorenzo Musetti,Jiri Lehecka
20250409,Hard,Alejandro Davidovich Fokina,Tomas Martin Etcheverry
20250409,Hard,Daniel Altmaier,Richard Gasquet
20250409,Hard,Arthur Fils,Flavio Cobolli
20250409,Hard,Andrey Rublev,Gael Monfils
20250409,Hard,Carlos Alcaraz,Francisco Cerundolo
20250409,Hard,Alex de Minaur,Tomas Machac
20250409,Hard,Casper Ruud,Roberto Bautista Agut
20250409,Hard,Alejandro Tabilo,Novak Djokovic
20250409,Hard,Alexei Popyrin,Frances Tiafoe
20250409,Hard,Grigor Dimitrov,Valentin Vacherot
20250409,Hard,Daniil Medvedev,Alexandre Muller
20250410,Hard,Alejandro Davidovich Fokina,Jack Draper
20250410,Hard,Arthur Fils,Andrey Rublev
20250410,Hard,Alexei Popyrin,Casper Ruud
20250410,Hard,Carlos Alcaraz,Daniel Altmaier
20250410,Hard,Lorenzo Musetti,Matteo Berrettini
20250410,Hard,Alex de Minaur,Daniil Medvedev
20250410,Hard,Stefanos Tsitsipas,Nuno Borges
20250410,Hard,Grigor Dimitrov,Alejandro Tabilo
20250411,Hard,Alejandro Davidovich Fokina,Alexei Popyrin
20250411,Hard,Carlos Alcaraz,Arthur Fils
20250411,Hard,Alex de Minaur,Grigor Dimitrov
20250411,Hard,Lorenzo Musetti,Stefanos Tsitsipas
20250412,Hard,Carlos Alcaraz,Alejandro Davidovich Fokina
20250412,Hard,Lorenzo Musetti,Alex de Minaur
20250413,Hard,Carlos Alcaraz,Lorenzo Musetti
20250412,Hard,Aleksandr Shevchenko,Rinky Hijikata
20250412,Hard,Borna Gojo,Daniel Masur
20250412,Hard,Botic Van De Zandschulp,Max Hans Rehberg
20250412,Hard,Billy Harris,Aleksandar Vukic
20250412,Hard,Chun-Hsin Tseng,Christopher O'Connell
20250412,Hard,Learner Tien,Henri Squire
20250412,Hard,Diego Dedura,Mackenzie McDonald
20250412,Hard,Alexander Bublik,Alexander Ritschard
20250413,Hard,Learner Tien,Botic Van De Zandschulp
20250413,Hard,Borna Gojo,Aleksandr Shevchenko
20250413,Hard,Alexander Bublik,Diego Dedura
20250413,Hard,Chun-Hsin Tseng,Billy Harris
20250414,Hard,Tallon Griekspoor,Learner Tien
20250414,Hard,Miomir Kecmanovic,Marcos Giron
20250414,Hard,David Goffin,Billy Harris
20250414,Hard,Ben Shelton,Borna Gojo
20250414,Hard,Alexander Zverev,Alexandre Muller
20250414,Hard,Daniel Altmaier,Chun-Hsin Tseng
20250415,Hard,Yannick Hanfmann,Jakub Mensik
20250415,Hard,Luciano Darderi,Christopher O'Connell
20250415,Hard,Botic Van De Zandschulp,Roberto Bautista Agut
20250415,Hard,Fabian Marozsan,Justin Engel
20250415,Hard,Aleksandr Shevchenko,Flavio Cobolli
20250415,Hard,Francisco Cerundolo,Jan-Lennard Struff
20250415,Hard,Ugo Humbert,Nicolas Jarry
20250415,Hard,Diego Dedura,Denis Shapovalov
20250415,Hard,Mariano Navone,Felix Auger-Aliassime
20250415,Hard,Zizou Bergs,Alexander Bublik
20250416,Hard,Luciano Darderi,Miomir Kecmanovic
20250416,Hard,Ben Shelton,Botic Van De Zandschulp
20250416,Hard,Alexander Zverev,Daniel Altmaier
20250416,Hard,Tallon Griekspoor,Yannick Hanfmann
20250417,Hard,David Goffin,Mariano Navone
20250417,Hard,Francisco Cerundolo,Aleksandr Shevchenko
20250417,Hard,Zizou Bergs,Diego Dedura
20250417,Hard,Fabian Marozsan,Ugo Humbert
20250418,Hard,Francisco Cerundolo,David Goffin
20250418,Hard,Ben Shelton,Luciano Darderi
20250418,Hard,Alexander Zverev,Tallon Griekspoor
20250418,Hard,Fabian Marozsan,Zizou Bergs
20250419,Hard,Ben Shelton,Francisco Cerundolo
20250419,Hard,Alexander Zverev,Fabian Marozsan
20250420,Hard,Alexander Zverev,Ben Shelton
20250412,Hard,Jacob Fearnley,Leo Borg
20250412,Hard,Daniel Rincon,Benjamin Bonzi
20250412,Hard,Laslo Djere,Federico Coria
20250412,Hard,Daniel Elahi Galan,Nikoloz Basilashvili
20250412,Hard,Cameron Norrie,Hugo Gaston
20250412,Hard,Damir Dzumhur,Max Alcala Gurri
20250412,Hard,Jesper de Jong,Lloyd Harris
20250412,Hard,Hamad Medjedovic,Hugo Dellien
20250412,Hard,Gabriel Diallo,Martin Landaluce
20250412,Hard,Borna Coric,Mattia Bellucci
20250412,Hard,Arthur Rinderknech,Jozef Kovalik
20250412,Hard,Ethan Quinn,Corentin Moutet
20250413,Hard,Laslo Djere,Daniel Rincon
20250413,Hard,Daniel Elahi Galan,Jacob Fearnley
20250413,Hard,Cameron Norrie,Damir Dzumhur
20250413,Hard,Hamad Medjedovic,Gabriel Diallo
20250413,Hard,Jesper de Jong,Arthur Rinderknech
20250413,Hard,Ethan Quinn,Borna Coric
20250414,Hard,Pedro Martinez,Brandon Nakashima
20250414,Hard,Sebastian Korda,Matteo Arnaldi
20250414,Hard,Jacob Fearnley,Roberto Carballes Baena
20250414,Hard,Hamad Medjedovic,Giovanni Mpetshi Perricard
20250414,Hard,Holger Rune,Albert Ramos-Vinolas
20250414,Hard,Andrey Rublev,Jesper de Jong
20250415,Hard,Sebastian Baez,Damir Dzumhur
20250415,Hard,Arthur Fils,Pablo Carreno Busta
20250415,Hard,Stefanos Tsitsipas,Reilly Opelka
20250415,Hard,Casper Ruud,Daniel Elahi Galan
20250415,Hard,Laslo Djere,Arthur Rinderknech
20250415,Hard,Alex de Minaur,Tomas Martin Etcheverry
20250415,Hard,Jaume Munar,Frances Tiafoe
20250415,Hard,Carlos Alcaraz,Ethan Quinn
20250415,Hard,Karen Khachanov,Cameron Norrie
20250415,Hard,Alejandro Davidovich Fokina,Stan Wawrinka
20250416,Hard,Arthur Fils,Pedro Martinez
20250416,Hard,Holger Rune,Sebastian Baez
20250416,Hard,Stefanos Tsitsipas,Sebastian Korda
20250416,Hard,Casper Ruud,Hamad Medjedovic
20250417,Hard,Karen Khachanov,Jaume Munar
20250417,Hard,Alejandro Davidovich Fokina,Andrey Rublev
20250417,Hard,Carlos Alcaraz,Laslo Djere
20250417,Hard,Alex de Minaur,Jacob Fearnley
20250418,Hard,Karen Khachanov,Alejandro Davidovich Fokina
20250418,Hard,Holger Rune,Casper Ruud
20250418,Hard,Carlos Alcaraz,Alex de Minaur
20250418,Hard,Arthur Fils,Stefanos Tsitsipas
20250419,Hard,Holger Rune,Karen Khachanov
20250419,Hard,Carlos Alcaraz,Arthur Fils
20250420,Hard,Holger Rune,Carlos Alcaraz
20250421,Hard,Kaitlin Quevedo,Nuria Parrizas Diaz
20250421,Hard,Anna Blinkova,Neus Torner Sensano
20250421,Hard,Maya Joint,Sara Errani
20250421,Hard,Jil Teichmann,Yanina Wickmayer
20250421,Hard,Elisabetta Cocciaretto,Priscilla Hon
20250421,Hard,Zeynep Sonmez,Leyre Romero Gormaz
20250421,Hard,Diane Parry,Oksana Selekhmeteva
20250421,Hard,Varvara Lepchenko,Harriet Dart
20250421,Hard,Jana Fett,Kamilla Rakhimova
20250421,Hard,Antonia Ruzic,Ariana Geerlings
20250421,Hard,Aliaksandra Sasnovich,Mirjam Bjorklund
20250421,Hard,Tyra Caterina Grant,Tatjana Maria
20250421,Hard,Yuliia Starodubtseva,Chloe Paquet
20250421,Hard,Elsa Jacquemot,Anca Todoni
20250421,Hard,Rebeka Masarova,Arantxa Rus
20250421,Hard,Maria Lourdes Carle,Daria Snigur
20250421,Hard,Sara Bejlek,Anna Bondar
20250421,Hard,Bernarda Pera,Ruth Roura Llaverias
20250421,Hard,Teodora Kostovic,Elena-Gabriela Ruse
20250421,Hard,Lucrezia Stefanini,Erika Andreeva
20250421,Hard,Cristina Bucsa,Maja Chwalinska
20250421,Hard,Panna Udvardy,Olivia Gadecki
20250421,Hard,Francesca Jones,Laura Siegemund
20250421,Hard,Jule Niemeier,Anastasia Zakharova
20250422,Hard,Anna Blinkova,Kaitlin Quevedo
20250422,Hard,Maya Joint,Jil Teichmann
20250422,Hard,Diane Parry,Elisabetta Cocciaretto
20250422,Hard,Alexandra Eala,Viktoriya Tomova
20250422,Hard,Caroline Dolehide,Elina Avanesyan
20250422,Hard,Lucia Bronzetti,Naomi Osaka
20250422,Hard,Aliaksandra Sasnovich,Tyra Caterina Grant
20250422,Hard,Jana Fett,Antonia Ruzic
20250422,Hard,Marie Bouzkova,Renata Zarazua
20250422,Hard,Zeynep Sonmez,Varvara Lepchenko
20250422,Hard,Yuliia Starodubtseva,Elsa Jacquemot
20250422,Hard,Rebeka Masarova,Sara Bejlek
20250422,Hard,Teodora Kostovic,Lucrezia Stefanini
20250422,Hard,Jessica Bouzas Maneiro,Mayar Sherif
20250422,Hard,Hailey Baptiste,Sorana Cirstea
20250422,Hard,Maria Lourdes Carle,Bernarda Pera
20250422,Hard,Katie Boulter,Katerina Siniakova
20250422,Hard,Francesca Jones,Cristina Bucsa
20250422,Hard,Panna Udvardy,Jule Niemeier
20250422,Hard,Lulu Sun,Varvara Gracheva
20250422,Hard,Camila Osorio,Emiliana Arango
20250422,Hard,Peyton Stearns,Kimberly Birrell
20250423,Hard,Ann Li,Aliaksandra Sasnovich
20250423,Hard,Diane Parry,Irina-Camelia Begu
20250423,Hard,Maya Joint,Carlota Martinez Cirez
20250423,Hard,Anastasija Sevastova,Anastasia Pavlyuchenkova
20250423,Hard,Katie Volynets,Petra Kvitova
20250423,Hard,Bernarda Pera,Jana Fett
20250423,Hard,Alycia Parks,Victoria Jimenez Kasintseva
20250423,Hard,Belinda Bencic,Zeynep Sonmez
20250423,Hard,Maria Lourdes Carle,Rebecca Sramkova
20250423,Hard,Maria Sakkari,Wang Xinyu
20250423,Hard,Emma Raducanu,Suzan Lamens
20250423,Hard,Rebeka Masarova,Ajla Tomljanovic
20250423,Hard,Anna Blinkova,Panna Udvardy
20250423,Hard,Yuliia Starodubtseva,Linda Fruhvirtova
20250423,Hard,Anastasia Potapova,Ashlyn Krueger
20250423,Hard,Veronika Kudermetova,Polina Kudermetova
20250423,Hard,Moyuka Uchijima,Robin Montgomery
20250423,Hard,Dayana Yastremska,Francesca Jones
20250423,Hard,Eva Lys,Teodora Kostovic
20250423,Hard,Olga Danilovic,Victoria Azarenka
20250423,Hard,Bianca Andreescu,McCartney Kessler
20250423,Hard,Sonay Kartal,Jaqueline Cristian
20250424,Hard,Belinda Bencic,Clara Tauson
20250424,Hard,Magdalena Frech,Jessica Bouzas Maneiro
20250424,Hard,Liudmila Samsonova,Caroline Dolehide
20250424,Hard,Donna Vekic,Hailey Baptiste
20250424,Hard,Anna Kalinskaya,Diane Parry
20250424,Hard,Beatriz Haddad Maia,Bernarda Pera
20250424,Hard,Mirra Andreeva,Marie Bouzkova
20250424,Hard,Emma Navarro,Maya Joint
20250424,Hard,Diana Shnaider,Katie Volynets
20250424,Hard,Linda Noskova,Maria Lourdes Carle
20250424,Hard,Iga Swiatek,Alexandra Eala
20250424,Hard,Anastasija Sevastova,Jelena Ostapenko
20250424,Hard,Yuliia Starodubtseva,Elisabetta Cocciaretto
20250424,Hard,Ann Li,Leylah Fernandez
20250424,Hard,Madison Keys,Lucia Bronzetti
20250424,Hard,Coco Gauff,Dayana Yastremska
20250425,Hard,Daria Kasatkina,Alycia Parks
20250425,Hard,Veronika Kudermetova,Cristina Bucsa
20250425,Hard,Maria Sakkari,Magda Linette
20250425,Hard,Jasmine Paolini,Katie Boulter
20250425,Hard,Aryna Sabalenka,Anna Blinkova
20250425,Hard,Moyuka Uchijima,Ons Jabeur
20250425,Hard,Ekaterina Alexandrova,Olga Danilovic
20250425,Hard,Peyton Stearns,Amanda Anisimova
20250425,Hard,Sofia Kenin,Lulu Sun
20250425,Hard,Elise Mertens,Camila Osorio
20250425,Hard,Anastasia Potapova,Zheng Qinwen
20250425,Hard,Elina Svitolina,Sonay Kartal
20250425,Hard,Marta Kostyuk,Emma Raducanu
20250425,Hard,Rebeka Masarova,Yulia Putintseva
20250425,Hard,Jessica Pegula,Eva Lys
20250425,Hard,Elena Rybakina,Bianca Andreescu
20250426,Hard,Mirra Andreeva,Magdalena Frech
20250426,Hard,Diana Shnaider,Anastasija Sevastova
20250426,Hard,Yuliia Starodubtseva,Liudmila Samsonova
20250426,Hard,Madison Keys,Anna Kalinskaya
20250426,Hard,Belinda Bencic,Beatriz Haddad Maia
20250426,Hard,Coco Gauff,Ann Li
20250426,Hard,Iga Swiatek,Linda Noskova
20250426,Hard,Donna Vekic,Emma Navarro
20250427,Hard,Aryna Sabalenka,Elise Mertens
20250427,Hard,Marta Kostyuk,Veronika Kudermetova
20250427,Hard,Maria Sakkari,Jasmine Paolini
20250427,Hard,Anastasia Potapova,Sofia Kenin
20250427,Hard,Moyuka Uchijima,Jessica Pegula
20250427,Hard,Peyton Stearns,Rebeka Masarova
20250427,Hard,Elina Svitolina,Elena Rybakina
20250427,Hard,Ekaterina Alexandrova,Daria Kasatkina
20250428,Hard,Mirra Andreeva,Yuliia Starodubtseva
20250428,Hard,Coco Gauff,Belinda Bencic
20250429,Hard,Iga Swiatek,Diana Shnaider
20250429,Hard,Madison Keys,Donna Vekic
20250429,Hard,Elina Svitolina,Maria Sakkari
20250429,Hard,Moyuka Uchijima,Ekaterina Alexandrova
20250429,Hard,Aryna Sabalenka,Peyton Stearns
20250429,Hard,Marta Kostyuk,Anastasia Potapova
20250430,Hard,Iga Swiatek,Madison Keys
20250430,Hard,Coco Gauff,Mirra Andreeva
20250430,Hard,Elina Svitolina,Moyuka Uchijima
20250430,Hard,Aryna Sabalenka,Marta Kostyuk
20250501,Hard,Coco Gauff,Iga Swiatek
20250501,Hard,Aryna Sabalenka,Elina Svitolina
20250503,Hard,Aryna Sabalenka,Coco Gauff
20250421,Hard,Harold Mayot,Aleksandr Shevchenko
20250421,Hard,Tristan Boyer,Jesper de Jong
20250421,Hard,Juan Manuel Cerundolo,Thiago Seyboth Wild
20250421,Hard,Botic Van De Zandschulp,Moise Kouame
20250421,Hard,Hugo Dellien,Adrian Mannarino
20250421,Hard,Jacob Fearnley,Pavel Kotov
20250421,Hard,Cristian Garin,Chun-Hsin Tseng
20250421,Hard,Borna Gojo,Marton Fucsovics
20250421,Hard,Jerome Kym,Mackenzie McDonald
20250421,Hard,Vit Kopriva,Roman Andres Burruchaga
20250421,Hard,Valentin Royer,Taro Daniel
20250421,Hard,Dusan Lajovic,Thiago Agustin Tirante
20250421,Hard,Daniel Altmaier,Luca Van Assche
20250421,Hard,Gabriel Diallo,Nicolas Moreno De Alboran
20250421,Hard,Borna Coric,Otto Virtanen
20250421,Hard,Daniel Elahi Galan,Diego Dedura
20250421,Hard,Luca Nardi,Manas Dhamne
20250421,Hard,Fabio Fognini,Alexander Ritschard
20250421,Hard,Elmer Moller,Nishesh Basavareddy
20250421,Hard,Kamil Majchrzak,Darwin Blanch
20250421,Hard,Hugo Gaston,Yannick Hanfmann
20250421,Hard,Rinky Hijikata,Lloyd Harris
20250421,Hard,Ethan Quinn,Billy Harris
20250421,Hard,Thiago Monteiro,Mitchell Krueger
20250422,Hard,Juan Manuel Cerundolo,Botic Van De Zandschulp
20250422,Hard,Harold Mayot,Tristan Boyer
20250422,Hard,Jacob Fearnley,Hugo Dellien
20250422,Hard,Dusan Lajovic,Cristian Garin
20250422,Hard,Vit Kopriva,Valentin Royer
20250422,Hard,Borna Gojo,Jerome Kym
20250422,Hard,Borna Coric,Gabriel Diallo
20250422,Hard,Hugo Gaston,Luca Nardi
20250422,Hard,Daniel Altmaier,Daniel Elahi Galan
20250422,Hard,Ethan Quinn,Thiago Monteiro
20250422,Hard,Elmer Moller,Kamil Majchrzak
20250422,Hard,Fabio Fognini,Rinky Hijikata
20250423,Hard,Mariano Navone,Giovanni Mpetshi Perricard
20250423,Hard,Federico Cina,Chak Lam Coleman Wong
20250423,Hard,Arthur Rinderknech,Roman Safiullin
20250423,Hard,Christopher O'Connell,Camilo Ugo Carabelli
20250423,Hard,Benjamin Bonzi,Marin Cilic
20250423,Hard,Nuno Borges,Pablo Carreno Busta
20250423,Hard,Harold Mayot,Corentin Moutet
20250423,Hard,Ethan Quinn,Dusan Lajovic
20250423,Hard,Roberto Bautista Agut,Jaume Munar
20250423,Hard,Sebastian Ofner,Hugo Gaston
20250423,Hard,Francisco Comesana,Pedro Martinez
20250423,Hard,Laslo Djere,Fabio Fognini
20250423,Hard,Juan Manuel Cerundolo,Aleksandar Kovacevic
20250423,Hard,Alexander Bublik,Alex Michelsen
20250423,Hard,Gael Monfils,Borna Gojo
20250423,Hard,Flavio Cobolli,Fabian Marozsan
20250424,Hard,Alexandre Muller,David Goffin
20250424,Hard,Damir Dzumhur,Mattia Bellucci
20250424,Hard,Kei Nishikori,Aleksandar Vukic
20250424,Hard,Tomas Martin Etcheverry,Hamad Medjedovic
20250424,Hard,Gabriel Diallo,Zizou Bergs
20250424,Hard,Lorenzo Sonego,Miomir Kecmanovic
20250424,Hard,Luciano Darderi,Quentin Halys
20250424,Hard,Nicolas Jarry,Daniel Altmaier
20250424,Hard,Cameron Norrie,Martin Landaluce
20250424,Hard,Matteo Arnaldi,Borna Coric
20250424,Hard,Jan-Lennard Struff,Botic Van De Zandschulp
20250424,Hard,Joao Fonseca,Elmer Moller
20250424,Hard,Marcos Giron,Learner Tien
20250424,Hard,Tallon Griekspoor,Vit Kopriva
20250424,Hard,Reilly Opelka,Rinky Hijikata
20250424,Hard,Jacob Fearnley,Bu Yunchaokete
20250425,Hard,Benjamin Bonzi,Hubert Hurkacz
20250425,Hard,Francisco Cerundolo,Harold Mayot
20250425,Hard,Francisco Comesana,Arthur Fils
20250425,Hard,Casper Ruud,Arthur Rinderknech
20250425,Hard,Daniil Medvedev,Laslo Djere
20250425,Hard,Juan Manuel Cerundolo,Felix Auger-Aliassime
20250425,Hard,Alexander Bublik,Alexei Popyrin
20250425,Hard,Sebastian Korda,Federico Cina
20250425,Hard,Jakub Mensik,Ethan Quinn
20250425,Hard,Alexander Zverev,Roberto Bautista Agut
20250425,Hard,Taylor Fritz,Christopher O'Connell
20250425,Hard,Brandon Nakashima,Sebastian Ofner
20250425,Hard,Ben Shelton,Mariano Navone
20250425,Hard,Andrey Rublev,Gael Monfils
20250425,Hard,Alejandro Davidovich Fokina,Nuno Borges
20250425,Hard,Flavio Cobolli,Holger Rune
20250426,Hard,Denis Shapovalov,Kei Nishikori
20250426,Hard,Lorenzo Musetti,Tomas Martin Etcheverry
20250426,Hard,Damir Dzumhur,Sebastian Baez
20250426,Hard,Cameron Norrie,Jiri Lehecka
20250426,Hard,Alex de Minaur,Lorenzo Sonego
20250426,Hard,Gabriel Diallo,Kamil Majchrzak
20250426,Hard,Stefanos Tsitsipas,Jan-Lennard Struff
20250426,Hard,Matteo Arnaldi,Novak Djokovic
20250426,Hard,Jacob Fearnley,Tomas Machac
20250426,Hard,Grigor Dimitrov,Nicolas Jarry
20250426,Hard,Alexandre Muller,Ugo Humbert
20250426,Hard,Matteo Berrettini,Marcos Giron
20250426,Hard,Jack Draper,Tallon Griekspoor
20250426,Hard,Frances Tiafoe,Luciano Darderi
20250426,Hard,Karen Khachanov,Reilly Opelka
20250426,Hard,Tommy Paul,Joao Fonseca
20250427,Hard,Alexander Bublik,Andrey Rublev
20250427,Hard,Brandon Nakashima,Flavio Cobolli
20250427,Hard,Alexander Zverev,Alejandro Davidovich Fokina
20250427,Hard,Daniil Medvedev,Juan Manuel Cerundolo
20250427,Hard,Taylor Fritz,Benjamin Bonzi
20250427,Hard,Jakub Mensik,Ben Shelton
20250427,Hard,Francisco Cerundolo,Francisco Comesana
20250427,Hard,Casper Ruud,Sebastian Korda
20250428,Hard,Matteo Arnaldi,Damir Dzumhur
20250429,Hard,Tommy Paul,Karen Khachanov
20250429,Hard,Frances Tiafoe,Alexandre Muller
20250429,Hard,Alex de Minaur,Denis Shapovalov
20250429,Hard,Gabriel Diallo,Cameron Norrie
20250429,Hard,Jakub Mensik,Alexander Bublik
20250429,Hard,Grigor Dimitrov,Jacob Fearnley
20250429,Hard,Jack Draper,Matteo Berrettini
20250429,Hard,Lorenzo Musetti,Stefanos Tsitsipas
20250429,Hard,Francisco Cerundolo,Alexander Zverev
20250429,Hard,Daniil Medvedev,Brandon Nakashima
20250429,Hard,Casper Ruud,Taylor Fritz
20250430,Hard,Matteo Arnaldi,Frances Tiafoe
20250430,Hard,Jack Draper,Tommy Paul
20250430,Hard,Gabriel Diallo,Grigor Dimitrov
20250430,Hard,Lorenzo Musetti,Alex de Minaur
20250501,Hard,Casper Ruud,Daniil Medvedev
20250501,Hard,Francisco Cerundolo,Jakub Mensik
20250501,Hard,Jack Draper,Matteo Arnaldi
20250501,Hard,Lorenzo Musetti,Gabriel Diallo
20250502,Hard,Casper Ruud,Francisco Cerundolo
20250502,Hard,Jack Draper,Lorenzo Musetti
20250504,Hard,Casper Ruud,Jack Draper
20250505,Hard,Wang Xiyu,Bernarda Pera
20250505,Hard,Arantxa Rus,Anastasia Abbagnato
20250505,Hard,Maja Chwalinska,Yuliia Starodubtseva
20250505,Hard,Jule Niemeier,Tatjana Maria
20250505,Hard,Maria Sakkari,Chloe Paquet
20250505,Hard,Antonia Ruzic,Yuan Yue
20250505,Hard,Katie Volynets,Aliaksandra Sasnovich
20250505,Hard,Varvara Lepchenko,Erika Andreeva
20250505,Hard,Ajla Tomljanovic,Angelica Raggi
20250505,Hard,Victoria Mboko,Cristina Bucsa
20250505,Hard,Emiliana Arango,Marina Stakusic
20250505,Hard,Olivia Gadecki,Nicole Fossa Huergo
20250505,Hard,Laura Siegemund,Daria Saville
20250505,Hard,Elena-Gabriela Ruse,Solana Sierra
20250505,Hard,Jil Teichmann,Federica Di Sarra
20250505,Hard,Anca Todoni,Harriet Dart
20250505,Hard,Kamilla Rakhimova,Leyre Romero Gormaz
20250505,Hard,Ella Seidel,Zeynep Sonmez
20250505,Hard,Hailey Baptiste,Storm Hunter
20250505,Hard,Viktorija Golubic,Yanina Wickmayer
20250505,Hard,Leolia Jeanjean,Anastasia Zakharova
20250505,Hard,Anna Blinkova,Lisa Pigato
20250505,Hard,Anna Bondar,Alize Cornet
20250505,Hard,Maya Joint,Maria Lourdes Carle
20250506,Hard,Arantxa Rus,Wang Xiyu
20250506,Hard,Maria Sakkari,Maja Chwalinska
20250506,Hard,Katie Volynets,Varvara Lepchenko
20250506,Hard,Antonia Ruzic,Jule Niemeier
20250506,Hard,Jessica Bouzas Maneiro,Ann Li
20250506,Hard,Elena-Gabriela Ruse,Laura Siegemund
20250506,Hard,Ajla Tomljanovic,Olivia Gadecki
20250506,Hard,Victoria Mboko,Kamilla Rakhimova
20250506,Hard,Hailey Baptiste,Jil Teichmann
20250506,Hard,Lulu Sun,Giorgia Pedone
20250506,Hard,Petra Kvitova,Irina-Camelia Begu
20250506,Hard,Jaqueline Cristian,Alycia Parks
20250506,Hard,Anna Blinkova,Anca Todoni
20250506,Hard,Emiliana Arango,Leolia Jeanjean
20250506,Hard,Suzan Lamens,Renata Zarazua
20250506,Hard,Lucia Bronzetti,Anastasija Sevastova
20250506,Hard,Rebecca Sramkova,McCartney Kessler
20250506,Hard,Anna Bondar,Ella Seidel
20250506,Hard,Maya Joint,Viktorija Golubic
20250506,Hard,Peyton Stearns,Nuria Brancaccio
20250506,Hard,Sonay Kartal,Kimberly Birrell
20250506,Hard,Marie Bouzkova,Mayar Sherif
20250507,Hard,Naomi Osaka,Sara Errani
20250507,Hard,Kamilla Rakhimova,Wang Xinyu
20250507,Hard,Victoria Azarenka,Camila Osorio
20250507,Hard,Caroline Dolehide,Olivia Gadecki
20250507,Hard,Varvara Gracheva,Ajla Tomljanovic
20250507,Hard,Victoria Mboko,Arianna Zucchini
20250507,Hard,Elena-Gabriela Ruse,Polina Kudermetova
20250507,Hard,Elisabetta Cocciaretto,Elina Avanesyan
20250507,Hard,Ashlyn Krueger,Anna Bondar
20250507,Hard,Hailey Baptiste,Anna Blinkova
20250507,Hard,Bianca Andreescu,Federica Urgesi
20250507,Hard,Veronika Kudermetova,Lucrezia Stefanini
20250507,Hard,Anastasia Pavlyuchenkova,Katie Boulter
20250507,Hard,Eva Lys,Moyuka Uchijima
20250507,Hard,Maria Sakkari,Belinda Bencic
20250507,Hard,Emiliana Arango,Viktoriya Tomova
20250507,Hard,Antonia Ruzic,Tyra Caterina Grant
20250507,Hard,Olga Danilovic,Katerina Siniakova
20250507,Hard,Emma Raducanu,Maya Joint
20250507,Hard,Anastasia Potapova,Dayana Yastremska
20250507,Hard,Katie Volynets,Arantxa Rus
20250507,Hard,Marta Kostyuk,Alexandra Eala
20250508,Hard,Ons Jabeur,Petra Kvitova
20250508,Hard,Jaqueline Cristian,Yulia Putintseva
20250508,Hard,Naomi Osaka,Viktorija Golubic
20250508,Hard,Diana Shnaider,Caroline Dolehide
20250508,Hard,Jelena Ostapenko,Rebecca Sramkova
20250508,Hard,Elise Mertens,Suzan Lamens
20250508,Hard,Peyton Stearns,Anna Kalinskaya
20250508,Hard,Iga Swiatek,Elisabetta Cocciaretto
20250508,Hard,Jasmine Paolini,Lulu Sun
20250508,Hard,Danielle Collins,Elena-Gabriela Ruse
20250508,Hard,Hailey Baptiste,Liudmila Samsonova
20250508,Hard,Jessica Pegula,Ashlyn Krueger
20250508,Hard,Elina Svitolina,Jessica Bouzas Maneiro
20250508,Hard,Madison Keys,Varvara Gracheva
20250508,Hard,Marie Bouzkova,Beatriz Haddad Maia
20250508,Hard,Laura Siegemund,Lucia Bronzetti
20250509,Hard,Aryna Sabalenka,Anastasia Potapova
20250509,Hard,Sofia Kenin,Anastasia Pavlyuchenkova
20250509,Hard,Magda Linette,Maria Sakkari
20250509,Hard,Clara Tauson,Katie Volynets
20250509,Hard,Magdalena Frech,Victoria Azarenka
20250509,Hard,Zheng Qinwen,Olga Danilovic
20250509,Hard,Linda Noskova,Sonay Kartal
20250509,Hard,Veronika Kudermetova,Amanda Anisimova
20250509,Hard,Mirra Andreeva,Emiliana Arango
20250509,Hard,Emma Raducanu,Jil Teichmann
20250509,Hard,Marta Kostyuk,Daria Kasatkina
20250509,Hard,Emma Navarro,Kamilla Rakhimova
20250509,Hard,Leylah Fernandez,Antonia Ruzic
20250509,Hard,Elena Rybakina,Eva Lys
20250509,Hard,Coco Gauff,Victoria Mboko
20250509,Hard,Bianca Andreescu,Donna Vekic
20250510,Hard,Peyton Stearns,Madison Keys
20250510,Hard,Diana Shnaider,Jaqueline Cristian
20250510,Hard,Danielle Collins,Iga Swiatek
20250510,Hard,Elina Svitolina,Hailey Baptiste
20250510,Hard,Jasmine Paolini,Ons Jabeur
20250510,Hard,Jelena Ostapenko,Laura Siegemund
20250510,Hard,Naomi Osaka,Marie Bouzkova
20250510,Hard,Elise Mertens,Jessica Pegula
20250511,Hard,Marta Kostyuk,Leylah Fernandez
20250511,Hard,Aryna Sabalenka,Sofia Kenin
20250511,Hard,Emma Raducanu,Veronika Kudermetova
20250511,Hard,Coco Gauff,Magda Linette
20250511,Hard,Bianca Andreescu,Elena Rybakina
20250511,Hard,Clara Tauson,Emma Navarro
20250511,Hard,Zheng Qinwen,Magdalena Frech
20250511,Hard,Mirra Andreeva,Linda Noskova
20250512,Hard,Peyton Stearns,Naomi Osaka
20250512,Hard,Diana Shnaider,Elise Mertens
20250512,Hard,Jasmine Paolini,Jelena Ostapenko
20250512,Hard,Coco Gauff,Emma Raducanu
20250512,Hard,Elina Svitolina,Danielle Collins
20250512,Hard,Mirra Andreeva,Clara Tauson
20250512,Hard,Zheng Qinwen,Bianca Andreescu
20250512,Hard,Aryna Sabalenka,Marta Kostyuk
20250513,Hard,Jasmine Paolini,Diana Shnaider
20250513,Hard,Peyton Stearns,Elina Svitolina
20250514,Hard,Coco Gauff,Mirra Andreeva
20250514,Hard,Zheng Qinwen,Aryna Sabalenka
20250515,Hard,Jasmine Paolini,Peyton Stearns
20250515,Hard,Coco Gauff,Zheng Qinwen
20250517,Hard,Jasmine Paolini,Coco Gauff
20250505,Hard,Jaime Faria,Jerome Kym
20250505,Hard,Carlos Taberner,Adrian Mannarino
20250505,Hard,Sebastian Ofner,Kamil Majchrzak
20250505,Hard,Yannick Hanfmann,Taro Daniel
20250505,Hard,Vit Kopriva,Dalibor Svrcina
20250505,Hard,Pablo Carreno Busta,Thiago Agustin Tirante
20250505,Hard,Jesper de Jong,Harold Mayot
20250505,Hard,Aleksandr Shevchenko,Juan Pablo Ficovich
20250505,Hard,Marton Fucsovics,Stefano Napolitano
20250505,Hard,Roman Andres Burruchaga,Daniel Elahi Galan
20250505,Hard,Nishesh Basavareddy,Mitchell Krueger
20250505,Hard,Thiago Seyboth Wild,Pierluigi Basile
20250505,Hard,Cameron Norrie,Jacopo Vasami
20250505,Hard,Dusan Lajovic,Ethan Quinn
20250505,Hard,Otto Virtanen,Tristan Boyer
20250505,Hard,Giulio Zeppieri,Pavel Kotov
20250505,Hard,Hugo Dellien,Marc-Andrea Huesler
20250505,Hard,Nicolas Moreno De Alboran,Raphael Collignon
20250505,Hard,Vilius Gaubas,Eliot Spizzirri
20250505,Hard,Chun-Hsin Tseng,Gabriele Piraino
20250505,Hard,Juan Manuel Cerundolo,Pierre-Hugues Herbert
20250505,Hard,Valentin Royer,Federico Agustin Gomez
20250505,Hard,Federico Arnaboldi,Thiago Monteiro
20250505,Hard,Tomas Barrios Vera,Billy Harris
20250506,Hard,Sebastian Ofner,Yannick Hanfmann
20250506,Hard,Roman Andres Burruchaga,Pablo Carreno Busta
20250506,Hard,Aleksandr Shevchenko,Marton Fucsovics
20250506,Hard,Carlos Taberner,Jaime Faria
20250506,Hard,Thiago Seyboth Wild,Jesper de Jong
20250506,Hard,Vit Kopriva,Nishesh Basavareddy
20250506,Hard,Nicolas Moreno De Alboran,Giulio Zeppieri
20250506,Hard,Otto Virtanen,Federico Arnaboldi
20250506,Hard,Dusan Lajovic,Cameron Norrie
20250506,Hard,Vilius Gaubas,Hugo Dellien
20250506,Hard,Chun-Hsin Tseng,Juan Manuel Cerundolo
20250506,Hard,Tomas Barrios Vera,Valentin Royer
20250507,Hard,Jordan Thompson,Giovanni Mpetshi Perricard
20250507,Hard,Alexandre Muller,Jiri Lehecka
20250507,Hard,Corentin Moutet,Rinky Hijikata
20250507,Hard,Francisco Comesana,Daniel Altmaier
20250507,Hard,Camilo Ugo Carabelli,Pablo Carreno Busta
20250507,Hard,Carlos Taberner,Aleksandar Kovacevic
20250507,Hard,Tallon Griekspoor,Miomir Kecmanovic
20250507,Hard,Vit Kopriva,Quentin Halys
20250507,Hard,Roman Andres Burruchaga,Lorenzo Sonego
20250507,Hard,Dusan Lajovic,Yoshihito Nishioka
20250507,Hard,Cameron Norrie,Christopher O'Connell
20250507,Hard,Francesco Passaro,Chun-Hsin Tseng
20250507,Hard,Laslo Djere,Tomas Martin Etcheverry
20250507,Hard,Otto Virtanen,Hamad Medjedovic
20250507,Hard,Vilius Gaubas,Damir Dzumhur
20250507,Hard,Luciano Darderi,Bu Yunchaokete
20250508,Hard,Aleksandar Vukic,Nicolas Moreno De Alboran
20250508,Hard,Jesper de Jong,Aleksandr Shevchenko
20250508,Hard,Nicolas Jarry,Hugo Gaston
20250508,Hard,Roberto Bautista Agut,Matteo Arnaldi
20250508,Hard,Mariano Navone,Federico Cina
20250508,Hard,Fabian Marozsan,Joao Fonseca
20250508,Hard,Thiago Seyboth Wild,Nuno Borges
20250508,Hard,Jaume Munar,Tomas Barrios Vera
20250508,Hard,Luca Nardi,Flavio Cobolli
20250508,Hard,Matteo Gigante,Arthur Rinderknech
20250508,Hard,Alexander Bublik,Roman Safiullin
20250508,Hard,Marcos Giron,Gabriel Diallo
20250508,Hard,Sebastian Ofner,Roberto Carballes Baena
20250508,Hard,Pedro Martinez,Mattia Bellucci
20250508,Hard,Jacob Fearnley,Fabio Fognini
20250508,Hard,Learner Tien,Reilly Opelka
20250509,Hard,Brandon Nakashima,Jordan Thompson
20250509,Hard,Arthur Fils,Tallon Griekspoor
20250509,Hard,Francesco Passaro,Grigor Dimitrov
20250509,Hard,Karen Khachanov,Roman Andres Burruchaga
20250509,Hard,Alexei Popyrin,Carlos Taberner
20250509,Hard,Carlos Alcaraz,Dusan Lajovic
20250509,Hard,Stefanos Tsitsipas,Alexandre Muller
20250509,Hard,Lorenzo Musetti,Otto Virtanen
20250509,Hard,Laslo Djere,Alex Michelsen
20250509,Hard,Daniil Medvedev,Cameron Norrie
20250509,Hard,Corentin Moutet,Ugo Humbert
20250509,Hard,Vit Kopriva,Sebastian Baez
20250509,Hard,Vilius Gaubas,Denis Shapovalov
20250509,Hard,Holger Rune,Francisco Comesana
20250509,Hard,Jack Draper,Luciano Darderi
20250509,Hard,Alexander Zverev,Camilo Ugo Carabelli
20250510,Hard,Matteo Berrettini,Jacob Fearnley
20250510,Hard,Sebastian Ofner,Frances Tiafoe
20250510,Hard,Tommy Paul,Roberto Bautista Agut
20250510,Hard,Fabian Marozsan,Andrey Rublev
20250510,Hard,Tomas Machac,Learner Tien
20250510,Hard,Sebastian Korda,Aleksandar Vukic
20250510,Hard,Hubert Hurkacz,Pedro Martinez
20250510,Hard,Casper Ruud,Alexander Bublik
20250510,Hard,Marcos Giron,Taylor Fritz
20250510,Hard,Jesper de Jong,Alejandro Davidovich Fokina
20250510,Hard,Jakub Mensik,Matteo Gigante
20250510,Hard,Francisco Cerundolo,Nicolas Jarry
20250510,Hard,Hugo Dellien,Thiago Seyboth Wild
20250510,Hard,Jaume Munar,Ben Shelton
20250510,Hard,Jannik Sinner,Mariano Navone
20250510,Hard,Alex de Minaur,Luca Nardi
20250511,Hard,Daniil Medvedev,Alexei Popyrin
20250511,Hard,Arthur Fils,Stefanos Tsitsipas
20250511,Hard,Corentin Moutet,Holger Rune
20250511,Hard,Lorenzo Musetti,Brandon Nakashima
20250511,Hard,Alexander Zverev,Vilius Gaubas
20250511,Hard,Jack Draper,Vit Kopriva
20250511,Hard,Karen Khachanov,Francesco Passaro
20250511,Hard,Carlos Alcaraz,Laslo Djere
20250512,Hard,Tommy Paul,Tomas Machac
20250512,Hard,Alex de Minaur,Hugo Dellien
20250512,Hard,Jakub Mensik,Fabian Marozsan
20250512,Hard,Hubert Hurkacz,Marcos Giron
20250512,Hard,Francisco Cerundolo,Sebastian Ofner
20250512,Hard,Jannik Sinner,Jesper de Jong
20250512,Hard,Jaume Munar,Sebastian Korda
20250512,Hard,Casper Ruud,Matteo Berrettini
20250513,Hard,Carlos Alcaraz,Karen Khachanov
20250513,Hard,Jack Draper,Corentin Moutet
20250513,Hard,Hubert Hurkacz,Jakub Mensik
20250513,Hard,Lorenzo Musetti,Daniil Medvedev
20250513,Hard,Jannik Sinner,Francisco Cerundolo
20250513,Hard,Alexander Zverev,Arthur Fils
20250513,Hard,Tommy Paul,Alex de Minaur
20250514,Hard,Casper Ruud,Jaume Munar
20250514,Hard,Carlos Alcaraz,Jack Draper
20250514,Hard,Lorenzo Musetti,Alexander Zverev
20250515,Hard,Tommy Paul,Hubert Hurkacz
20250515,Hard,Jannik Sinner,Casper Ruud
20250516,Hard,Carlos Alcaraz,Lorenzo Musetti
20250516,Hard,Jannik Sinner,Tommy Paul
20250518,Hard,Carlos Alcaraz,Jannik Sinner
20250517,Hard,Sebastian Ofner,Leo Borg
20250517,Hard,Reilly Opelka,Enrico Dalla Valle
20250517,Hard,Remy Bertola,James Duckworth
20250517,Hard,Jenson Brooksby,Radu Albot
20250517,Hard,Kilian Feldbausch,Tristan Schoolkate
20250517,Hard,Karue Sell,Pierre-Hugues Herbert
20250517,Hard,Cameron Norrie,Ergi Kirkin
20250517,Hard,Ivan Gakhov,Thiago Monteiro
20250518,Hard,Sebastian Ofner,Reilly Opelka
20250518,Hard,Karue Sell,Remy Bertola
20250518,Hard,Alexei Popyrin,Nicolas Jarry
20250518,Hard,Ivan Gakhov,Kilian Feldbausch
20250518,Hard,Cameron Norrie,Jenson Brooksby
20250518,Hard,Nuno Borges,Alex Michelsen
20250519,Hard,Jacob Fearnley,Dusan Lajovic
20250519,Hard,Sebastian Ofner,Ivan Gakhov
20250519,Hard,Kei Nishikori,Learner Tien
20250519,Hard,Quentin Halys,Jaume Munar
20250519,Hard,Matteo Arnaldi,Hugo Gaston
20250519,Hard,Cameron Norrie,Dominic Stricker
20250519,Hard,Marton Fucsovics,Zizou Bergs
20250520,Hard,Arthur Rinderknech,Miomir Kecmanovic
20250520,Hard,Hubert Hurkacz,Arthur Cazaux
20250520,Hard,Fabian Marozsan,Karue Sell
20250521,Hard,Taylor Fritz,Quentin Halys
20250521,Hard,Karen Khachanov,Kei Nishikori
20250521,Hard,Sebastian Ofner,Nuno Borges
20250521,Hard,Matteo Arnaldi,Fabian Marozsan
20250521,Hard,Hubert Hurkacz,Arthur Rinderknech
20250521,Hard,Novak Djokovic,Marton Fucsovics
20250521,Hard,Alexei Popyrin,Jacob Fearnley
20250521,Hard,Cameron Norrie,Tomas Machac
20250522,Hard,Sebastian Ofner,Karen Khachanov
20250522,Hard,Hubert Hurkacz,Taylor Fritz
20250522,Hard,Novak Djokovic,Matteo Arnaldi
20250522,Hard,Cameron Norrie,Alexei Popyrin
20250523,Hard,Hubert Hurkacz,Sebastian Ofner
20250523,Hard,Novak Djokovic,Cameron Norrie
20250524,Hard,Novak Djokovic,Hubert Hurkacz
20250517,Hard,Marko Topo,Emilio Nava
20250517,Hard,Elias Ymer,Christopher O'Connell
20250517,Hard,Vitaliy Sachko,Denis Yevseyev
20250517,Hard,Dimitar Kuzmanov,Aleksandar Vukic
20250517,Hard,Aleksandar Kovacevic,Max Wiskandt
20250517,Hard,Raphael Collignon,Patrick Zahraj
20250517,Hard,Daniel Dutra da Silva,Max Hans Rehberg
20250517,Hard,Borna Gojo,Mika Petkovic
20250518,Hard,Elias Ymer,Marko Topo
20250518,Hard,Aleksandar Kovacevic,Vitaliy Sachko
20250518,Hard,Borna Gojo,Dimitar Kuzmanov
20250518,Hard,Raphael Collignon,Daniel Dutra da Silva
20250518,Hard,Luciano Darderi,Diego Dedura
20250518,Hard,Francisco Cerundolo,Pedro Martinez
20250519,Hard,Brandon Nakashima,Raphael Collignon
20250519,Hard,Roberto Bautista Agut,Marcos Giron
20250519,Hard,Andrey Rublev,Damir Dzumhur
20250519,Hard,Alexandre Muller,Elias Ymer
20250519,Hard,Jiri Lehecka,Borna Gojo
20250519,Hard,Alexander Zverev,Aleksandar Kovacevic
20250519,Hard,Justin Engel,Jan-Lennard Struff
20250520,Hard,Flavio Cobolli,Vitaliy Sachko
20250520,Hard,Tomas Martin Etcheverry,Francisco Comesana
20250520,Hard,Frances Tiafoe,Bu Yunchaokete
20250520,Hard,Camilo Ugo Carabelli,Sebastian Baez
20250520,Hard,Alejandro Davidovich Fokina,Gael Monfils
20250520,Hard,Giovanni Mpetshi Perricard,Alexander Bublik
20250520,Hard,Felix Auger-Aliassime,Daniel Altmaier
20250521,Hard,Roberto Bautista Agut,Frances Tiafoe
20250521,Hard,Jiri Lehecka,Francisco Cerundolo
20250521,Hard,Tomas Martin Etcheverry,Camilo Ugo Carabelli
20250521,Hard,Andrey Rublev,Justin Engel
20250521,Hard,Flavio Cobolli,Alejandro Davidovich Fokina
20250521,Hard,Alexandre Muller,Alexander Zverev
20250521,Hard,Luciano Darderi,Brandon Nakashima
20250521,Hard,Felix Auger-Aliassime,Giovanni Mpetshi Perricard
20250522,Hard,Tomas Martin Etcheverry,Jiri Lehecka
20250522,Hard,Flavio Cobolli,Roberto Bautista Agut
20250522,Hard,Andrey Rublev,Luciano Darderi
20250522,Hard,Felix Auger-Aliassime,Alexandre Muller
20250523,Hard,Flavio Cobolli,Tomas Martin Etcheverry
20250523,Hard,Andrey Rublev,Felix Auger-Aliassime
20250524,Hard,Flavio Cobolli,Andrey Rublev
20250519,Hard,Kimmer Coppejans,Yuta Shimizu
20250519,Hard,Matteo Gigante,Jerome Kym
20250519,Hard,Ethan Quinn,Mark Lajal
20250519,Hard,Elmer Moller,Facundo Bagnis
20250519,Hard,Bernard Tomic,Chak Lam Coleman Wong
20250519,Hard,August Holmgren,Murphy Cassone
20250519,Hard,Thiago Agustin Tirante,Juan Pablo Ficovich
20250519,Hard,Zachary Svajda,Beibit Zhukayev
20250519,Hard,Tristan Boyer,Daniel Rincon
20250519,Hard,Dalibor Svrcina,Gregoire Barrere
20250519,Hard,Alvaro Guillen Meza,Rodrigo Pacheco Mendez
20250519,Hard,Pablo Llamas Ruiz,Alex Bolt
20250519,Hard,Vilius Gaubas,Duje Ajdukovic
20250519,Hard,Andrea Collarini,Nishesh Basavareddy
20250519,Hard,Stefano Napolitano,Colton Smith
20250519,Hard,Kyrian Jacquet,Taro Daniel
20250519,Hard,Roman Andres Burruchaga,Constant Lestienne
20250519,Hard,Jason Kubler,Alejandro Moro Canas
20250519,Hard,Albert Ramos-Vinolas,Khumoyun Sultanov
20250519,Hard,Maximilian Marterer,Edas Butvilas
20250519,Hard,Federico Agustin Gomez,Mae Malige
20250519,Hard,Lukas Klein,Guy Den Ouden
20250519,Hard,Federico Coria,Arthur Bouquier
20250519,Hard,James Trotter,Brandon Holt
20250519,Hard,Benjamin Hassan,Pavel Kotov
20250519,Hard,Yannick Hanfmann,Ignacio Buse
20250519,Hard,Sascha Gueymard Wayenburg,Tim Van Rijthoven
20250519,Hard,Matteo Martineau,Alexis Galarneau
20250519,Hard,Aleksandr Shevchenko,Shintaro Mochizuki
20250519,Hard,Martin Landaluce,Murkel Dellien
20250519,Hard,Nicolas Moreno De Alboran,Fabio Fognini
20250519,Hard,Mathys Erhard,James McCabe
20250520,Hard,Lukas Neumayer,Marco Trungelliti
20250520,Hard,Titouan Droguet,Borna Coric
20250520,Hard,Tomas Barrios Vera,Luka Pavlovic
20250520,Hard,Henrique Rocha,Robin Bertrand
20250520,Hard,Eliot Spizzirri,Hugo Grenier
20250520,Hard,Giulio Zeppieri,Jan Choinski
20250520,Hard,Arthur Gea,Alexander Blockx
20250520,Hard,Filip Misolic,Liam Draxl
20250520,Hard,Cristian Garin,Harold Mayot
20250520,Hard,Timofey Skatov,Alibek Kachmazov
20250520,Hard,Sumit Nagal,Mitchell Krueger
20250520,Hard,Jurij Rodionov,Christopher Eubanks
20250520,Hard,Ugo Blanchet,Chris Rodesch
20250520,Hard,Henri Squire,Felipe Meligeni Alves
20250520,Hard,Federico Arnaboldi,Chun-Hsin Tseng
20250520,Hard,Clement Tabur,Li Tu
20250520,Hard,Valentin Vacherot,Carlos Taberner
20250520,Hard,Luca Van Assche,Adrian Mannarino
20250520,Hard,Filip Cristian Jianu,Jozef Kovalik
20250520,Hard,Nikoloz Basilashvili,Gijs Brouwer
20250520,Hard,Daniel Evans,Billy Harris
20250520,Hard,Thiago Seyboth Wild,Yasutaka Uchiyama
20250520,Hard,Daniel Elahi Galan,Omar Jasika
20250520,Hard,Michael Mmoh,Calvin Hemery
20250520,Hard,Geoffrey Blancaneaux,Mikhail Kukushkin
20250520,Hard,Hady Habib,Facundo Mena
20250520,Hard,Dmitry Popko,Aziz Dougaz
20250520,Hard,Juan Manuel Cerundolo,Gauthier Onclin
20250520,Hard,Pol Martin Tiffon,Moise Kouame
20250520,Hard,Otto Virtanen,Antoine Escoffier
20250520,Hard,Lloyd Harris,Marc-Andrea Huesler
20250520,Hard,Marin Cilic,Wu Yibing
20250521,Hard,Thiago Agustin Tirante,August Holmgren
20250521,Hard,Pablo Llamas Ruiz,Dalibor Svrcina
20250521,Hard,Ethan Quinn,Bernard Tomic
20250521,Hard,Vilius Gaubas,Tristan Boyer
20250521,Hard,Elmer Moller,Kimmer Coppejans
20250521,Hard,Matteo Gigante,Zachary Svajda
20250521,Hard,Filip Misolic,Lukas Neumayer
20250521,Hard,Andrea Collarini,Alvaro Guillen Meza
20250521,Hard,Albert Ramos-Vinolas,Roman Andres Burruchaga
20250521,Hard,Aleksandr Shevchenko,Mathys Erhard
20250521,Hard,Kyrian Jacquet,Stefano Napolitano
20250521,Hard,Jurij Rodionov,Sumit Nagal
20250521,Hard,Federico Arnaboldi,Michael Mmoh
20250521,Hard,Geoffrey Blancaneaux,Thiago Seyboth Wild
20250522,Hard,Clement Tabur,Daniel Evans
20250522,Hard,Filip Cristian Jianu,Henri Squire
20250522,Hard,Marin Cilic,Pol Martin Tiffon
20250522,Hard,Lloyd Harris,Otto Virtanen
20250522,Hard,Juan Manuel Cerundolo,Hady Habib
20250522,Hard,Daniel Elahi Galan,Dmitry Popko
20250522,Hard,Henrique Rocha,Tomas Barrios Vera
20250522,Hard,Benjamin Hassan,Sascha Gueymard Wayenburg
20250522,Hard,Giulio Zeppieri,Eliot Spizzirri
20250522,Hard,Nikoloz Basilashvili,Valentin Vacherot
20250522,Hard,Lukas Klein,Nicolas Moreno De Alboran
20250522,Hard,James Trotter,Jason Kubler
20250522,Hard,Federico Agustin Gomez,Martin Landaluce
20250522,Hard,Ugo Blanchet,Cristian Garin
20250522,Hard,Maximilian Marterer,Federico Coria
20250522,Hard,Albert Ramos-Vinolas,Andrea Collarini
20250522,Hard,Luca Van Assche,Timofey Skatov
20250522,Hard,Yannick Hanfmann,Matteo Martineau
20250522,Hard,Ethan Quinn,Thiago Agustin Tirante
20250522,Hard,Kyrian Jacquet,Jurij Rodionov
20250522,Hard,Matteo Gigante,Elmer Moller
20250522,Hard,Pablo Llamas Ruiz,Vilius Gaubas
20250522,Hard,Titouan Droguet,Arthur Gea
20250523,Hard,Filip Misolic,Aleksandr Shevchenko
20250523,Hard,Maximilian Marterer,Federico Arnaboldi
20250523,Hard,Giulio Zeppieri,Federico Agustin Gomez
20250523,Hard,Juan Manuel Cerundolo,Daniel Elahi Galan
20250523,Hard,Benjamin Hassan,James Trotter
20250523,Hard,Clement Tabur,Filip Cristian Jianu
20250523,Hard,Nikoloz Basilashvili,Geoffrey Blancaneaux
20250523,Hard,Lloyd Harris,Marin Cilic
20250523,Hard,Henrique Rocha,Luca Van Assche
20250523,Hard,Ugo Blanchet,Lukas Klein
20250523,Hard,Yannick Hanfmann,Titouan Droguet
20250525,Hard,Marton Fucsovics,Tristan Schoolkate
20250525,Hard,Mariano Navone,Brandon Nakashima
20250525,Hard,Hamad Medjedovic,Kamil Majchrzak
20250525,Hard,Tommy Paul,Elmer Moller
20250525,Hard,Giovanni Mpetshi Perricard,Zizou Bergs
20250525,Hard,Reilly Opelka,Rinky Hijikata
20250525,Hard,Pablo Carreno Busta,Francisco Comesana
20250525,Hard,Damir Dzumhur,Thiago Agustin Tirante
20250525,Hard,Vit Kopriva,Thiago Monteiro
20250525,Hard,Lorenzo Musetti,Yannick Hanfmann
20250525,Hard,Juan Manuel Cerundolo,Alex Michelsen
20250525,Hard,Daniel Elahi Galan,Valentin Royer
20250525,Hard,Frances Tiafoe,Roman Safiullin
20250525,Hard,Fabian Marozsan,Luca Nardi
20250525,Hard,Matteo Gigante,Benjamin Hassan
20250525,Hard,Emilio Nava,Botic Van De Zandschulp
20250525,Hard,Jenson Brooksby,Jaime Faria
20250525,Hard,Ben Shelton,Lorenzo Sonego
20250525,Hard,Quentin Halys,Tomas Machac
20250525,Hard,Nuno Borges,Kyrian Jacquet
20250526,Hard,Miomir Kecmanovic,Sebastian Baez
20250526,Hard,Sebastian Korda,Luciano Darderi
20250526,Hard,Alejandro Tabilo,Arthur Cazaux
20250526,Hard,Alexei Popyrin,Yoshihito Nishioka
20250526,Hard,Casper Ruud,Albert Ramos-Vinolas
20250526,Hard,Hugo Gaston,Ugo Blanchet
20250526,Hard,Carlos Alcaraz,Giulio Zeppieri
20250526,Hard,Alejandro Davidovich Fokina,Pablo Llamas Ruiz
20250526,Hard,Daniel Altmaier,Taylor Fritz
20250526,Hard,Stefanos Tsitsipas,Tomas Martin Etcheverry
20250526,Hard,Holger Rune,Roberto Bautista Agut
20250526,Hard,Jacob Fearnley,Stan Wawrinka
20250526,Hard,Karen Khachanov,Aleksandar Vukic
20250526,Hard,Jiri Lehecka,Jordan Thompson
20250526,Hard,Gabriel Diallo,Francisco Cerundolo
20250526,Hard,Sebastian Ofner,Jan-Lennard Struff
20250526,Hard,Richard Gasquet,Terence Atmane
20250526,Hard,Denis Shapovalov,Pedro Martinez
20250526,Hard,Arthur Fils,Nicolas Jarry
20250526,Hard,Filip Misolic,Bu Yunchaokete
20250526,Hard,Ugo Humbert,Christopher O'Connell
20250526,Hard,Jaume Munar,Camilo Ugo Carabelli
20250526,Hard,Tallon Griekspoor,Marcos Giron
20250526,Hard,Jannik Sinner,Arthur Rinderknech
20250527,Hard,Alex de Minaur,Laslo Djere
20250527,Hard,Aleksandr Shevchenko,Dusan Lajovic
20250527,Hard,Cameron Norrie,Daniil Medvedev
20250527,Hard,Federico Agustin Gomez,Aleksandar Kovacevic
20250527,Hard,Ethan Quinn,Grigor Dimitrov
20250527,Hard,Alexander Bublik,James Duckworth
20250527,Hard,Alexander Zverev,Learner Tien
20250527,Hard,Jesper de Jong,Francesco Passaro
20250527,Hard,Jakub Mensik,Alexandre Muller
20250527,Hard,Adam Walton,Maximilian Marterer
20250527,Hard,Pierre-Hugues Herbert,Benjamin Bonzi
20250527,Hard,Henrique Rocha,Nikoloz Basilashvili
20250527,Hard,Novak Djokovic,Mackenzie McDonald
20250527,Hard,Andrey Rublev,Lloyd Harris
20250527,Hard,Jack Draper,Mattia Bellucci
20250527,Hard,Matteo Arnaldi,Felix Auger-Aliassime
20250527,Hard,Flavio Cobolli,Marin Cilic
20250527,Hard,Corentin Moutet,Clement Tabur
20250527,Hard,Joao Fonseca,Hubert Hurkacz
20250527,Hard,Gael Monfils,Hugo Dellien
20250528,Hard,Lorenzo Musetti,Daniel Elahi Galan
20250528,Hard,Daniel Altmaier,Vit Kopriva
20250528,Hard,Hamad Medjedovic,Juan Manuel Cerundolo
20250528,Hard,Alexei Popyrin,Alejandro Tabilo
20250528,Hard,Mariano Navone,Reilly Opelka
20250528,Hard,Quentin Halys,Miomir Kecmanovic
20250528,Hard,Nuno Borges,Casper Ruud
20250528,Hard,Karen Khachanov,Sebastian Ofner
20250528,Hard,Carlos Alcaraz,Fabian Marozsan
20250528,Hard,Damir Dzumhur,Giovanni Mpetshi Perricard
20250528,Hard,Tommy Paul,Marton Fucsovics
20250528,Hard,Matteo Gigante,Stefanos Tsitsipas
20250528,Hard,Sebastian Korda,Jenson Brooksby
20250528,Hard,Ben Shelton,Hugo Gaston
20250528,Hard,Frances Tiafoe,Pablo Carreno Busta
20250528,Hard,Holger Rune,Emilio Nava
20250529,Hard,Jiri Lehecka,Alejandro Davidovich Fokina
20250529,Hard,Arthur Fils,Jaume Munar
20250529,Hard,Alexander Bublik,Alex de Minaur
20250529,Hard,Henrique Rocha,Jakub Mensik
20250529,Hard,Alexander Zverev,Jesper de Jong
20250529,Hard,Tallon Griekspoor,Gabriel Diallo
20250529,Hard,Jannik Sinner,Richard Gasquet
20250529,Hard,Andrey Rublev,Adam Walton
20250529,Hard,Flavio Cobolli,Matteo Arnaldi
20250529,Hard,Joao Fonseca,Pierre-Hugues Herbert
20250529,Hard,Cameron Norrie,Federico Agustin Gomez
20250529,Hard,Ethan Quinn,Aleksandr Shevchenko
20250529,Hard,Novak Djokovic,Corentin Moutet
20250529,Hard,Filip Misolic,Denis Shapovalov
20250529,Hard,Jacob Fearnley,Ugo Humbert
20250529,Hard,Jack Draper,Gael Monfils
20250530,Hard,Lorenzo Musetti,Mariano Navone
20250530,Hard,Tommy Paul,Karen Khachanov
20250530,Hard,Alexei Popyrin,Nuno Borges
20250530,Hard,Holger Rune,Quentin Halys
20250530,Hard,Daniel Altmaier,Hamad Medjedovic
20250530,Hard,Ben Shelton,Matteo Gigante
20250530,Hard,Frances Tiafoe,Sebastian Korda
20250530,Hard,Carlos Alcaraz,Damir Dzumhur
20250531,Hard,Tallon Griekspoor,Ethan Quinn
20250531,Hard,Jannik Sinner,Jiri Lehecka
20250531,Hard,Andrey Rublev,Arthur Fils
20250531,Hard,Alexander Zverev,Flavio Cobolli
20250531,Hard,Jack Draper,Joao Fonseca
20250531,Hard,Alexander Bublik,Henrique Rocha
20250531,Hard,Cameron Norrie,Jacob Fearnley
20250531,Hard,Novak Djokovic,Filip Misolic
20250601,Hard,Tommy Paul,Alexei Popyrin
20250601,Hard,Carlos Alcaraz,Ben Shelton
20250601,Hard,Frances Tiafoe,Daniel Altmaier
20250601,Hard,Lorenzo Musetti,Holger Rune
20250602,Hard,Alexander Zverev,Tallon Griekspoor
20250602,Hard,Novak Djokovic,Cameron Norrie
20250602,Hard,Alexander Bublik,Jack Draper
20250602,Hard,Jannik Sinner,Andrey Rublev
20250603,Hard,Lorenzo Musetti,Frances Tiafoe
20250603,Hard,Carlos Alcaraz,Tommy Paul
20250604,Hard,Jannik Sinner,Alexander Bublik
20250604,Hard,Novak Djokovic,Alexander Zverev
20250606,Hard,Carlos Alcaraz,Lorenzo Musetti
20250606,Hard,Jannik Sinner,Novak Djokovic
20250608,Hard,Carlos Alcaraz,Jannik Sinner
20250519,Hard,Sofia Costoulas,Yara Bartashevich
20250519,Hard,Tamara Korpatsch,Louisa Chirico
20250519,Hard,Marina Stakusic,Lauren Davis
20250519,Hard,Carole Monnet,Petra Martic
20250519,Hard,Nao Hibino,Andrea Lazaro Garcia
20250519,Hard,Bianca Andreescu,Yao Xinxin
20250519,Hard,Lola Radivojevic,Jessika Ponchet
20250519,Hard,Kristina Dmitruk,Wei Sijia
20250519,Hard,Carson Branstine,Whitney Osuigwe
20250519,Hard,Maddison Inglis,Iryna Shymanovich
20250519,Hard,Ella Seidel,Stefanie Voegele
20250519,Hard,Panna Udvardy,Sayaka Ishii
20250519,Hard,Rebeka Masarova,Lina Glushko
20250519,Hard,Nina Stojanovic,Victoria Jimenez Kasintseva
20250519,Hard,Jana Fett,Priscilla Hon
20250519,Hard,Fiona Ferro,Laura Pigossi
20250519,Hard,Margaux Rouvroy,Haruka Kaji
20250519,Hard,Antonia Ruzic,Hina Inoue
20250519,Hard,Oksana Selekhmeteva,Kyoka Okamura
20250519,Hard,Sara Bejlek,Mona Barthel
20250519,Hard,Varvara Lepchenko,Taylah Preston
20250519,Hard,Dalma Galfi,Ana Bogdan
20250519,Hard,Lucrezia Stefanini,Manon Leonard
20250519,Hard,Tamara Zidansek,Dominika Salkova
20250519,Hard,Aliaksandra Sasnovich,Tatiana Prozorova
20250519,Hard,Tereza Valentova,Arina Rodionova
20250519,Hard,Ena Shibahara,Jenny Lim
20250519,Hard,Anastasiia Sobolieva,Harriet Dart
20250519,Hard,Yuliia Starodubtseva,Hanne Vandewinkel
20250519,Hard,Joanna Garland,Celine Naef
20250519,Hard,Petra Marcinko,Aoi Ito
20250519,Hard,Julie Belgraver,Shi Han
20250520,Hard,Daria Saville,Heather Watson
20250520,Hard,Veronika Erjavec,Darja Semenistaja
20250520,Hard,Daphnée Mpetshi Perricard,Gabriela Knutson
20250520,Hard,Taylor Townsend,Sara Saito
20250520,Hard,Hanna Chang,Leonie Kung
20250520,Hard,Nuria Brancaccio,Arianne Hartono
20250520,Hard,Daria Snigur,Mariam Bolkvadze
20250520,Hard,Simona Waltert,Raluka Serban
20250520,Hard,Mai Hontama,Elena Pridankina
20250520,Hard,Anna-Lena Friedsam,Ksenia Efremova
20250520,Hard,Francesca Jones,Lea Boskovic
20250520,Hard,Zhang Shuai,Storm Hunter
20250520,Hard,Solana Sierra,Susan Bandecchi
20250520,Hard,Sara Errani,Jule Niemeier
20250520,Hard,Maja Chwalinska,Cindy Langlais
20250520,Hard,Guiomar Maristany Zuleta De Reales,Barbora Palicova
20250520,Hard,Kathinka von Deichmann,Rebecca Marino
20250520,Hard,Kaja Juvan,Lanlana Tararudee
20250520,Hard,Leyre Romero Gormaz,Darya Astakhova
20250520,Hard,Victoria Mboko,Sinja Kraus
20250520,Hard,Mananchaya Sawangkaew,Lizette Cabrera
20250520,Hard,Astra Sharma,Emina Bektas
20250520,Hard,Wang Xiyu,Selena Janicijevic
20250520,Hard,Anouk Koevermans,Anastasia Zakharova
20250520,Hard,Talia Gibson,Mihaela Buzarnescu
20250520,Hard,Linda Klimovicova,Linda Fruhvirtova
20250520,Hard,Justina Mikulskyte,Ekaterina Makarova
20250520,Hard,Patricia Maria Tig,Kayla Cross
20250520,Hard,Julia Riera,Valentina Ryser
20250520,Hard,Miriam Bulgaru,Nuria Parrizas Diaz
20250520,Hard,Katarzyna Kawa,Tessah Andrianjafitrimo
20250520,Hard,Maria Lourdes Carle,Eleejah Inisan
20250521,Hard,Rebeka Masarova,Carson Branstine
20250521,Hard,Kristina Dmitruk,Maddison Inglis
20250521,Hard,Ella Seidel,Panna Udvardy
20250521,Hard,Nao Hibino,Bianca Andreescu
20250521,Hard,Varvara Lepchenko,Jana Fett
20250521,Hard,Tamara Korpatsch,Marina Stakusic
20250521,Hard,Carole Monnet,Fiona Ferro
20250521,Hard,Nina Stojanovic,Margaux Rouvroy
20250521,Hard,Sara Bejlek,Ena Shibahara
20250521,Hard,Lola Radivojevic,Sofia Costoulas
20250521,Hard,Oksana Selekhmeteva,Antonia Ruzic
20250521,Hard,Anastasiia Sobolieva,Julie Belgraver
20250522,Hard,Maria Lourdes Carle,Katarzyna Kawa
20250522,Hard,Solana Sierra,Daria Snigur
20250522,Hard,Wang Xiyu,Guiomar Maristany Zuleta De Reales
20250522,Hard,Victoria Mboko,Kathinka von Deichmann
20250522,Hard,Kaja Juvan,Maja Chwalinska
20250522,Hard,Justina Mikulskyte,Anouk Koevermans
20250522,Hard,Linda Klimovicova,Mananchaya Sawangkaew
20250522,Hard,Leyre Romero Gormaz,Astra Sharma
20250522,Hard,Taylor Townsend,Hanna Chang
20250522,Hard,Yuliia Starodubtseva,Tamara Zidansek
20250522,Hard,Francesca Jones,Mai Hontama
20250522,Hard,Julia Riera,Talia Gibson
20250522,Hard,Lucrezia Stefanini,Aliaksandra Sasnovich
20250522,Hard,Daria Saville,Daphnée Mpetshi Perricard
20250522,Hard,Miriam Bulgaru,Patricia Maria Tig
20250522,Hard,Veronika Erjavec,Nuria Brancaccio
20250522,Hard,Nao Hibino,Ella Seidel
20250522,Hard,Simona Waltert,Zhang Shuai
20250522,Hard,Oksana Selekhmeteva,Lola Radivojevic
20250522,Hard,Anna-Lena Friedsam,Sara Errani
20250522,Hard,Joanna Garland,Petra Marcinko
20250522,Hard,Nina Stojanovic,Varvara Lepchenko
20250522,Hard,Tamara Korpatsch,Rebeka Masarova
20250522,Hard,Tereza Valentova,Dalma Galfi
20250522,Hard,Carole Monnet,Kristina Dmitruk
20250523,Hard,Daria Saville,Taylor Townsend
20250523,Hard,Leyre Romero Gormaz,Linda Klimovicova
20250523,Hard,Solana Sierra,Wang Xiyu
20250523,Hard,Maria Lourdes Carle,Justina Mikulskyte
20250523,Hard,Sara Bejlek,Yuliia Starodubtseva
20250523,Hard,Victoria Mboko,Kaja Juvan
20250523,Hard,Joanna Garland,Anna-Lena Friedsam
20250523,Hard,Anastasiia Sobolieva,Francesca Jones
20250523,Hard,Julia Riera,Miriam Bulgaru
20250523,Hard,Tereza Valentova,Simona Waltert
20250523,Hard,Lucrezia Stefanini,Veronika Erjavec
20250525,Hard,Victoria Mboko,Lulu Sun
20250525,Hard,Elina Svitolina,Zeynep Sonmez
20250525,Hard,Viktorija Golubic,Petra Kvitova
20250525,Hard,Eva Lys,Peyton Stearns
20250525,Hard,Anna Bondar,Laura Siegemund
20250525,Hard,Aryna Sabalenka,Kamilla Rakhimova
20250525,Hard,Emiliana Arango,Alexandra Eala
20250525,Hard,Dayana Yastremska,Destanee Aiava
20250525,Hard,Zheng Qinwen,Anastasia Pavlyuchenkova
20250525,Hard,Jil Teichmann,Lucrezia Stefanini
20250525,Hard,Diana Shnaider,Anastasiia Sobolieva
20250525,Hard,Leyre Romero Gormaz,Tiantsoa Rakotomanga Rajaonah
20250525,Hard,Donna Vekic,Anna Blinkova
20250525,Hard,Amanda Anisimova,Nina Stojanovic
20250525,Hard,Iva Jovic,Renata Zarazua
20250525,Hard,Olga Danilovic,Leylah Fernandez
20250525,Hard,Jasmine Paolini,Yuan Yue
20250525,Hard,Anastasia Potapova,Linda Noskova
20250525,Hard,Sara Bejlek,Marta Kostyuk
20250526,Hard,Veronika Kudermetova,Viktoriya Tomova
20250526,Hard,Jessica Bouzas Maneiro,Emma Navarro
20250526,Hard,Yuliia Starodubtseva,Tamara Korpatsch
20250526,Hard,Elena Rybakina,Julia Riera
20250526,Hard,Emma Raducanu,Wang Xinyu
20250526,Hard,Iga Swiatek,Rebecca Sramkova
20250526,Hard,Robin Montgomery,Diane Parry
20250526,Hard,Liudmila Samsonova,Mayar Sherif
20250526,Hard,Jaqueline Cristian,Kimberly Birrell
20250526,Hard,Paula Badosa,Naomi Osaka
20250526,Hard,Danielle Collins,Jodie Burrage
20250526,Hard,Bernarda Pera,Caroline Garcia
20250526,Hard,Ajla Tomljanovic,Maya Joint
20250526,Hard,Daria Kasatkina,Katerina Siniakova
20250526,Hard,Katie Boulter,Carole Monnet
20250526,Hard,Elena-Gabriela Ruse,McCartney Kessler
20250526,Hard,Barbora Krejcikova,Tatjana Maria
20250526,Hard,Jelena Ostapenko,Polina Kudermetova
20250526,Hard,Ekaterina Alexandrova,Lucia Bronzetti
20250526,Hard,Arantxa Rus,Camila Osorio
20250526,Hard,Madison Keys,Daria Saville
20250526,Hard,Clara Tauson,Magda Linette
20250526,Hard,Leolia Jeanjean,Irina-Camelia Begu
20250526,Hard,Caroline Dolehide,Greet Minnen
20250526,Hard,Elisabetta Cocciaretto,Taylor Townsend
20250527,Hard,Marketa Vondrousova,Oksana Selekhmeteva
20250527,Hard,Victoria Azarenka,Yanina Wickmayer
20250527,Hard,Nao Hibino,Moyuka Uchijima
20250527,Hard,Hailey Baptiste,Beatriz Haddad Maia
20250527,Hard,Mirra Andreeva,Cristina Bucsa
20250527,Hard,Sofia Kenin,Varvara Gracheva
20250527,Hard,Anhelina Kalinina,Elina Avanesyan
20250527,Hard,Coco Gauff,Olivia Gadecki
20250527,Hard,Tereza Valentova,Chloe Paquet
20250527,Hard,Ashlyn Krueger,Suzan Lamens
20250527,Hard,Elsa Jacquemot,Maria Sakkari
20250527,Hard,Jessica Pegula,Anca Todoni
20250527,Hard,Magdalena Frech,Ons Jabeur
20250527,Hard,Sonay Kartal,Erika Andreeva
20250527,Hard,Lois Boisson,Elise Mertens
20250527,Hard,Ann Li,Maria Lourdes Carle
20250527,Hard,Yulia Putintseva,Solana Sierra
20250527,Hard,Joanna Garland,Katie Volynets
20250527,Hard,Marie Bouzkova,Anna Kalinskaya
20250527,Hard,Alycia Parks,Karolina Muchova
20250528,Hard,Amanda Anisimova,Viktorija Golubic
20250528,Hard,Zheng Qinwen,Emiliana Arango
20250528,Hard,Victoria Mboko,Eva Lys
20250528,Hard,Jasmine Paolini,Ajla Tomljanovic
20250528,Hard,Elina Svitolina,Anna Bondar
20250528,Hard,Bernarda Pera,Donna Vekic
20250528,Hard,Yuliia Starodubtseva,Anastasia Potapova
20250528,Hard,Clara Tauson,Arantxa Rus
20250528,Hard,Iga Swiatek,Emma Raducanu
20250528,Hard,Olga Danilovic,Danielle Collins
20250528,Hard,Jaqueline Cristian,Sara Bejlek
20250528,Hard,Liudmila Samsonova,Leyre Romero Gormaz
20250528,Hard,Jelena Ostapenko,Caroline Dolehide
20250528,Hard,Aryna Sabalenka,Jil Teichmann
20250528,Hard,Dayana Yastremska,Diana Shnaider
20250528,Hard,Elena Rybakina,Iva Jovic
20250529,Hard,Mirra Andreeva,Ashlyn Krueger
20250529,Hard,Marketa Vondrousova,Magdalena Frech
20250529,Hard,Marie Bouzkova,Sonay Kartal
20250529,Hard,Jessica Pegula,Ann Li
20250529,Hard,Hailey Baptiste,Nao Hibino
20250529,Hard,Ekaterina Alexandrova,Elisabetta Cocciaretto
20250529,Hard,Jessica Bouzas Maneiro,Robin Montgomery
20250529,Hard,Yulia Putintseva,Joanna Garland
20250529,Hard,Veronika Kudermetova,Barbora Krejcikova
20250529,Hard,Coco Gauff,Tereza Valentova
20250529,Hard,Paula Badosa,Elena-Gabriela Ruse
20250529,Hard,Madison Keys,Katie Boulter
20250529,Hard,Lois Boisson,Anhelina Kalinina
20250529,Hard,Elsa Jacquemot,Alycia Parks
20250529,Hard,Sofia Kenin,Victoria Azarenka
20250529,Hard,Daria Kasatkina,Leolia Jeanjean
20250530,Hard,Zheng Qinwen,Victoria Mboko
20250530,Hard,Amanda Anisimova,Clara Tauson
20250530,Hard,Aryna Sabalenka,Olga Danilovic
20250530,Hard,Liudmila Samsonova,Dayana Yastremska
20250530,Hard,Iga Swiatek,Jaqueline Cristian
20250530,Hard,Elena Rybakina,Jelena Ostapenko
20250530,Hard,Jasmine Paolini,Yuliia Starodubtseva
20250530,Hard,Elina Svitolina,Bernarda Pera
20250531,Hard,Mirra Andreeva,Yulia Putintseva
20250531,Hard,Daria Kasatkina,Paula Badosa
20250531,Hard,Jessica Pegula,Marketa Vondrousova
20250531,Hard,Lois Boisson,Elsa Jacquemot
20250531,Hard,Ekaterina Alexandrova,Veronika Kudermetova
20250531,Hard,Hailey Baptiste,Jessica Bouzas Maneiro
20250531,Hard,Madison Keys,Sofia Kenin
20250531,Hard,Coco Gauff,Marie Bouzkova
20250601,Hard,Elina Svitolina,Jasmine Paolini
20250601,Hard,Zheng Qinwen,Liudmila Samsonova
20250601,Hard,Iga Swiatek,Elena Rybakina
20250601,Hard,Aryna Sabalenka,Amanda Anisimova
20250602,Hard,Coco Gauff,Ekaterina Alexandrova
20250602,Hard,Mirra Andreeva,Daria Kasatkina
20250602,Hard,Lois Boisson,Jessica Pegula
20250602,Hard,Madison Keys,Hailey Baptiste
20250603,Hard,Aryna Sabalenka,Zheng Qinwen
20250603,Hard,Iga Swiatek,Elina Svitolina
20250604,Hard,Coco Gauff,Madison Keys
20250604,Hard,Lois Boisson,Mirra Andreeva
20250605,Hard,Aryna Sabalenka,Iga Swiatek
20250605,Hard,Coco Gauff,Lois Boisson
20250607,Hard,Coco Gauff,Aryna Sabalenka
20250607,Hard,Li Tu,Eliot Spizzirri
20250607,Hard,Pierre-Hugues Herbert,Maximilian Marterer
20250607,Hard,Nikoloz Basilashvili,Hugo Grenier
20250607,Hard,James Duckworth,Benjamin Hassan
20250607,Hard,Tristan Boyer,Duje Ajdukovic
20250607,Hard,Yannick Hanfmann,Max Wiskandt
20250607,Hard,Marton Fucsovics,Patrick Zahraj
20250608,Hard,Beibit Zhukayev,Marc-Andrea Huesler
20250608,Hard,James Duckworth,Nikoloz Basilashvili
20250608,Hard,Pierre-Hugues Herbert,Li Tu
20250608,Hard,Yannick Hanfmann,Tristan Boyer
20250608,Hard,Marton Fucsovics,Beibit Zhukayev
20250609,Hard,Jiri Lehecka,Benjamin Bonzi
20250609,Hard,Brandon Nakashima,Jacob Fearnley
20250609,Hard,Jan-Lennard Struff,Matteo Arnaldi
20250609,Hard,Giovanni Mpetshi Perricard,Roman Safiullin
20250610,Hard,Arthur Rinderknech,Denis Shapovalov
20250610,Hard,Marton Fucsovics,Yannick Hanfmann
20250610,Hard,Quentin Halys,Lorenzo Sonego
20250610,Hard,Justin Engel,James Duckworth
20250610,Hard,Corentin Moutet,Fabio Fognini
20250610,Hard,Alex Michelsen,Gael Monfils
20250611,Hard,Marton Fucsovics,Arthur Rinderknech
20250611,Hard,Ben Shelton,Pierre-Hugues Herbert
20250611,Hard,Taylor Fritz,Quentin Halys
20250611,Hard,Jiri Lehecka,Jan-Lennard Struff
20250612,Hard,Justin Engel,Alex Michelsen
20250612,Hard,Felix Auger-Aliassime,Giovanni Mpetshi Perricard
20250612,Hard,Alexander Zverev,Corentin Moutet
20250612,Hard,Brandon Nakashima,Learner Tien
20250613,Hard,Felix Auger-Aliassime,Justin Engel
20250613,Hard,Taylor Fritz,Marton Fucsovics
20250613,Hard,Alexander Zverev,Brandon Nakashima
20250613,Hard,Ben Shelton,Jiri Lehecka
20250614,Hard,Taylor Fritz,Felix Auger-Aliassime
20250614,Hard,Alexander Zverev,Ben Shelton
20250615,Hard,Taylor Fritz,Alexander Zverev
20250607,Hard,Aliaksandra Sasnovich,Maria Mateas
20250607,Hard,Joanna Garland,Ekaterina Yashina
20250607,Hard,Carson Branstine,Jule Niemeier
20250607,Hard,Yuan Yue,Joy De Zeeuw
20250607,Hard,Katarzyna Kawa,Sofia Shapatava
20250607,Hard,Elena-Gabriela Ruse,Mihaela Buzarnescu
20250608,Hard,Yanina Wickmayer,Jessica Failla
20250608,Hard,Ella Seidel,Sarah Van Emst
20250608,Hard,Isis Louise Van Den Broek,Nadiia Kolb
20250608,Hard,Lian Tran,Nina Stojanovic
20250608,Hard,Mariam Bolkvadze,Loes Ebeling Koning
20250608,Hard,Dalma Galfi,Renata Jamrichova
20250608,Hard,Joanna Garland,Aliaksandra Sasnovich
20250608,Hard,Elena-Gabriela Ruse,Katarzyna Kawa
20250608,Hard,Carson Branstine,Yuan Yue
20250608,Hard,Isis Louise Van Den Broek,Lian Tran
20250609,Hard,Elisabetta Cocciaretto,Arianne Hartono
20250609,Hard,Veronika Kudermetova,Polina Kudermetova
20250609,Hard,Yanina Wickmayer,Ella Seidel
20250609,Hard,Elise Mertens,Viktoriya Tomova
20250609,Hard,Mariam Bolkvadze,Dalma Galfi
20250609,Hard,Lulu Sun,Anouck Vrancken Peeters
20250609,Hard,Yuan Yue,Anastasija Sevastova
20250609,Hard,Anna Blinkova,Katerina Siniakova
20250610,Hard,Suzan Lamens,Yanina Wickmayer
20250610,Hard,Bernarda Pera,Magda Linette
20250610,Hard,Kimberly Birrell,Wang Xinyu
20250610,Hard,Bianca Andreescu,Joanna Garland
20250610,Hard,Ekaterina Alexandrova,Mariam Bolkvadze
20250610,Hard,Greet Minnen,Danielle Collins
20250610,Hard,Ann Li,Anastasia Potapova
20250611,Hard,Elena-Gabriela Ruse,Isis Louise Van Den Broek
20250611,Hard,Maria Sakkari,Anouk Koevermans
20250611,Hard,Carson Branstine,Liudmila Samsonova
20250611,Hard,Elisabetta Cocciaretto,Bernarda Pera
20250611,Hard,Ekaterina Alexandrova,Anna Blinkova
20250611,Hard,Veronika Kudermetova,Greet Minnen
20250612,Hard,Elena-Gabriela Ruse,Carson Branstine
20250612,Hard,Suzan Lamens,Ann Li
20250612,Hard,Elise Mertens,Maria Sakkari
20250612,Hard,Bianca Andreescu,Lulu Sun
20250612,Hard,Yuan Yue,Kimberly Birrell
20250613,Hard,Ekaterina Alexandrova,Veronika Kudermetova
20250613,Hard,Elise Mertens,Yuan Yue
20250613,Hard,Elisabetta Cocciaretto,Suzan Lamens
20250613,Hard,Elena-Gabriela Ruse,Bianca Andreescu
20250614,Hard,Elise Mertens,Ekaterina Alexandrova
20250614,Hard,Elena-Gabriela Ruse,Elisabetta Cocciaretto
20250615,Hard,Elise Mertens,Elena-Gabriela Ruse
20250607,Hard,Mees Rottgering,Jelle Sels
20250608,Hard,Mark Lajal,Corentin Denolly
20250608,Hard,Reilly Opelka,Denis Yevseyev
20250608,Hard,Adrian Mannarino,Daniel Dutra da Silva
20250608,Hard,Daniel Evans,Adam Walton
20250608,Hard,Mackenzie McDonald,Ryan Peniston
20250608,Hard,Alexander Blockx,Max Houkes
20250608,Hard,Thijs Boogaard,James McCabe
20250609,Hard,Alexander Blockx,Adrian Mannarino
20250609,Hard,Mark Lajal,Reilly Opelka
20250609,Hard,Nuno Borges,Nishesh Basavareddy
20250609,Hard,Gabriel Diallo,Aleksandar Vukic
20250609,Hard,Mackenzie McDonald,Thijs Boogaard
20250609,Hard,Daniel Evans,Mees Rottgering
20250609,Hard,Nicolas Jarry,Luciano Darderi
20250609,Hard,Jordan Thompson,Aleksandar Kovacevic
20250610,Hard,Mackenzie McDonald,Mattia Bellucci
20250610,Hard,Zizou Bergs,Alexander Blockx
20250610,Hard,Reilly Opelka,Jesper de Jong
20250610,Hard,Otto Virtanen,Tomas Martin Etcheverry
20250611,Hard,Gabriel Diallo,Jordan Thompson
20250611,Hard,Adrian Mannarino,Christopher O'Connell
20250611,Hard,Daniel Evans,Rinky Hijikata
20250611,Hard,Hubert Hurkacz,Roberto Bautista Agut
20250611,Hard,Karen Khachanov,Mackenzie McDonald
20250611,Hard,Mark Lajal,Laslo Djere
20250612,Hard,Nuno Borges,Otto Virtanen
20250612,Hard,Ugo Humbert,Daniel Evans
20250612,Hard,Reilly Opelka,Nicolas Jarry
20250612,Hard,Zizou Bergs,Alexei Popyrin
20250612,Hard,Mark Lajal,Hubert Hurkacz
20250612,Hard,Daniil Medvedev,Adrian Mannarino
20250613,Hard,Ugo Humbert,Nuno Borges
20250613,Hard,Gabriel Diallo,Karen Khachanov
20250613,Hard,Reilly Opelka,Daniil Medvedev
20250613,Hard,Zizou Bergs,Mark Lajal
20250614,Hard,Gabriel Diallo,Ugo Humbert
20250614,Hard,Zizou Bergs,Reilly Opelka
20250615,Hard,Gabriel Diallo,Zizou Bergs
20250614,Hard,Laslo Djere,Nikoloz Basilashvili
20250614,Hard,Jesper de Jong,Max Schoenhaus
20250614,Hard,Nicolas Jarry,Learner Tien
20250614,Hard,Benjamin Bonzi,Patrick Zahraj
20250614,Hard,Yannick Hanfmann,Yoshihito Nishioka
20250614,Hard,Sebastian Ofner,Benjamin Hassan
20250614,Hard,Li Tu,Ethan Quinn
20250614,Hard,Justin Engel,Roman Safiullin
20250615,Hard,Laslo Djere,Jesper de Jong
20250615,Hard,Yannick Hanfmann,Nicolas Jarry
20250615,Hard,Benjamin Bonzi,Li Tu
20250615,Hard,Sebastian Ofner,Justin Engel
20250616,Hard,Fabian Marozsan,Miomir Kecmanovic
20250616,Hard,Daniil Medvedev,Daniel Altmaier
20250616,Hard,Alexander Bublik,Alexandre Muller
20250616,Hard,Stefanos Tsitsipas,Luciano Darderi
20250616,Hard,Quentin Halys,Benjamin Bonzi
20250617,Hard,Tomas Machac,Jesper de Jong
20250617,Hard,Andrey Rublev,Sebastian Ofner
20250617,Hard,Tomas Martin Etcheverry,Pedro Martinez
20250617,Hard,Flavio Cobolli,Joao Fonseca
20250617,Hard,Alex Michelsen,Francisco Cerundolo
20250617,Hard,Denis Shapovalov,Ugo Humbert
20250617,Hard,Jannik Sinner,Yannick Hanfmann
20250617,Hard,Felix Auger-Aliassime,Laslo Djere
20250617,Hard,Lorenzo Sonego,Jan-Lennard Struff
20250618,Hard,Karen Khachanov,Zizou Bergs
20250618,Hard,Alexander Zverev,Marcos Giron
20250618,Hard,Daniil Medvedev,Quentin Halys
20250618,Hard,Alex Michelsen,Stefanos Tsitsipas
20250619,Hard,Karen Khachanov,Felix Auger-Aliassime
20250619,Hard,Flavio Cobolli,Denis Shapovalov
20250619,Hard,Tomas Martin Etcheverry,Andrey Rublev
20250619,Hard,Tomas Machac,Fabian Marozsan
20250619,Hard,Alexander Zverev,Lorenzo Sonego
20250619,Hard,Alexander Bublik,Jannik Sinner
20250620,Hard,Daniil Medvedev,Alex Michelsen
20250620,Hard,Alexander Zverev,Flavio Cobolli
20250620,Hard,Alexander Bublik,Tomas Machac
20250620,Hard,Karen Khachanov,Tomas Martin Etcheverry
20250621,Hard,Daniil Medvedev,Alexander Zverev
20250621,Hard,Alexander Bublik,Karen Khachanov
20250622,Hard,Alexander Bublik,Daniil Medvedev
20250614,Hard,Arthur Rinderknech,Johannus Monday
20250614,Hard,Mackenzie McDonald,Aleksandar Kovacevic
20250614,Hard,Corentin Moutet,Mattia Bellucci
20250614,Hard,Henry Searle,Bu Yunchaokete
20250614,Hard,Aleksandar Vukic,Juan Manuel Cerundolo
20250614,Hard,Christopher O'Connell,James Duckworth
20250614,Hard,Alex Bolt,Jay Clarke
20250614,Hard,Adam Walton,Hamad Medjedovic
20250615,Hard,Corentin Moutet,Arthur Rinderknech
20250615,Hard,Mackenzie McDonald,Henry Searle
20250615,Hard,Alex Bolt,Christopher O'Connell
20250615,Hard,Aleksandar Vukic,Adam Walton
20250616,Hard,Daniel Evans,Frances Tiafoe
20250616,Hard,Roberto Bautista Agut,Nuno Borges
20250616,Hard,Holger Rune,Christopher O'Connell
20250616,Hard,Jakub Mensik,Cameron Norrie
20250616,Hard,Jacob Fearnley,Alex Bolt
20250616,Hard,Mackenzie McDonald,Gael Monfils
20250617,Hard,Alexei Popyrin,Aleksandar Vukic
20250617,Hard,Brandon Nakashima,Giovanni Mpetshi Perricard
20250617,Hard,Jiri Lehecka,Alex de Minaur
20250617,Hard,Reilly Opelka,Camilo Ugo Carabelli
20250617,Hard,Arthur Rinderknech,Ben Shelton
20250617,Hard,Carlos Alcaraz,Adam Walton
20250617,Hard,Corentin Moutet,Taylor Fritz
20250617,Hard,Gabriel Diallo,Billy Harris
20250618,Hard,Roberto Bautista Agut,Jakub Mensik
20250618,Hard,Jack Draper,Alexei Popyrin
20250618,Hard,Brandon Nakashima,Daniel Evans
20250618,Hard,Holger Rune,Mackenzie McDonald
20250619,Hard,Jiri Lehecka,Gabriel Diallo
20250619,Hard,Jacob Fearnley,Corentin Moutet
20250619,Hard,Carlos Alcaraz,Jaume Munar
20250619,Hard,Arthur Rinderknech,Reilly Opelka
20250620,Hard,Jiri Lehecka,Jacob Fearnley
20250620,Hard,Jack Draper,Brandon Nakashima
20250620,Hard,Carlos Alcaraz,Arthur Rinderknech
20250620,Hard,Roberto Bautista Agut,Holger Rune
20250621,Hard,Jiri Lehecka,Jack Draper
20250621,Hard,Carlos Alcaraz,Roberto Bautista Agut
20250622,Hard,Carlos Alcaraz,Jiri Lehecka
20250621,Hard,Aleksandar Vukic,Jay Clarke
20250621,Hard,Jenson Brooksby,Kamil Majchrzak
20250621,Hard,James Duckworth,Henry Searle
20250621,Hard,Johannus Monday,Christopher O'Connell
20250621,Hard,Chun-Hsin Tseng,Geoffrey Blancaneaux
20250621,Hard,Billy Harris,Luca Nardi
20250621,Hard,Mattia Bellucci,Marek Gengel
20250621,Hard,George Loffhagen,Mackenzie McDonald
20250622,Hard,Aleksandar Vukic,Jenson Brooksby
20250622,Hard,James Duckworth,Johannus Monday
20250622,Hard,Mattia Bellucci,Chun-Hsin Tseng
20250622,Hard,George Loffhagen,Billy Harris
20250623,Hard,Joao Fonseca,Zizou Bergs
20250623,Hard,Daniel Evans,Miomir Kecmanovic
20250623,Hard,Mattia Bellucci,Quentin Halys
20250623,Hard,Lorenzo Sonego,Fabian Marozsan
20250623,Hard,Alejandro Davidovich Fokina,Chun-Hsin Tseng
20250624,Hard,Reilly Opelka,George Loffhagen
20250624,Hard,James Duckworth,Aleksandar Vukic
20250624,Hard,Marcos Giron,Luciano Darderi
20250624,Hard,Nuno Borges,Jack Pinnington Jones
20250624,Hard,Jenson Brooksby,Francisco Comesana
20250624,Hard,Billy Harris,Cameron Norrie
20250624,Hard,Jacob Fearnley,Flavio Cobolli
20250625,Hard,Jenson Brooksby,Nuno Borges
20250625,Hard,Ugo Humbert,Lorenzo Sonego
20250625,Hard,Billy Harris,Mattia Bellucci
20250625,Hard,Jakub Mensik,Reilly Opelka
20250625,Hard,Alejandro Davidovich Fokina,James Duckworth
20250625,Hard,Marcos Giron,Jacob Fearnley
20250625,Hard,Daniel Evans,Tommy Paul
20250626,Hard,Ugo Humbert,Billy Harris
20250626,Hard,Taylor Fritz,Joao Fonseca
20250626,Hard,Jenson Brooksby,Daniel Evans
20250626,Hard,Alejandro Davidovich Fokina,Jakub Mensik
20250626,Hard,Taylor Fritz,Marcos Giron
20250627,Hard,Jenson Brooksby,Ugo Humbert
20250627,Hard,Taylor Fritz,Alejandro Davidovich Fokina
20250628,Hard,Taylor Fritz,Jenson Brooksby
20250621,Hard,Elisabetta Cocciaretto,Emiliana Arango
20250621,Hard,Suzan Lamens,Hannah Klugman
20250621,Hard,Hailey Baptiste,Yuan Yue
20250621,Hard,Heather Watson,Jessica Bouzas Maneiro
20250621,Hard,Kamilla Rakhimova,Bernarda Pera
20250621,Hard,Alexandra Eala,Zeynep Sonmez
20250621,Hard,Greet Minnen,Anca Todoni
20250621,Hard,Renata Zarazua,Mika Stojsavljevic
20250621,Hard,Kimberly Birrell,Katie Volynets
20250621,Hard,Anna Bondar,Megan Knight
20250621,Hard,Varvara Gracheva,Caroline Dolehide
20250621,Hard,Viktorija Golubic,Mayar Sherif
20250622,Hard,Elisabetta Cocciaretto,Suzan Lamens
20250622,Hard,Kamilla Rakhimova,Heather Watson
20250622,Hard,Alexandra Eala,Hailey Baptiste
20250622,Hard,Kimberly Birrell,Anna Bondar
20250622,Hard,Varvara Gracheva,Viktorija Golubic
20250622,Hard,Greet Minnen,Renata Zarazua
20250623,Hard,Anastasia Pavlyuchenkova,Viktoriya Tomova
20250623,Hard,Alexandra Eala,Lucia Bronzetti
20250623,Hard,Anna Blinkova,Marie Bouzkova
20250623,Hard,Francesca Jones,Greet Minnen
20250623,Hard,Lulu Sun,Daria Kasatkina
20250623,Hard,Maya Joint,Ons Jabeur
20250624,Hard,Kamilla Rakhimova,Elisabetta Cocciaretto
20250624,Hard,Kimberly Birrell,Sofia Kenin
20250624,Hard,Barbora Krejcikova,Harriet Dart
20250624,Hard,Varvara Gracheva,Camila Osorio
20250624,Hard,Jodie Burrage,Moyuka Uchijima
20250624,Hard,Rebecca Sramkova,Jaqueline Cristian
20250624,Hard,Emma Raducanu,Ann Li
20250624,Hard,Jelena Ostapenko,Sonay Kartal
20250624,Hard,Peyton Stearns,Mimi Xu
20250625,Hard,Anastasia Pavlyuchenkova,Kimberly Birrell
20250625,Hard,Barbora Krejcikova,Jodie Burrage
20250625,Hard,Varvara Gracheva,Rebecca Sramkova
20250625,Hard,Anna Blinkova,Lulu Sun
20250625,Hard,Maya Joint,Emma Raducanu
20250625,Hard,Kamilla Rakhimova,Peyton Stearns
20250625,Hard,Dayana Yastremska,Francesca Jones
20250626,Hard,Varvara Gracheva,Barbora Krejcikova
20250626,Hard,Maya Joint,Anna Blinkova
20250626,Hard,Alexandra Eala,Dayana Yastremska
20250626,Hard,Anastasia Pavlyuchenkova,Kamilla Rakhimova
20250627,Hard,Alexandra Eala,Varvara Gracheva
20250627,Hard,Maya Joint,Anastasia Pavlyuchenkova
20250628,Hard,Maya Joint,Alexandra Eala
20250621,Hard,Nishesh Basavareddy,Botic Van De Zandschulp
20250621,Hard,Mariano Navone,Sebastian Ofner
20250621,Hard,Brandon Holt,Adam Walton
20250621,Hard,Aleksandar Kovacevic,Sascha Gueymard Wayenburg
20250621,Hard,Elias Ymer,Aleksandr Shevchenko
20250621,Hard,Ethan Quinn,Oliver Crawford
20250621,Hard,Vit Kopriva,Petros Tsitsipas
20250621,Hard,Bernard Tomic,Jesper de Jong
20250622,Hard,Brandon Holt,Elias Ymer
20250622,Hard,Bernard Tomic,Aleksandar Kovacevic
20250622,Hard,Nishesh Basavareddy,Mariano Navone
20250622,Hard,Ethan Quinn,Vit Kopriva
20250622,Hard,Laslo Djere,Bu Yunchaokete
20250622,Hard,Daniel Altmaier,Fabio Fognini
20250623,Hard,Roman Safiullin,Alexandre Muller
20250623,Hard,Corentin Moutet,Pedro Martinez
20250623,Hard,Hamad Medjedovic,Nishesh Basavareddy
20250623,Hard,Arthur Rinderknech,Damir Dzumhur
20250623,Hard,Gabriel Diallo,Jaume Munar
20250623,Hard,Ethan Quinn,Camilo Ugo Carabelli
20250623,Hard,Learner Tien,Justin Engel
20250624,Hard,Bernard Tomic,Rinky Hijikata
20250624,Hard,Brandon Holt,Benjamin Bonzi
20250624,Hard,Roberto Bautista Agut,Tomas Martin Etcheverry
20250624,Hard,Hamad Medjedovic,Roman Safiullin
20250624,Hard,Tallon Griekspoor,Ethan Quinn
20250624,Hard,Gabriel Diallo,Laslo Djere
20250624,Hard,Felix Auger-Aliassime,Arthur Rinderknech
20250625,Hard,Corentin Moutet,Daniel Altmaier
20250625,Hard,Alex Michelsen,Brandon Holt
20250625,Hard,Learner Tien,Ben Shelton
20250625,Hard,Roberto Bautista Agut,Bernard Tomic
20250626,Hard,Tallon Griekspoor,Gabriel Diallo
20250626,Hard,Felix Auger-Aliassime,Hamad Medjedovic
20250626,Hard,Corentin Moutet,Learner Tien
20250626,Hard,Alex Michelsen,Roberto Bautista Agut
20250627,Hard,Tallon Griekspoor,Felix Auger-Aliassime
20250627,Hard,Corentin Moutet,Alex Michelsen
20250628,Hard,Tallon Griekspoor,Corentin Moutet
20250623,Hard,Alexander Blockx,Facundo Mena
20250623,Hard,Federico Agustin Gomez,Federico Arnaboldi
20250623,Hard,Timofey Skatov,Stefano Napolitano
20250623,Hard,Oliver Tarvet,Terence Atmane
20250623,Hard,August Holmgren,Giles Hussey
20250623,Hard,Mikhail Kukushkin,Thiago Seyboth Wild
20250623,Hard,James Trotter,Calvin Hemery
20250623,Hard,Luka Pavlovic,Tristan Boyer
20250623,Hard,Paul Jubb,Thiago Agustin Tirante
20250623,Hard,Giulio Zeppieri,Sumit Nagal
20250623,Hard,Leandro Riedi,Sun Fajing
20250623,Hard,Roman Andres Burruchaga,Dmitry Popko
20250623,Hard,James McCabe,Borna Gojo
20250623,Hard,Luca Van Assche,Juan Manuel Cerundolo
20250623,Hard,Alexis Galarneau,Murphy Cassone
20250623,Hard,Henrique Rocha,Murkel Dellien
20250623,Hard,Colton Smith,Santiago Rodriguez Taverna
20250623,Hard,Hady Habib,Filip Cristian Jianu
20250623,Hard,Chak Lam Coleman Wong,Pol Martin Tiffon
20250623,Hard,Marton Fucsovics,Jurij Rodionov
20250623,Hard,Yannick Hanfmann,Hugo Grenier
20250623,Hard,Nikoloz Basilashvili,Pablo Llamas Ruiz
20250623,Hard,Cristian Garin,Francesco Maestrelli
20250623,Hard,Zachary Svajda,Lukas Neumayer
20250623,Hard,Alex Bolt,Harold Mayot
20250623,Hard,Mark Lajal,Jan Choinski
20250623,Hard,Beibit Zhukayev,Vitaliy Sachko
20250623,Hard,Tomas Barrios Vera,James Story
20250623,Hard,Eliot Spizzirri,Alejandro Moro Canas
20250623,Hard,Chris Rodesch,Matteo Gigante
20250623,Hard,Martin Landaluce,Francesco Passaro
20250623,Hard,Ryan Peniston,Facundo Bagnis
20250623,Hard,Adrian Mannarino,Andrea Collarini
20250623,Hard,Marco Trungelliti,Alibek Kachmazov
20250623,Hard,Benjamin Hassan,Duje Ajdukovic
20250623,Hard,Taro Daniel,Edas Butvilas
20250623,Hard,Nicolai Budkov Kjaer,Bai Yan
20250623,Hard,Tristan Schoolkate,Facundo Diaz Acosta
20250623,Hard,Ugo Blanchet,Daniel Rincon
20250623,Hard,Jozef Kovalik,Antoine Escoffier
20250623,Hard,Valentin Royer,Marc-Andrea Huesler
20250623,Hard,Jaime Faria,Zsombor Piros
20250623,Hard,Titouan Droguet,Andrea Pellegrino
20250623,Hard,Nicolas Jarry,Pavel Kotov
20250623,Hard,Emilio Nava,Mitchell Krueger
20250623,Hard,Dominic Stricker,Saba Purtseladze
20250623,Hard,Gauthier Onclin,Constant Lestienne
20250623,Hard,Yasutaka Uchiyama,Gijs Brouwer
20250623,Hard,Dusan Lajovic,Liam Draxl
20250623,Hard,Vilius Gaubas,Yuta Shimizu
20250623,Hard,Lukas Klein,Jerome Kym
20250623,Hard,Dalibor Svrcina,Omar Jasika
20250623,Hard,Juan Pablo Ficovich,Carlos Taberner
20250623,Hard,Felipe Meligeni Alves,Alvaro Guillen Meza
20250623,Hard,Arthur Bouquier,Alastair Gray
20250623,Hard,Kyrian Jacquet,Maximilian Marterer
20250623,Hard,Sho Shimabukuro,Aziz Dougaz
20250623,Hard,Oliver Bonding,Viktor Durasovic
20250623,Hard,Shintaro Mochizuki,Pierre-Hugues Herbert
20250623,Hard,Arthur Cazaux,Ignacio Buse
20250623,Hard,Filip Misolic,Guy Den Ouden
20250623,Hard,Li Tu,Daniel Elahi Galan
20250625,Hard,Tomas Barrios Vera,Henrique Rocha
20250625,Hard,Leandro Riedi,Federico Agustin Gomez
20250625,Hard,Hamish Stewart,Luca Van Assche
20250625,Hard,Alexander Blockx,Timofey Skatov
20250625,Hard,Oliver Tarvet,Alexis Galarneau
20250625,Hard,Yosuke Watanuki,Colton Smith
20250625,Hard,August Holmgren,Mikhail Kukushkin
20250625,Hard,Alex Bolt,Eliot Spizzirri
20250625,Hard,Beibit Zhukayev,Yannick Hanfmann
20250625,Hard,Luka Pavlovic,James Trotter
20250625,Hard,James McCabe,Roman Andres Burruchaga
20250625,Hard,Martin Landaluce,Ryan Peniston
20250625,Hard,Titouan Droguet,Taro Daniel
20250625,Hard,Marton Fucsovics,Zachary Svajda
20250625,Hard,Valentin Royer,Yasutaka Uchiyama
20250625,Hard,Arthur Cazaux,Ugo Blanchet
20250625,Hard,Li Tu,Sho Shimabukuro
20250625,Hard,Cristian Garin,Hady Habib
20250625,Hard,Benjamin Hassan,Tristan Schoolkate
20250625,Hard,Chris Rodesch,Mark Lajal
20250625,Hard,Dusan Lajovic,Arthur Bouquier
20250625,Hard,Dominic Stricker,Emilio Nava
20250625,Hard,Giulio Zeppieri,Paul Jubb
20250625,Hard,Adrian Mannarino,Nicolai Budkov Kjaer
20250625,Hard,Nicolas Jarry,Jozef Kovalik
20250625,Hard,Filip Misolic,Gauthier Onclin
20250625,Hard,Shintaro Mochizuki,Felipe Meligeni Alves
20250625,Hard,Kyrian Jacquet,Vilius Gaubas
20250625,Hard,Jaime Faria,Marco Trungelliti
20250625,Hard,Lukas Klein,Dalibor Svrcina
20250625,Hard,Juan Pablo Ficovich,Oliver Bonding
20250625,Hard,Nikoloz Basilashvili,Chak Lam Coleman Wong
20250626,Hard,James McCabe,Tomas Barrios Vera
20250626,Hard,Oliver Tarvet,Alexander Blockx
20250626,Hard,Alex Bolt,Martin Landaluce
20250626,Hard,Beibit Zhukayev,Luka Pavlovic
20250626,Hard,Giulio Zeppieri,Cristian Garin
20250626,Hard,Arthur Cazaux,Dusan Lajovic
20250626,Hard,Valentin Royer,Titouan Droguet
20250626,Hard,Adrian Mannarino,Li Tu
20250626,Hard,Leandro Riedi,Hamish Stewart
20250626,Hard,Filip Misolic,Benjamin Hassan
20250626,Hard,August Holmgren,Yosuke Watanuki
20250626,Hard,Chris Rodesch,Marton Fucsovics
20250626,Hard,Nikoloz Basilashvili,Juan Pablo Ficovich
20250626,Hard,Nicolas Jarry,Lukas Klein
20250626,Hard,Shintaro Mochizuki,Dominic Stricker
20250626,Hard,Jaime Faria,Kyrian Jacquet
20250630,Hard,Oliver Tarvet,Leandro Riedi
20250630,Hard,Adrian Mannarino,Christopher O'Connell
20250630,Hard,Jordan Thompson,Vit Kopriva
20250630,Hard,Learner Tien,Nishesh Basavareddy
20250630,Hard,Mattia Bellucci,Oliver Crawford
20250630,Hard,Jiri Lehecka,Hugo Dellien
20250630,Hard,Frances Tiafoe,Elmer Moller
20250630,Hard,Benjamin Bonzi,Daniil Medvedev
20250630,Hard,Cameron Norrie,Roberto Bautista Agut
20250630,Hard,Arthur Fery,Alexei Popyrin
20250630,Hard,Lloyd Harris,Zizou Bergs
20250630,Hard,Nicolas Jarry,Holger Rune
20250630,Hard,Valentin Royer,Stefanos Tsitsipas
20250630,Hard,Carlos Alcaraz,Fabio Fognini
20250630,Hard,Luciano Darderi,Roman Safiullin
20250630,Hard,Nuno Borges,Francisco Cerundolo
20250630,Hard,Felix Auger-Aliassime,James Duckworth
20250630,Hard,Joao Fonseca,Jacob Fearnley
20250630,Hard,Ethan Quinn,Henry Searle
20250630,Hard,Billy Harris,Dusan Lajovic
20250630,Hard,Karen Khachanov,Mackenzie McDonald
20250630,Hard,Cristian Garin,Chris Rodesch
20250630,Hard,Andrey Rublev,Laslo Djere
20250630,Hard,Jan-Lennard Struff,Filip Misolic
20250630,Hard,Kamil Majchrzak,Matteo Berrettini
20250630,Hard,Alejandro Davidovich Fokina,Brandon Holt
20250630,Hard,Jenson Brooksby,Tallon Griekspoor
20250630,Hard,Gabriel Diallo,Daniel Altmaier
20250701,Hard,Lorenzo Sonego,Jaime Faria
20250701,Hard,Arthur Cazaux,Adam Walton
20250701,Hard,Alex de Minaur,Roberto Carballes Baena
20250701,Hard,Miomir Kecmanovic,Alex Michelsen
20250701,Hard,Aleksandar Vukic,Chun-Hsin Tseng
20250701,Hard,Tommy Paul,Johannus Monday
20250701,Hard,Fabian Marozsan,James McCabe
20250701,Hard,Nikoloz Basilashvili,Lorenzo Musetti
20250701,Hard,Jesper de Jong,Christopher Eubanks
20250701,Hard,Mariano Navone,Denis Shapovalov
20250701,Hard,Jaume Munar,Alexander Bublik
20250701,Hard,Jannik Sinner,Luca Nardi
20250701,Hard,Sebastian Ofner,Hamad Medjedovic
20250701,Hard,Botic Van De Zandschulp,Matteo Arnaldi
20250701,Hard,Pedro Martinez,George Loffhagen
20250701,Hard,Daniel Evans,Jay Clarke
20250701,Hard,Shintaro Mochizuki,Giulio Zeppieri
20250701,Hard,Corentin Moutet,Francisco Comesana
20250701,Hard,Taylor Fritz,Giovanni Mpetshi Perricard
20250701,Hard,August Holmgren,Quentin Halys
20250701,Hard,Tomas Machac,Damir Dzumhur
20250701,Hard,Arthur Rinderknech,Alexander Zverev
20250701,Hard,Flavio Cobolli,Beibit Zhukayev
20250701,Hard,Jakub Mensik,Hugo Gaston
20250701,Hard,Marin Cilic,Raphael Collignon
20250701,Hard,Ben Shelton,Alex Bolt
20250701,Hard,Reilly Opelka,Aleksandr Shevchenko
20250701,Hard,Gael Monfils,Ugo Humbert
20250701,Hard,Marton Fucsovics,Aleksandar Kovacevic
20250701,Hard,Grigor Dimitrov,Yoshihito Nishioka
20250701,Hard,Rinky Hijikata,David Goffin
20250701,Hard,Jack Pinnington Jones,Tomas Martin Etcheverry
20250701,Hard,Jack Draper,Sebastian Baez
20250701,Hard,Marcos Giron,Camilo Ugo Carabelli
20250701,Hard,Novak Djokovic,Alexandre Muller
20250702,Hard,Joao Fonseca,Jenson Brooksby
20250702,Hard,Cameron Norrie,Frances Tiafoe
20250702,Hard,Adrian Mannarino,Valentin Royer
20250702,Hard,Nicolas Jarry,Learner Tien
20250702,Hard,Karen Khachanov,Shintaro Mochizuki
20250702,Hard,Andrey Rublev,Lloyd Harris
20250702,Hard,Nuno Borges,Billy Harris
20250702,Hard,Brandon Nakashima,Bu Yunchaokete
20250702,Hard,Carlos Alcaraz,Oliver Tarvet
20250702,Hard,Jordan Thompson,Benjamin Bonzi
20250702,Hard,Mattia Bellucci,Jiri Lehecka
20250702,Hard,Kamil Majchrzak,Ethan Quinn
20250702,Hard,Taylor Fritz,Gabriel Diallo
20250703,Hard,Flavio Cobolli,Jack Pinnington Jones
20250703,Hard,Miomir Kecmanovic,Jesper de Jong
20250703,Hard,Jakub Mensik,Marcos Giron
20250703,Hard,Alex de Minaur,Arthur Cazaux
20250703,Hard,Grigor Dimitrov,Corentin Moutet
20250703,Hard,Alejandro Davidovich Fokina,Botic Van De Zandschulp
20250703,Hard,Jaume Munar,Fabian Marozsan
20250703,Hard,Jan-Lennard Struff,Felix Auger-Aliassime
20250703,Hard,Arthur Rinderknech,Cristian Garin
20250703,Hard,Novak Djokovic,Daniel Evans
20250703,Hard,August Holmgren,Tomas Machac
20250703,Hard,Luciano Darderi,Arthur Fery
20250703,Hard,Pedro Martinez,Mariano Navone
20250703,Hard,Brandon Nakashima,Reilly Opelka
20250703,Hard,Sebastian Ofner,Tommy Paul
20250703,Hard,Marin Cilic,Jack Draper
20250703,Hard,Lorenzo Sonego,Nikoloz Basilashvili
20250703,Hard,Jannik Sinner,Aleksandar Vukic
20250704,Hard,Marton Fucsovics,Gael Monfils
20250704,Hard,Ben Shelton,Rinky Hijikata
20250704,Hard,Taylor Fritz,Alejandro Davidovich Fokina
20250704,Hard,Andrey Rublev,Adrian Mannarino
20250704,Hard,Cameron Norrie,Mattia Bellucci
20250704,Hard,Jordan Thompson,Luciano Darderi
20250704,Hard,Kamil Majchrzak,Arthur Rinderknech
20250704,Hard,Nicolas Jarry,Joao Fonseca
20250704,Hard,Karen Khachanov,Nuno Borges
20250704,Hard,Carlos Alcaraz,Jan-Lennard Struff
20250705,Hard,Flavio Cobolli,Jakub Mensik
20250705,Hard,Jannik Sinner,Pedro Martinez
20250705,Hard,Grigor Dimitrov,Sebastian Ofner
20250705,Hard,Lorenzo Sonego,Brandon Nakashima
20250705,Hard,Alex de Minaur,August Holmgren
20250705,Hard,Marin Cilic,Jaume Munar
20250705,Hard,Ben Shelton,Marton Fucsovics
20250705,Hard,Novak Djokovic,Miomir Kecmanovic
20250706,Hard,Karen Khachanov,Kamil Majchrzak
20250706,Hard,Taylor Fritz,Jordan Thompson
20250706,Hard,Cameron Norrie,Nicolas Jarry
20250706,Hard,Carlos Alcaraz,Andrey Rublev
20250707,Hard,Flavio Cobolli,Marin Cilic
20250707,Hard,Novak Djokovic,Alex de Minaur
20250707,Hard,Ben Shelton,Lorenzo Sonego
20250707,Hard,Jannik Sinner,Grigor Dimitrov
20250708,Hard,Taylor Fritz,Karen Khachanov
20250708,Hard,Carlos Alcaraz,Cameron Norrie
20250709,Hard,Jannik Sinner,Ben Shelton
20250709,Hard,Novak Djokovic,Flavio Cobolli
20250711,Hard,Carlos Alcaraz,Taylor Fritz
20250711,Hard,Jannik Sinner,Novak Djokovic
20250713,Hard,Jannik Sinner,Carlos Alcaraz
20250624,Hard,Rebeka Masarova,Alina Korneeva
20250624,Hard,Leyre Romero Gormaz,Katie Swan
20250624,Hard,Solana Sierra,Tessah Andrianjafitrimo
20250624,Hard,Talia Gibson,Andrea Lazaro Garcia
20250624,Hard,Alina Charaeva,Mona Barthel
20250624,Hard,Emerson Jones,Antonia Ruzic
20250624,Hard,Patricia Maria Tig,Kayla Cross
20250624,Hard,Robin Montgomery,Hanne Vandewinkel
20250624,Hard,Joanna Garland,Maria Lourdes Carle
20250624,Hard,Renata Jamrichova,Tamara Korpatsch
20250624,Hard,Bianca Andreescu,Laura Pigossi
20250624,Hard,Carson Branstine,Lois Boisson
20250624,Hard,Arianne Hartono,Tamara Zidansek
20250624,Hard,Lola Radivojevic,Hanna Chang
20250624,Hard,Nina Stojanovic,Susan Bandecchi
20250624,Hard,Diane Parry,Oleksandra Oliynykova
20250624,Hard,Wang Xiyu,Kristina Dmitruk
20250624,Hard,Darja Semenistaja,Ella McDonald
20250624,Hard,Raluka Serban,Maja Chwalinska
20250624,Hard,Daria Snigur,Berfu Cengiz
20250624,Hard,Destanee Aiava,Petra Marcinko
20250624,Hard,Priscilla Hon,Elena Pridankina
20250624,Hard,Valentina Ryser,Astra Sharma
20250624,Hard,Petra Martic,Maddison Inglis
20250624,Hard,Panna Udvardy,Daria Saville
20250624,Hard,Leonie Kung,Guiomar Maristany Zuleta De Reales
20250624,Hard,Iryna Shymanovich,Amelia Rajecki
20250624,Hard,Selena Janicijevic,Erika Andreeva
20250624,Hard,Kaja Juvan,Kyoka Okamura
20250624,Hard,Jana Fett,Wei Sijia
20250624,Hard,Hina Inoue,Sofia Costoulas
20250624,Hard,Anouk Koevermans,Jessika Ponchet
20250624,Hard,Victoria Mboko,Nao Hibino
20250624,Hard,Celine Naef,Chloe Paquet
20250624,Hard,Zhang Shuai,Lauren Davis
20250624,Hard,Kathinka von Deichmann,Sayaka Ishii
20250624,Hard,Whitney Osuigwe,Sinja Kraus
20250624,Hard,Taylor Townsend,Louisa Chirico
20250624,Hard,Lanlana Tararudee,Manon Leonard
20250624,Hard,Emily Appleton,Simona Waltert
20250624,Hard,Aliaksandra Sasnovich,Carlota Martinez Cirez
20250624,Hard,Veronika Erjavec,Leolia Jeanjean
20250624,Hard,Ana Bogdan,Ekaterina Makarova
20250624,Hard,Oksana Selekhmeteva,Yuriko Lily Miyazaki
20250624,Hard,Barbora Palicova,Jazmin Ortenzi
20250624,Hard,Jule Niemeier,Mai Hontama
20250624,Hard,Anastasia Zakharova,Lizette Cabrera
20250624,Hard,Ella Seidel,Kayla Day
20250624,Hard,Mariam Bolkvadze,Varvara Lepchenko
20250624,Hard,Katarzyna Kawa,Ranah Stoiber
20250624,Hard,Lucrezia Stefanini,Mihaela Buzarnescu
20250624,Hard,Gabriela Knutson,Rebecca Marino
20250624,Hard,Marina Bassols Ribera,Sara Saito
20250624,Hard,Arina Rodionova,Gao Xinyu
20250624,Hard,Victoria Jimenez Kasintseva,Nuria Brancaccio
20250624,Hard,Elsa Jacquemot,Miriam Bulgaru
20250624,Hard,Linda Fruhvirtova,Lea Boskovic
20250624,Hard,Amarni Banks,Julia Grabher
20250624,Hard,Julia Riera,Taylah Preston
20250624,Hard,Ena Shibahara,Stefanie Voegele
20250624,Hard,Iva Jovic,Linda Klimovicova
20250624,Hard,Nuria Parrizas Diaz,Justina Mikulskyte
20250624,Hard,Tereza Valentova,Maria Mateas
20250624,Hard,Alize Cornet,Katy Dunne
20250625,Hard,Talia Gibson,Arianne Hartono
20250625,Hard,Solana Sierra,Leyre Romero Gormaz
20250625,Hard,Diane Parry,Alina Charaeva
20250625,Hard,Emerson Jones,Lola Radivojevic
20250625,Hard,Kaja Juvan,Anouk Koevermans
20250625,Hard,Carson Branstine,Bianca Andreescu
20250625,Hard,Robin Montgomery,Patricia Maria Tig
20250625,Hard,Raluka Serban,Wang Xiyu
20250625,Hard,Petra Martic,Selena Janicijevic
20250625,Hard,Celine Naef,Mariam Bolkvadze
20250625,Hard,Joanna Garland,Renata Jamrichova
20250625,Hard,Priscilla Hon,Leonie Kung
20250625,Hard,Panna Udvardy,Destanee Aiava
20250625,Hard,Victoria Mboko,Valentina Ryser
20250625,Hard,Tereza Valentova,Lucrezia Stefanini
20250625,Hard,Elsa Jacquemot,Arina Rodionova
20250625,Hard,Taylor Townsend,Hina Inoue
20250625,Hard,Ella Seidel,Jule Niemeier
20250625,Hard,Nina Stojanovic,Rebeka Masarova
20250625,Hard,Katarzyna Kawa,Amarni Banks
20250625,Hard,Anastasia Zakharova,Ana Bogdan
20250625,Hard,Iva Jovic,Julia Riera
20250625,Hard,Jana Fett,Daria Snigur
20250625,Hard,Darja Semenistaja,Iryna Shymanovich
20250625,Hard,Ena Shibahara,Marina Bassols Ribera
20250625,Hard,Zhang Shuai,Whitney Osuigwe
20250625,Hard,Veronika Erjavec,Kathinka von Deichmann
20250625,Hard,Alize Cornet,Victoria Jimenez Kasintseva
20250625,Hard,Aliaksandra Sasnovich,Oksana Selekhmeteva
20250625,Hard,Emily Appleton,Barbora Palicova
20250625,Hard,Lanlana Tararudee,Gabriela Knutson
20250625,Hard,Linda Fruhvirtova,Nuria Parrizas Diaz
20250626,Hard,Kaja Juvan,Robin Montgomery
20250626,Hard,Diane Parry,Emerson Jones
20250626,Hard,Talia Gibson,Solana Sierra
20250626,Hard,Carson Branstine,Raluka Serban
20250626,Hard,Anastasia Zakharova,Tereza Valentova
20250626,Hard,Taylor Townsend,Celine Naef
20250626,Hard,Iva Jovic,Katarzyna Kawa
20250626,Hard,Ella Seidel,Jana Fett
20250626,Hard,Priscilla Hon,Victoria Mboko
20250626,Hard,Zhang Shuai,Lanlana Tararudee
20250626,Hard,Linda Fruhvirtova,Ena Shibahara
20250626,Hard,Elsa Jacquemot,Alize Cornet
20250626,Hard,Aliaksandra Sasnovich,Darja Semenistaja
20250626,Hard,Veronika Erjavec,Emily Appleton
20250626,Hard,Nina Stojanovic,Joanna Garland
20250626,Hard,Petra Martic,Panna Udvardy
20250630,Hard,Sonay Kartal,Jelena Ostapenko
20250630,Hard,Eva Lys,Yuan Yue
20250630,Hard,Diane Parry,Petra Martic
20250630,Hard,Elina Svitolina,Anna Bondar
20250630,Hard,Viktoriya Tomova,Ons Jabeur
20250630,Hard,Donna Vekic,Kimberly Birrell
20250630,Hard,Cristina Bucsa,Anca Todoni
20250630,Hard,Linda Noskova,Bernarda Pera
20250630,Hard,Aryna Sabalenka,Carson Branstine
20250630,Hard,Beatriz Haddad Maia,Rebecca Sramkova
20250630,Hard,Aliaksandra Sasnovich,Varvara Gracheva
20250630,Hard,Solana Sierra,Olivia Gadecki
20250630,Hard,Laura Siegemund,Peyton Stearns
20250630,Hard,Diana Shnaider,Moyuka Uchijima
20250630,Hard,Madison Keys,Elena-Gabriela Ruse
20250630,Hard,Olga Danilovic,Zhang Shuai
20250630,Hard,Leylah Fernandez,Hannah Klugman
20250630,Hard,Dalma Galfi,Harriet Dart
20250630,Hard,Renata Zarazua,Yanina Wickmayer
20250630,Hard,Marketa Vondrousova,McCartney Kessler
20250630,Hard,Ann Li,Viktorija Golubic
20250630,Hard,Emma Raducanu,Mimi Xu
20250630,Hard,Kamilla Rakhimova,Aoi Ito
20250630,Hard,Jasmine Paolini,Anastasija Sevastova
20250630,Hard,Amanda Anisimova,Yulia Putintseva
20250630,Hard,Marie Bouzkova,Lulu Sun
20250630,Hard,Naomi Osaka,Talia Gibson
20250630,Hard,Anastasia Pavlyuchenkova,Ajla Tomljanovic
20250630,Hard,Katie Boulter,Paula Badosa
20250630,Hard,Ashlyn Krueger,Mika Stojsavljevic
20250630,Hard,Elise Mertens,Linda Fruhvirtova
20250701,Hard,Clara Tauson,Heather Watson
20250701,Hard,Veronika Erjavec,Marta Kostyuk
20250701,Hard,Irina-Camelia Begu,Kaja Juvan
20250701,Hard,Daria Kasatkina,Emiliana Arango
20250701,Hard,Ekaterina Alexandrova,Priscilla Hon
20250701,Hard,Suzan Lamens,Iva Jovic
20250701,Hard,Katie Volynets,Tatjana Maria
20250701,Hard,Elisabetta Cocciaretto,Jessica Pegula
20250701,Hard,Katerina Siniakova,Zheng Qinwen
20250701,Hard,Anna Kalinskaya,Nina Stojanovic
20250701,Hard,Zeynep Sonmez,Jaqueline Cristian
20250701,Hard,Barbora Krejcikova,Alexandra Eala
20250701,Hard,Liudmila Samsonova,Maya Joint
20250701,Hard,Wang Xinyu,Karolina Muchova
20250701,Hard,Lucia Bronzetti,Jil Teichmann
20250701,Hard,Catherine McNally,Jodie Burrage
20250701,Hard,Maria Sakkari,Anna Blinkova
20250701,Hard,Iga Swiatek,Polina Kudermetova
20250701,Hard,Hailey Baptiste,Sorana Cirstea
20250701,Hard,Yuliia Starodubtseva,Francesca Jones
20250701,Hard,Danielle Collins,Camila Osorio
20250701,Hard,Mirra Andreeva,Mayar Sherif
20250701,Hard,Victoria Mboko,Magdalena Frech
20250701,Hard,Caroline Dolehide,Arantxa Rus
20250701,Hard,Emma Navarro,Petra Kvitova
20250701,Hard,Jessica Bouzas Maneiro,Ella Seidel
20250701,Hard,Veronika Kudermetova,Zhu Lin
20250701,Hard,Elsa Jacquemot,Magda Linette
20250701,Hard,Sofia Kenin,Taylor Townsend
20250701,Hard,Anastasia Zakharova,Victoria Azarenka
20250701,Hard,Belinda Bencic,Alycia Parks
20250701,Hard,Elena Rybakina,Elina Avanesyan
20250701,Hard,Dayana Yastremska,Coco Gauff
20250702,Hard,Madison Keys,Olga Danilovic
20250702,Hard,Sonay Kartal,Viktoriya Tomova
20250702,Hard,Laura Siegemund,Leylah Fernandez
20250702,Hard,Aryna Sabalenka,Marie Bouzkova
20250702,Hard,Cristina Bucsa,Donna Vekic
20250702,Hard,Elise Mertens,Ann Li
20250702,Hard,Dalma Galfi,Beatriz Haddad Maia
20250702,Hard,Solana Sierra,Katie Boulter
20250702,Hard,Amanda Anisimova,Renata Zarazua
20250702,Hard,Linda Noskova,Eva Lys
20250702,Hard,Diane Parry,Diana Shnaider
20250702,Hard,Kamilla Rakhimova,Jasmine Paolini
20250702,Hard,Naomi Osaka,Katerina Siniakova
20250702,Hard,Emma Raducanu,Marketa Vondrousova
20250702,Hard,Elina Svitolina,Aliaksandra Sasnovich
20250702,Hard,Anastasia Pavlyuchenkova,Ashlyn Krueger
20250703,Hard,Emma Navarro,Veronika Kudermetova
20250703,Hard,Zeynep Sonmez,Wang Xinyu
20250703,Hard,Mirra Andreeva,Lucia Bronzetti
20250703,Hard,Elisabetta Cocciaretto,Katie Volynets
20250703,Hard,Hailey Baptiste,Victoria Mboko
20250703,Hard,Danielle Collins,Veronika Erjavec
20250703,Hard,Belinda Bencic,Elsa Jacquemot
20250703,Hard,Ekaterina Alexandrova,Suzan Lamens
20250703,Hard,Elena Rybakina,Maria Sakkari
20250703,Hard,Barbora Krejcikova,Caroline Dolehide
20250703,Hard,Dayana Yastremska,Anastasia Zakharova
20250703,Hard,Iga Swiatek,Catherine McNally
20250703,Hard,Liudmila Samsonova,Yuliia Starodubtseva
20250703,Hard,Jessica Bouzas Maneiro,Sofia Kenin
20250703,Hard,Clara Tauson,Anna Kalinskaya
20250703,Hard,Daria Kasatkina,Irina-Camelia Begu
20250704,Hard,Solana Sierra,Cristina Bucsa
20250704,Hard,Amanda Anisimova,Dalma Galfi
20250704,Hard,Anastasia Pavlyuchenkova,Naomi Osaka
20250704,Hard,Sonay Kartal,Diane Parry
20250704,Hard,Linda Noskova,Kamilla Rakhimova
20250704,Hard,Laura Siegemund,Madison Keys
20250704,Hard,Elise Mertens,Elina Svitolina
20250704,Hard,Aryna Sabalenka,Emma Raducanu
20250705,Hard,Clara Tauson,Elena Rybakina
20250705,Hard,Belinda Bencic,Elisabetta Cocciaretto
20250705,Hard,Liudmila Samsonova,Daria Kasatkina
20250705,Hard,Jessica Bouzas Maneiro,Dayana Yastremska
20250705,Hard,Mirra Andreeva,Hailey Baptiste
20250705,Hard,Emma Navarro,Barbora Krejcikova
20250705,Hard,Ekaterina Alexandrova,Zeynep Sonmez
20250705,Hard,Iga Swiatek,Danielle Collins
20250706,Hard,Laura Siegemund,Solana Sierra
20250706,Hard,Anastasia Pavlyuchenkova,Sonay Kartal
20250706,Hard,Aryna Sabalenka,Elise Mertens
20250706,Hard,Amanda Anisimova,Linda Noskova
20250707,Hard,Belinda Bencic,Ekaterina Alexandrova
20250707,Hard,Liudmila Samsonova,Jessica Bouzas Maneiro
20250707,Hard,Mirra Andreeva,Emma Navarro
20250707,Hard,Iga Swiatek,Clara Tauson
20250708,Hard,Aryna Sabalenka,Laura Siegemund
20250708,Hard,Amanda Anisimova,Anastasia Pavlyuchenkova
20250709,Hard,Iga Swiatek,Liudmila Samsonova
20250709,Hard,Belinda Bencic,Mirra Andreeva
20250710,Hard,Amanda Anisimova,Aryna Sabalenka
20250710,Hard,Iga Swiatek,Belinda Bencic
20250712,Hard,Iga Swiatek,Amanda Anisimova
20250707,Hard,Jule Niemeier,Nao Hibino
20250707,Hard,Leyre Romero Gormaz,Julia Grabher
20250707,Hard,Martina Trevisan,Astra Sharma
20250707,Hard,Antonia Ruzic,Panna Udvardy
20250707,Hard,Darja Semenistaja,Maria Lourdes Carle
20250707,Hard,Justina Mikulskyte,Kajsa Rinaldo Persson
20250707,Hard,Mona Barthel,Tamara Korpatsch
20250708,Hard,Jana Fett,Ekaterina Makarova
20250708,Hard,Katarzyna Kawa,Nuria Parrizas Diaz
20250708,Hard,Mayar Sherif,Caijsa Hennemann
20250708,Hard,Dalma Galfi,Kaja Juvan
20250708,Hard,Louisa Chirico,Moyuka Uchijima
20250708,Hard,Lucia Bronzetti,Linea Bajraliu
20250708,Hard,Varvara Lepchenko,Berfu Cengiz
20250708,Hard,Elisabetta Cocciaretto,Irene Burillo
20250708,Hard,Lois Boisson,Chloe Paquet
20250709,Hard,Mayar Sherif,Varvara Lepchenko
20250709,Hard,Katarzyna Kawa,Martina Trevisan
20250709,Hard,Dalma Galfi,Leyre Romero Gormaz
20250709,Hard,Darja Semenistaja,Lois Boisson
20250709,Hard,Antonia Ruzic,Mona Barthel
20250709,Hard,Louisa Chirico,Jana Fett
20250709,Hard,Lucia Bronzetti,Jule Niemeier
20250709,Hard,Elisabetta Cocciaretto,Justina Mikulskyte
20250710,Hard,Katarzyna Kawa,Dalma Galfi
20250710,Hard,Mayar Sherif,Darja Semenistaja
20250710,Hard,Antonia Ruzic,Lucia Bronzetti
20250710,Hard,Elisabetta Cocciaretto,Louisa Chirico
20250711,Hard,Katarzyna Kawa,Mayar Sherif
20250711,Hard,Elisabetta Cocciaretto,Antonia Ruzic
20250712,Hard,Elisabetta Cocciaretto,Katarzyna Kawa
20250713,Hard,Pablo Llamas Ruiz,Luca Van Assche
20250713,Hard,Nicolai Budkov Kjaer,Thiago Seyboth Wild
20250713,Hard,Thiago Monteiro,Andrej Martin
20250713,Hard,Olle Wallin,Viktor Durasovic
20250713,Hard,Vilius Gaubas,Ludvig Hede
20250713,Hard,Filip Misolic,Radu Albot
20250713,Hard,Timofey Skatov,Sumit Nagal
20250713,Hard,Andrea Pellegrino,Daniel Michalski
20250714,Hard,Thiago Monteiro,Vilius Gaubas
20250714,Hard,Nicolai Budkov Kjaer,Pablo Llamas Ruiz
20250714,Hard,Filip Misolic,Olle Wallin
20250714,Hard,Andrea Pellegrino,Timofey Skatov
20250714,Hard,Jesper de Jong,William Rejchtman Vinciguerra
20250714,Hard,Luciano Darderi,Raphael Collignon
20250715,Hard,Vit Kopriva,Hugo Dellien
20250715,Hard,Damir Dzumhur,Sebastian Ofner
20250715,Hard,Hugo Gaston,Chun-Hsin Tseng
20250715,Hard,Andrea Pellegrino,Jaime Faria
20250715,Hard,Nicolai Budkov Kjaer,Thiago Monteiro
20250715,Hard,Elias Ymer,Tristan Boyer
20250716,Hard,Mariano Navone,Tomas Barrios Vera
20250716,Hard,Filip Misolic,Elmer Moller
20250716,Hard,Jesper de Jong,Vit Kopriva
20250716,Hard,Camilo Ugo Carabelli,Cristian Garin
20250716,Hard,Botic Van De Zandschulp,Mikael Ymer
20250716,Hard,Tallon Griekspoor,Andrea Pellegrino
20250716,Hard,Luciano Darderi,Elias Ymer
20250716,Hard,Sebastian Baez,Nicolai Budkov Kjaer
20250717,Hard,Camilo Ugo Carabelli,Botic Van De Zandschulp
20250717,Hard,Filip Misolic,Nuno Borges
20250717,Hard,Francisco Cerundolo,Mariano Navone
20250717,Hard,Damir Dzumhur,Hugo Gaston
20250718,Hard,Jesper de Jong,Tallon Griekspoor
20250718,Hard,Camilo Ugo Carabelli,Filip Misolic
20250718,Hard,Luciano Darderi,Sebastian Baez
20250718,Hard,Francisco Cerundolo,Damir Dzumhur
20250719,Hard,Jesper de Jong,Camilo Ugo Carabelli
20250719,Hard,Luciano Darderi,Francisco Cerundolo
20250720,Hard,Luciano Darderi,Jesper de Jong
20250712,Hard,Francesco Passaro,Mika Brunold
20250712,Hard,Facundo Bagnis,Chak Lam Coleman Wong
20250712,Hard,Calvin Hemery,Yannick Hanfmann
20250712,Hard,Gonzalo Bueno,Marc-Andrea Huesler
20250712,Hard,Marco Trungelliti,Alexander Ritschard
20250712,Hard,Ignacio Buse,Albert Ramos-Vinolas
20250712,Hard,Henry Bernet,Dmitry Popko
20250712,Hard,Patrick Zahraj,Henrique Rocha
20250713,Hard,Francesco Passaro,Gonzalo Bueno
20250713,Hard,Calvin Hemery,Facundo Bagnis
20250713,Hard,Marco Trungelliti,Henry Bernet
20250713,Hard,Ignacio Buse,Patrick Zahraj
20250714,Hard,Kamil Majchrzak,Terence Atmane
20250714,Hard,Roman Andres Burruchaga,Dalibor Svrcina
20250714,Hard,Ignacio Buse,Laslo Djere
20250714,Hard,Arthur Cazaux,Nikoloz Basilashvili
20250714,Hard,Dominic Stricker,Pierre-Hugues Herbert
20250715,Hard,Francisco Comesana,Marco Trungelliti
20250715,Hard,Juan Manuel Cerundolo,Jan-Lennard Struff
20250715,Hard,Francesco Passaro,Arthur Rinderknech
20250715,Hard,David Goffin,Martin Landaluce
20250715,Hard,Roberto Carballes Baena,Carlos Taberner
20250715,Hard,Jerome Kym,Calvin Hemery
20250715,Hard,Aleksandr Shevchenko,Stan Wawrinka
20250716,Hard,Ignacio Buse,Kamil Majchrzak
20250716,Hard,Roman Andres Burruchaga,Patrick Zahraj
20250716,Hard,Casper Ruud,Dominic Stricker
20250717,Hard,Francisco Comesana,Roberto Carballes Baena
20250717,Hard,Juan Manuel Cerundolo,David Goffin
20250717,Hard,Arthur Cazaux,Tomas Martin Etcheverry
20250717,Hard,Alexander Bublik,Aleksandr Shevchenko
20250717,Hard,Jerome Kym,Francesco Passaro
20250718,Hard,Ignacio Buse,Roman Andres Burruchaga
20250718,Hard,Juan Manuel Cerundolo,Casper Ruud
20250718,Hard,Alexander Bublik,Francisco Comesana
20250718,Hard,Arthur Cazaux,Jerome Kym
20250719,Hard,Juan Manuel Cerundolo,Ignacio Buse
20250719,Hard,Alexander Bublik,Arthur Cazaux
20250720,Hard,Alexander Bublik,Juan Manuel Cerundolo
20250713,Hard,Murphy Cassone,Evan Zhu
20250713,Hard,Nicolas Mejia,Isaiah Strode
20250713,Hard,Govind Nanda,Strong Kirchheimer
20250713,Hard,Taha Baadi,Yasutaka Uchiyama
20250713,Hard,Wu Yibing,Braden Shick
20250713,Hard,Mark Lajal,Luca Lemaitre
20250713,Hard,Bernard Tomic,Elijah Strode
20250713,Hard,Alan Magadan,Moerani Bouzige
20250714,Hard,Nicolas Mejia,Murphy Cassone
20250714,Hard,Govind Nanda,Taha Baadi
20250714,Hard,Alan Magadan,Mark Lajal
20250714,Hard,Wu Yibing,Bernard Tomic
20250715,Hard,Aleksandar Kovacevic,Hady Habib
20250715,Hard,Emilio Nava,Aleksandar Vukic
20250715,Hard,Juan Pablo Ficovich,Alibek Kachmazov
20250715,Hard,Alex Hernandez,Taro Daniel
20250716,Hard,Daniel Altmaier,Mitchell Krueger
20250716,Hard,Tristan Schoolkate,Wu Yibing
20250716,Hard,Govind Nanda,Colton Smith
20250716,Hard,Bu Yunchaokete,Alan Magadan
20250716,Hard,Nishesh Basavareddy,Nicolas Mejia
20250716,Hard,James Duckworth,Adrian Mannarino
20250716,Hard,Adam Walton,Rodrigo Pacheco Mendez
20250716,Hard,Luis Carlos Alvarez,James McCabe
20250717,Hard,Emilio Nava,Bu Yunchaokete
20250717,Hard,Juan Pablo Ficovich,Quentin Halys
20250717,Hard,Denis Shapovalov,Govind Nanda
20250717,Hard,Andrey Rublev,Alex Hernandez
20250717,Hard,Aleksandar Kovacevic,Luis Carlos Alvarez
20250717,Hard,James Duckworth,Alejandro Davidovich Fokina
20250717,Hard,Tristan Schoolkate,Daniel Altmaier
20250717,Hard,Adam Walton,Nishesh Basavareddy
20250718,Hard,Denis Shapovalov,Tristan Schoolkate
20250718,Hard,Adam Walton,James Duckworth
20250718,Hard,Andrey Rublev,Emilio Nava
20250718,Hard,Aleksandar Kovacevic,Juan Pablo Ficovich
20250719,Hard,Denis Shapovalov,Adam Walton
20250719,Hard,Aleksandar Kovacevic,Andrey Rublev
20250720,Hard,Denis Shapovalov,Aleksandar Kovacevic
20250719,Hard,Pablo Llamas Ruiz,Kyrian Jacquet
20250719,Hard,Vilius Gaubas,Federico Arnaboldi
20250719,Hard,Giulio Zeppieri,Federico Coria
20250719,Hard,Luca Van Assche,Marco Cecchinato
20250719,Hard,Andrea Pellegrino,Vitaliy Sachko
20250719,Hard,Titouan Droguet,Niels McDonald
20250719,Hard,Luka Mikrut,Marco Trungelliti
20250719,Hard,Alvaro Guillen Meza,Ugo Blanchet
20250720,Hard,Giulio Zeppieri,Luca Van Assche
20250720,Hard,Titouan Droguet,Vilius Gaubas
20250720,Hard,Pablo Llamas Ruiz,Andrea Pellegrino
20250720,Hard,Vit Kopriva,Raphael Collignon
20250720,Hard,Alvaro Guillen Meza,Luka Mikrut
20250720,Hard,Francesco Passaro,Matej Dodig
20250721,Hard,Carlos Taberner,Pierre-Hugues Herbert
20250721,Hard,Chun-Hsin Tseng,Giulio Zeppieri
20250721,Hard,Pablo Llamas Ruiz,Kamil Majchrzak
20250721,Hard,Terence Atmane,Dusan Lajovic
20250721,Hard,Titouan Droguet,Cristian Garin
20250721,Hard,Nikoloz Basilashvili,Roberto Carballes Baena
20250721,Hard,Mariano Navone,Tomas Barrios Vera
20250721,Hard,Stan Wawrinka,Alvaro Guillen Meza
20250722,Hard,Camilo Ugo Carabelli,Francesco Passaro
20250722,Hard,Pablo Llamas Ruiz,Terence Atmane
20250722,Hard,Jesper de Jong,Mili Poljicak
20250722,Hard,Dino Prizmic,Elmer Moller
20250723,Hard,Jesper de Jong,Mariano Navone
20250723,Hard,Carlos Taberner,Francisco Cerundolo
20250723,Hard,Titouan Droguet,Vit Kopriva
20250723,Hard,Dino Prizmic,Nikoloz Basilashvili
20250723,Hard,Luciano Darderi,Chun-Hsin Tseng
20250723,Hard,Damir Dzumhur,Stan Wawrinka
20250724,Hard,Camilo Ugo Carabelli,Pablo Llamas Ruiz
20250724,Hard,Carlos Taberner,Jesper de Jong
20250724,Hard,Luciano Darderi,Dino Prizmic
20250724,Hard,Damir Dzumhur,Titouan Droguet
20250725,Hard,Luciano Darderi,Camilo Ugo Carabelli
20250725,Hard,Carlos Taberner,Damir Dzumhur
20250726,Hard,Luciano Darderi,Carlos Taberner
20250719,Hard,Thiago Monteiro,Neil Oberleitner
20250719,Hard,Yannick Hanfmann,Albert Ramos-Vinolas
20250719,Hard,Jan-Lennard Struff,Nico Hipfl
20250719,Hard,Facundo Bagnis,Henrique Rocha
20250719,Hard,Andrej Martin,Juan Carlos Prado Angelo
20250719,Hard,Jurij Rodionov,Sandro Kopp
20250719,Hard,Norbert Gombos,Martin Landaluce
20250719,Hard,Radu Albot,Jerome Kym
20250720,Hard,Yannick Hanfmann,Andrej Martin
20250720,Hard,Facundo Bagnis,Thiago Monteiro
20250720,Hard,Jan-Lennard Struff,Jurij Rodionov
20250720,Hard,Norbert Gombos,Radu Albot
20250721,Hard,Aleksandr Shevchenko,Daniel Elahi Galan
20250721,Hard,Francisco Comesana,Tristan Boyer
20250721,Hard,Marton Fucsovics,Joel Josef Schwaerzler
20250721,Hard,Norbert Gombos,Hugo Gaston
20250721,Hard,Arthur Rinderknech,Facundo Bagnis
20250722,Hard,Yannick Hanfmann,Lukas Neumayer
20250722,Hard,Botic Van De Zandschulp,Nicolas Jarry
20250722,Hard,Jan-Lennard Struff,Sebastian Ofner
20250722,Hard,Arthur Cazaux,Ignacio Buse
20250722,Hard,Filip Misolic,Tomas Martin Etcheverry
20250722,Hard,Thiago Agustin Tirante,Jaime Faria
20250722,Hard,Thiago Seyboth Wild,Justin Engel
20250723,Hard,Arthur Rinderknech,Norbert Gombos
20250723,Hard,Yannick Hanfmann,Sebastian Baez
20250723,Hard,Arthur Cazaux,Francisco Comesana
20250723,Hard,Jan-Lennard Struff,Pedro Martinez
20250723,Hard,Botic Van De Zandschulp,Filip Misolic
20250723,Hard,Aleksandr Shevchenko,Marton Fucsovics
20250723,Hard,Alexander Bublik,Thiago Agustin Tirante
20250723,Hard,Thiago Seyboth Wild,Roberto Bautista Agut
20250724,Hard,Arthur Rinderknech,Yannick Hanfmann
20250724,Hard,Arthur Cazaux,Jan-Lennard Struff
20250724,Hard,Alexander Bublik,Aleksandr Shevchenko
20250724,Hard,Botic Van De Zandschulp,Thiago Seyboth Wild
20250725,Hard,Arthur Cazaux,Arthur Rinderknech
20250725,Hard,Alexander Bublik,Botic Van De Zandschulp
20250726,Hard,Alexander Bublik,Arthur Cazaux
20250719,Hard,Colton Smith,Andrew Fenty
20250719,Hard,Tyler Zink,Taro Daniel
20250719,Hard,Murphy Cassone,Thai-Son Kwiatkowski
20250719,Hard,Beibit Zhukayev,James McCabe
20250719,Hard,Wu Yibing,Mitchell Krueger
20250719,Hard,Rinky Hijikata,Adhithya Ganesan
20250719,Hard,Billy Harris,Marek Gengel
20250719,Hard,Andrea Vavassori,Alfredo Perez
20250720,Hard,Zachary Svajda,Bernard Tomic
20250720,Hard,Yosuke Watanuki,Jake Fellows
20250720,Hard,Colton Smith,Tyler Zink
20250720,Hard,Moerani Bouzige,Govind Nanda
20250720,Hard,Corentin Moutet,Karue Sell
20250720,Hard,Murphy Cassone,Rinky Hijikata
20250720,Hard,Beibit Zhukayev,Andrea Vavassori
20250720,Hard,Zachary Svajda,Yosuke Watanuki
20250720,Hard,Wu Yibing,Corentin Moutet
20250720,Hard,Billy Harris,Moerani Bouzige
20250721,Hard,Fabian Marozsan,Benjamin Bonzi
20250721,Hard,Matteo Arnaldi,Daniel Altmaier
20250721,Hard,Ethan Quinn,Christopher O'Connell
20250721,Hard,Daniel Evans,Zizou Bergs
20250721,Hard,Alexandre Muller,Beibit Zhukayev
20250721,Hard,Mackenzie McDonald,Colton Smith
20250721,Hard,Cameron Norrie,Billy Harris
20250721,Hard,Reilly Opelka,Murphy Cassone
20250721,Hard,Learner Tien,Emilio Nava
20250721,Hard,Yoshihito Nishioka,Jenson Brooksby
20250721,Hard,Aleksandar Vukic,Giovanni Mpetshi Perricard
20250722,Hard,Brandon Nakashima,Ethan Quinn
20250722,Hard,Bu Yunchaokete,David Goffin
20250722,Hard,Zachary Svajda,Miomir Kecmanovic
20250722,Hard,Wu Yibing,Gael Monfils
20250722,Hard,Cameron Norrie,Lorenzo Musetti
20250722,Hard,Aleksandar Kovacevic,Quentin Halys
20250722,Hard,Jaume Munar,Marcos Giron
20250722,Hard,Gabriel Diallo,Fabian Marozsan
20250722,Hard,Ben Shelton,Mackenzie McDonald
20250722,Hard,Daniel Evans,Alex Michelsen
20250722,Hard,Corentin Moutet,Alexandre Muller
20250723,Hard,Jiri Lehecka,Zachary Svajda
20250723,Hard,Wu Yibing,Alexei Popyrin
20250723,Hard,Daniil Medvedev,Reilly Opelka
20250723,Hard,Matteo Arnaldi,Lorenzo Sonego
20250723,Hard,Alex de Minaur,Bu Yunchaokete
20250723,Hard,Taylor Fritz,Aleksandar Vukic
20250723,Hard,Learner Tien,Andrey Rublev
20250723,Hard,Flavio Cobolli,Yoshihito Nishioka
20250723,Hard,Alejandro Davidovich Fokina,Jaume Munar
20250724,Hard,Frances Tiafoe,Aleksandar Kovacevic
20250724,Hard,Brandon Nakashima,Cameron Norrie
20250724,Hard,Daniil Medvedev,Wu Yibing
20250724,Hard,Corentin Moutet,Daniel Evans
20250724,Hard,Alex de Minaur,Jiri Lehecka
20250724,Hard,Alejandro Davidovich Fokina,Learner Tien
20250724,Hard,Ben Shelton,Gabriel Diallo
20250724,Hard,Frances Tiafoe,Flavio Cobolli
20250725,Hard,Taylor Fritz,Matteo Arnaldi
20250725,Hard,Corentin Moutet,Daniil Medvedev
20250725,Hard,Alex de Minaur,Brandon Nakashima
20250726,Hard,Ben Shelton,Frances Tiafoe
20250726,Hard,Alejandro Davidovich Fokina,Taylor Fritz
20250727,Hard,Alex de Minaur,Corentin Moutet
20250727,Hard,Alejandro Davidovich Fokina,Ben Shelton
20250727,Hard,Alex de Minaur,Alejandro Davidovich Fokina
20250719,Hard,Taylor Townsend,Camila Osorio
20250719,Hard,Emiliana Arango,Anastasia Zakharova
20250719,Hard,Alana Smith,Polina Kudermetova
20250719,Hard,Clervie Ngounoue,Kimberly Birrell
20250719,Hard,Caroline Dolehide,Cristina Bucsa
20250720,Hard,Kamilla Rakhimova,Varvara Lepchenko
20250720,Hard,Aliaksandra Sasnovich,Anna Blinkova
20250720,Hard,Taylor Townsend,Emiliana Arango
20250720,Hard,Yuliia Starodubtseva,Rebecca Marino
20250720,Hard,Kamilla Rakhimova,Clervie Ngounoue
20250720,Hard,Caroline Dolehide,Aliaksandra Sasnovich
20250720,Hard,Yuliia Starodubtseva,Alana Smith
20250721,Hard,Victoria Mboko,Anastasia Potapova
20250721,Hard,Leylah Fernandez,Maya Joint
20250721,Hard,Maria Sakkari,Katie Boulter
20250721,Hard,Magdalena Frech,Yuliia Starodubtseva
20250722,Hard,Magda Linette,Danielle Collins
20250722,Hard,Taylor Townsend,Tatjana Maria
20250722,Hard,Caroline Dolehide,McCartney Kessler
20250722,Hard,Sofia Kenin,Hailey Baptiste
20250722,Hard,Anna Kalinskaya,Kamilla Rakhimova
20250722,Hard,Emma Raducanu,Marta Kostyuk
20250722,Hard,Naomi Osaka,Yulia Putintseva
20250722,Hard,Venus Williams,Peyton Stearns
20250723,Hard,Anna Kalinskaya,Magda Linette
20250723,Hard,Clara Tauson,Caroline Dolehide
20250723,Hard,Maria Sakkari,Emma Navarro
20250724,Hard,Elena Rybakina,Victoria Mboko
20250724,Hard,Emma Raducanu,Naomi Osaka
20250724,Hard,Taylor Townsend,Sofia Kenin
20250724,Hard,Leylah Fernandez,Jessica Pegula
20250724,Hard,Magdalena Frech,Venus Williams
20250725,Hard,Emma Raducanu,Maria Sakkari
20250725,Hard,Leylah Fernandez,Taylor Townsend
20250725,Hard,Elena Rybakina,Magdalena Frech
20250725,Hard,Anna Kalinskaya,Clara Tauson
20250726,Hard,Leylah Fernandez,Elena Rybakina
20250726,Hard,Anna Kalinskaya,Emma Raducanu
20250727,Hard,Leylah Fernandez,Anna Kalinskaya
20250726,Hard,Kamilla Rakhimova,Astra Sharma
20250726,Hard,Varvara Gracheva,Maddison Inglis
20250726,Hard,Katie Volynets,Jodie Burrage
20250726,Hard,Aoi Ito,Aliaksandra Sasnovich
20250726,Hard,Viktoriya Tomova,Katherine Sebov
20250726,Hard,Wang Yafan,Rebeka Masarova
20250726,Hard,Laura Siegemund,Nao Hibino
20250726,Hard,Bernarda Pera,Madison Brengle
20250726,Hard,Cristina Bucsa,Priscilla Hon
20250726,Hard,Leolia Jeanjean,Cadence Brace
20250726,Hard,Louisa Chirico,Talia Gibson
20250726,Hard,Antonia Ruzic,Dasha Plekhanova
20250726,Hard,Elsa Jacquemot,Carol Zhao
20250726,Hard,Whitney Osuigwe,Aleksandra Krunic
20250726,Hard,Ariana Arseneault,Destanee Aiava
20250726,Hard,Guo Hanyu,Mihaela Buzarnescu
20250727,Hard,Jaqueline Cristian,Marina Stakusic
20250727,Hard,Aoi Ito,Katie Volynets
20250727,Hard,Suzan Lamens,Polina Kudermetova
20250727,Hard,Marketa Vondrousova,Alexandra Eala
20250727,Hard,Jessica Bouzas Maneiro,Louisa Chirico
20250727,Hard,Zhu Lin,Varvara Gracheva
20250727,Hard,Victoria Mboko,Kimberly Birrell
20250727,Hard,Veronika Kudermetova,Cristina Bucsa
20250727,Hard,Camila Osorio,Bernarda Pera
20250727,Hard,Danielle Collins,Viktoriya Tomova
20250727,Hard,Bianca Andreescu,Barbora Krejcikova
20250728,Hard,Hailey Baptiste,Whitney Osuigwe
20250728,Hard,Rebecca Marino,Elsa Jacquemot
20250728,Hard,Yuliia Starodubtseva,Wang Yafan
20250728,Hard,Guo Hanyu,Yulia Putintseva
20250728,Hard,Laura Siegemund,Tatjana Maria
20250728,Hard,Kamilla Rakhimova,Kayla Cross
20250728,Hard,Anna Blinkova,Caroline Dolehide
20250728,Hard,Emma Raducanu,Elena-Gabriela Ruse
20250728,Hard,Eva Lys,Leolia Jeanjean
20250728,Hard,Lulu Sun,Sorana Cirstea
20250728,Hard,Marie Bouzkova,Moyuka Uchijima
20250728,Hard,Naomi Osaka,Ariana Arseneault
20250728,Hard,Renata Zarazua,Katie Boulter
20250728,Hard,Lucia Bronzetti,Elizabeth Mandlik
20250728,Hard,Anastasija Sevastova,Ajla Tomljanovic
20250728,Hard,Eugenie Bouchard,Emiliana Arango
20250729,Hard,Antonia Ruzic,Anastasia Potapova
20250729,Hard,Maria Sakkari,Carson Branstine
20250729,Hard,Daria Kasatkina,Anna Blinkova
20250729,Hard,Catherine McNally,Alycia Parks
20250729,Hard,Emma Navarro,Rebecca Marino
20250729,Hard,Dayana Yastremska,Camila Osorio
20250729,Hard,Maya Joint,Leylah Fernandez
20250729,Hard,Anna Kalinskaya,Ann Li
20250729,Hard,Marta Kostyuk,Marketa Vondrousova
20250729,Hard,Mirra Andreeva,Bianca Andreescu
20250729,Hard,Jaqueline Cristian,Linda Noskova
20250729,Hard,Aoi Ito,Jasmine Paolini
20250729,Hard,Veronika Kudermetova,Olga Danilovic
20250729,Hard,Jessica Bouzas Maneiro,Ashlyn Krueger
20250729,Hard,Marie Bouzkova,Diana Shnaider
20250729,Hard,Zhu Lin,Ekaterina Alexandrova
20250729,Hard,Elena Rybakina,Hailey Baptiste
20250729,Hard,Coco Gauff,Danielle Collins
20250729,Hard,Suzan Lamens,Beatriz Haddad Maia
20250730,Hard,Victoria Mboko,Sofia Kenin
20250730,Hard,McCartney Kessler,Maya Joint
20250730,Hard,Madison Keys,Laura Siegemund
20250730,Hard,Anastasija Sevastova,Magda Linette
20250730,Hard,Naomi Osaka,Liudmila Samsonova
20250730,Hard,Clara Tauson,Lucia Bronzetti
20250730,Hard,Jelena Ostapenko,Renata Zarazua
20250730,Hard,Catherine McNally,Rebecca Sramkova
20250730,Hard,Iga Swiatek,Guo Hanyu
20250730,Hard,Jessica Pegula,Maria Sakkari
20250730,Hard,Anna Kalinskaya,Elise Mertens
20250730,Hard,Yuliia Starodubtseva,Magdalena Frech
20250730,Hard,Emma Raducanu,Peyton Stearns
20250730,Hard,Belinda Bencic,Eugenie Bouchard
20250730,Hard,Eva Lys,Anastasia Pavlyuchenkova
20250730,Hard,Karolina Muchova,Antonia Ruzic
20250731,Hard,Amanda Anisimova,Lulu Sun
20250731,Hard,Elina Svitolina,Kamilla Rakhimova
20250731,Hard,Zhu Lin,Suzan Lamens
20250731,Hard,Marta Kostyuk,Daria Kasatkina
20250731,Hard,McCartney Kessler,Mirra Andreeva
20250731,Hard,Coco Gauff,Veronika Kudermetova
20250731,Hard,Jessica Bouzas Maneiro,Aoi Ito
20250731,Hard,Victoria Mboko,Marie Bouzkova
20250801,Hard,Dayana Yastremska,Emma Navarro
20250801,Hard,Elena Rybakina,Jaqueline Cristian
20250801,Hard,Clara Tauson,Yuliia Starodubtseva
20250801,Hard,Naomi Osaka,Jelena Ostapenko
20250801,Hard,Madison Keys,Catherine McNally
20250801,Hard,Anastasija Sevastova,Jessica Pegula
20250801,Hard,Karolina Muchova,Belinda Bencic
20250801,Hard,Iga Swiatek,Eva Lys
20250802,Hard,Amanda Anisimova,Emma Raducanu
20250802,Hard,Elina Svitolina,Anna Kalinskaya
20250802,Hard,Marta Kostyuk,McCartney Kessler
20250802,Hard,Elena Rybakina,Dayana Yastremska
20250802,Hard,Victoria Mboko,Coco Gauff
20250803,Hard,Jessica Bouzas Maneiro,Zhu Lin
20250803,Hard,Madison Keys,Karolina Muchova
20250803,Hard,Naomi Osaka,Anastasija Sevastova
20250803,Hard,Clara Tauson,Iga Swiatek
20250804,Hard,Elina Svitolina,Amanda Anisimova
20250804,Hard,Elena Rybakina,Marta Kostyuk
20250804,Hard,Victoria Mboko,Jessica Bouzas Maneiro
20250805,Hard,Clara Tauson,Madison Keys
20250805,Hard,Naomi Osaka,Elina Svitolina
20250806,Hard,Victoria Mboko,Elena Rybakina
20250807,Hard,Naomi Osaka,Clara Tauson
20250807,Hard,Victoria Mboko,Naomi Osaka
20250726,Hard,Facundo Bagnis,Terence Atmane
20250726,Hard,Juan Pablo Ficovich,Kyrian Jacquet
20250726,Hard,Adrian Mannarino,Juan Carlos Aguilar
20250726,Hard,Shintaro Mochizuki,Yasutaka Uchiyama
20250726,Hard,James Duckworth,Justin Boulais
20250726,Hard,Yosuke Watanuki,Dalibor Svrcina
20250726,Hard,Pierre-Hugues Herbert,Li Tu
20250726,Hard,Emilio Nava,Mitchell Krueger
20250726,Hard,Valentin Royer,Alvin Nicholas  Tudorica
20250726,Hard,Ugo Blanchet,Chun-Hsin Tseng
20250726,Hard,Colton Smith,Patrick Kypson
20250726,Hard,Tristan Boyer,James Trotter
20250726,Hard,Tomas Barrios Vera,Chak Lam Coleman Wong
20250727,Hard,Alexander Blockx,Duje Ajdukovic
20250727,Hard,Dan Martin,Taro Daniel
20250727,Hard,Tristan Schoolkate,Govind Nanda
20250727,Hard,Adam Walton,Benjamin Bonzi
20250727,Hard,Reilly Opelka,Sebastian Ofner
20250727,Hard,Learner Tien,Colton Smith
20250727,Hard,Tomas Barrios Vera,Gael Monfils
20250727,Hard,Giovanni Mpetshi Perricard,Shintaro Mochizuki
20250727,Hard,Tomas Martin Etcheverry,Pierre-Hugues Herbert
20250727,Hard,Juan Pablo Ficovich,Jacob Fearnley
20250727,Hard,Roman Safiullin,Ugo Blanchet
20250727,Hard,Nicolas Arseneault,Valentin Royer
20250727,Hard,Emilio Nava,Zizou Bergs
20250727,Hard,Facundo Bagnis,Vasek Pospisil
20250727,Hard,Miomir Kecmanovic,Quentin Halys
20250728,Hard,James Duckworth,Shang Juncheng
20250728,Hard,Christopher O'Connell,Chun-Hsin Tseng
20250728,Hard,Ethan Quinn,Yoshihito Nishioka
20250728,Hard,Bu Yunchaokete,Vit Kopriva
20250728,Hard,Mackenzie McDonald,David Goffin
20250728,Hard,Jaume Munar,Dan Martin
20250728,Hard,Dalibor Svrcina,Alexander Blockx
20250728,Hard,Hugo Gaston,Mattia Bellucci
20250728,Hard,Aleksandar Vukic,Pedro Martinez
20250728,Hard,Yosuke Watanuki,Daniel Altmaier
20250728,Hard,Tristan Schoolkate,Joao Fonseca
20250728,Hard,Francisco Comesana,Damir Dzumhur
20250728,Hard,Adrian Mannarino,Marcos Giron
20250728,Hard,Tristan Boyer,Aleksandar Kovacevic
20250728,Hard,Roberto Carballes Baena,Camilo Ugo Carabelli
20250728,Hard,Matteo Gigante,Borna Coric
20250728,Hard,Pablo Carreno Busta,Liam Draxl
20250729,Hard,Fabian Marozsan,Hugo Dellien
20250729,Hard,Alexis Galarneau,Arthur Rinderknech
20250729,Hard,Emilio Nava,Terence Atmane
20250729,Hard,Alexandre Muller,Miomir Kecmanovic
20250729,Hard,Holger Rune,Giovanni Mpetshi Perricard
20250729,Hard,Alex Michelsen,Tomas Barrios Vera
20250729,Hard,Karen Khachanov,Juan Pablo Ficovich
20250729,Hard,Lorenzo Musetti,James Duckworth
20250729,Hard,Alexei Popyrin,Nicolas Arseneault
20250729,Hard,Corentin Moutet,Jenson Brooksby
20250729,Hard,Tomas Martin Etcheverry,Tallon Griekspoor
20250729,Hard,Francisco Cerundolo,Jaume Munar
20250729,Hard,Casper Ruud,Roman Safiullin
20250729,Hard,Nuno Borges,Facundo Bagnis
20250729,Hard,Daniil Medvedev,Dalibor Svrcina
20250729,Hard,Learner Tien,Denis Shapovalov
20250729,Hard,Reilly Opelka,Tomas Machac
20250730,Hard,Matteo Arnaldi,Tristan Schoolkate
20250730,Hard,Alexander Zverev,Adam Walton
20250730,Hard,Andrey Rublev,Hugo Gaston
20250730,Hard,Aleksandar Vukic,Cameron Norrie
20250730,Hard,Ben Shelton,Adrian Mannarino
20250730,Hard,Lorenzo Sonego,Bu Yunchaokete
20250730,Hard,Flavio Cobolli,Alexis Galarneau
20250730,Hard,Gabriel Diallo,Matteo Gigante
20250730,Hard,Brandon Nakashima,Ethan Quinn
20250730,Hard,Jakub Mensik,Tristan Boyer
20250730,Hard,Frances Tiafoe,Yosuke Watanuki
20250730,Hard,Jiri Lehecka,Mackenzie McDonald
20250730,Hard,Alejandro Davidovich Fokina,Corentin Moutet
20250730,Hard,Fabian Marozsan,Felix Auger-Aliassime
20250730,Hard,Christopher O'Connell,Stefanos Tsitsipas
20250730,Hard,Arthur Fils,Pablo Carreno Busta
20250731,Hard,Taylor Fritz,Roberto Carballes Baena
20250731,Hard,Alex de Minaur,Francisco Comesana
20250731,Hard,Karen Khachanov,Emilio Nava
20250731,Hard,Alex Michelsen,Lorenzo Musetti
20250731,Hard,Francisco Cerundolo,Tomas Martin Etcheverry
20250731,Hard,Casper Ruud,Nuno Borges
20250731,Hard,Learner Tien,Reilly Opelka
20250731,Hard,Alexander Zverev,Matteo Arnaldi
20250731,Hard,Holger Rune,Alexandre Muller
20250801,Hard,Alexei Popyrin,Daniil Medvedev
20250801,Hard,Alejandro Davidovich Fokina,Jakub Mensik
20250801,Hard,Andrey Rublev,Lorenzo Sonego
20250801,Hard,Jiri Lehecka,Arthur Fils
20250801,Hard,Frances Tiafoe,Aleksandar Vukic
20250801,Hard,Flavio Cobolli,Fabian Marozsan
20250801,Hard,Taylor Fritz,Gabriel Diallo
20250802,Hard,Ben Shelton,Brandon Nakashima
20250802,Hard,Alex de Minaur,Christopher O'Connell
20250802,Hard,Alex Michelsen,Learner Tien
20250802,Hard,Karen Khachanov,Casper Ruud
20250802,Hard,Alexei Popyrin,Holger Rune
20250803,Hard,Alexander Zverev,Francisco Cerundolo
20250803,Hard,Alex de Minaur,Frances Tiafoe
20250803,Hard,Andrey Rublev,Alejandro Davidovich Fokina
20250803,Hard,Ben Shelton,Flavio Cobolli
20250804,Hard,Taylor Fritz,Jiri Lehecka
20250804,Hard,Alexander Zverev,Alexei Popyrin
20250805,Hard,Karen Khachanov,Alex Michelsen
20250805,Hard,Taylor Fritz,Andrey Rublev
20250806,Hard,Ben Shelton,Alex de Minaur
20250806,Hard,Karen Khachanov,Alexander Zverev
20250807,Hard,Ben Shelton,Taylor Fritz
20250807,Hard,Ben Shelton,Karen Khachanov
20250805,Hard,Varvara Gracheva,Mihaela Buzarnescu
20250805,Hard,Ella Seidel,Varvara Lepchenko
20250805,Hard,Viktoriya Tomova,Louisa Chirico
20250805,Hard,Elsa Jacquemot,Kaja Juvan
20250805,Hard,Iva Jovic,Ulrikke Eikeri
20250805,Hard,Priscilla Hon,Elisabetta Cocciaretto
20250805,Hard,Laura Siegemund,Destanee Aiava
20250805,Hard,Kamilla Rakhimova,Jodie Burrage
20250805,Hard,Anastasia Zakharova,Heather Watson
20250805,Hard,Rebecca Marino,Elizabeth Mandlik
20250805,Hard,Solana Sierra,Martina Trevisan
20250805,Hard,Guo Hanyu,Anca Todoni
20250805,Hard,Maddison Inglis,Nuria Parrizas Diaz
20250805,Hard,Emina Bektas,Katarzyna Kawa
20250805,Hard,Cristina Bucsa,Maria Mateas
20250805,Hard,Eri Hozumi,Ena Shibahara
20250805,Hard,Aoi Ito,Aleksandra Krunic
20250805,Hard,Dalma Galfi,Nao Hibino
20250805,Hard,Yuan Yue,Astra Sharma
20250806,Hard,Kamilla Rakhimova,Rebecca Marino
20250806,Hard,Laura Siegemund,Guo Hanyu
20250806,Hard,Antonia Ruzic,Usue Maitane Arconada
20250806,Hard,Leolia Jeanjean,Carol Zhao
20250806,Hard,Whitney Osuigwe,Aliaksandra Sasnovich
20250806,Hard,Rebeka Masarova,Lauren Davis
20250806,Hard,Viktoriya Tomova,Elsa Jacquemot
20250806,Hard,Ella Seidel,Priscilla Hon
20250806,Hard,Clervie Ngounoue,Olivia Gadecki
20250806,Hard,Emina Bektas,Solana Sierra
20250806,Hard,Antonia Ruzic,Eri Hozumi
20250806,Hard,Whitney Osuigwe,Cristina Bucsa
20250806,Hard,Aoi Ito,Dalma Galfi
20250806,Hard,Clervie Ngounoue,Yuan Yue
20250806,Hard,Varvara Gracheva,Iva Jovic
20250806,Hard,Maddison Inglis,Anastasia Zakharova
20250806,Hard,Leolia Jeanjean,Rebeka Masarova
20250807,Hard,Maya Joint,Greet Minnen
20250807,Hard,Sorana Cirstea,Donna Vekic
20250807,Hard,Anastasia Potapova,Laura Siegemund
20250807,Hard,Marketa Vondrousova,Jaqueline Cristian
20250807,Hard,Renata Zarazua,Yulia Putintseva
20250807,Hard,Aoi Ito,Elena-Gabriela Ruse
20250807,Hard,Jessica Bouzas Maneiro,Venus Williams
20250807,Hard,Eva Lys,Bernarda Pera
20250807,Hard,Olga Danilovic,Katie Boulter
20250807,Hard,Tatjana Maria,Whitney Osuigwe
20250808,Hard,Clervie Ngounoue,Hailey Baptiste
20250808,Hard,Peyton Stearns,Wang Yafan
20250808,Hard,Lucia Bronzetti,Zhu Lin
20250808,Hard,Rebecca Sramkova,Caroline Dolehide
20250808,Hard,Caroline Garcia,Sonay Kartal
20250808,Hard,Leolia Jeanjean,Yuliia Starodubtseva
20250808,Hard,Lulu Sun,Antonia Ruzic
20250808,Hard,Ajla Tomljanovic,Anna Bondar
20250808,Hard,Taylor Townsend,Danielle Collins
20250808,Hard,Kimberly Birrell,Anna Blinkova
20250808,Hard,Varvara Gracheva,Katie Volynets
20250808,Hard,Ella Seidel,Polina Kudermetova
20250808,Hard,Camila Osorio,Moyuka Uchijima
20250808,Hard,Maria Sakkari,Kamilla Rakhimova
20250808,Hard,Viktoriya Tomova,Ann Li
20250808,Hard,Wang Xinyu,Emiliana Arango
20250808,Hard,Anastasija Sevastova,Emina Bektas
20250808,Hard,Veronika Kudermetova,Suzan Lamens
20250808,Hard,Barbora Krejcikova,Alycia Parks
20250808,Hard,Yuan Yue,Cristina Bucsa
20250808,Hard,Iva Jovic,Solana Sierra
20250809,Hard,Catherine McNally,Maddison Inglis
20250809,Hard,Marta Kostyuk,Tatjana Maria
20250809,Hard,Iga Swiatek,Anastasia Potapova
20250809,Hard,Aoi Ito,Anastasia Pavlyuchenkova
20250809,Hard,Jessica Bouzas Maneiro,Leylah Fernandez
20250809,Hard,Sorana Cirstea,Magdalena Frech
20250809,Hard,Madison Keys,Eva Lys
20250809,Hard,Maya Joint,Beatriz Haddad Maia
20250809,Hard,Taylor Townsend,Liudmila Samsonova
20250809,Hard,Emma Raducanu,Olga Danilovic
20250809,Hard,Ekaterina Alexandrova,Lulu Sun
20250809,Hard,Yuan Yue,Diana Shnaider
20250809,Hard,Elena Rybakina,Renata Zarazua
20250809,Hard,Anna Kalinskaya,Peyton Stearns
20250809,Hard,Elise Mertens,Clervie Ngounoue
20250809,Hard,Aryna Sabalenka,Marketa Vondrousova
20250810,Hard,Amanda Anisimova,Leolia Jeanjean
20250810,Hard,Ashlyn Krueger,Anastasija Sevastova
20250810,Hard,Jasmine Paolini,Maria Sakkari
20250810,Hard,Veronika Kudermetova,Belinda Bencic
20250810,Hard,Dayana Yastremska,Viktoriya Tomova
20250810,Hard,Magda Linette,Rebecca Sramkova
20250810,Hard,Ella Seidel,Emma Navarro
20250810,Hard,Clara Tauson,Ajla Tomljanovic
20250810,Hard,Coco Gauff,Wang Xinyu
20250810,Hard,Lucia Bronzetti,Daria Kasatkina
20250810,Hard,Jessica Pegula,Kimberly Birrell
20250810,Hard,Iva Jovic,Linda Noskova
20250810,Hard,Jelena Ostapenko,Camila Osorio
20250810,Hard,McCartney Kessler,Catherine McNally
20250810,Hard,Varvara Gracheva,Sofia Kenin
20250810,Hard,Barbora Krejcikova,Elina Svitolina
20250811,Hard,Karolina Muchova,Caroline Garcia
20250811,Hard,Iga Swiatek,Marta Kostyuk
20250811,Hard,Jessica Bouzas Maneiro,Taylor Townsend
20250811,Hard,Ekaterina Alexandrova,Maya Joint
20250811,Hard,Sorana Cirstea,Yuan Yue
20250811,Hard,Aryna Sabalenka,Emma Raducanu
20250811,Hard,Anna Kalinskaya,Amanda Anisimova
20250811,Hard,Madison Keys,Aoi Ito
20250812,Hard,Elena Rybakina,Elise Mertens
20250812,Hard,Ella Seidel,McCartney Kessler
20250812,Hard,Barbora Krejcikova,Iva Jovic
20250812,Hard,Jasmine Paolini,Ashlyn Krueger
20250812,Hard,Coco Gauff,Dayana Yastremska
20250812,Hard,Varvara Gracheva,Karolina Muchova
20250812,Hard,Lucia Bronzetti,Jelena Ostapenko
20250813,Hard,Iga Swiatek,Sorana Cirstea
20250813,Hard,Veronika Kudermetova,Clara Tauson
20250813,Hard,Magda Linette,Jessica Pegula
20250813,Hard,Elena Rybakina,Madison Keys
20250813,Hard,Aryna Sabalenka,Jessica Bouzas Maneiro
20250814,Hard,Anna Kalinskaya,Ekaterina Alexandrova
20250814,Hard,Coco Gauff,Lucia Bronzetti
20250814,Hard,Jasmine Paolini,Barbora Krejcikova
20250814,Hard,Varvara Gracheva,Ella Seidel
20250814,Hard,Veronika Kudermetova,Magda Linette
20250815,Hard,Iga Swiatek,Anna Kalinskaya
20250815,Hard,Elena Rybakina,Aryna Sabalenka
20250815,Hard,Veronika Kudermetova,Varvara Gracheva
20250816,Hard,Jasmine Paolini,Coco Gauff
20250817,Hard,Iga Swiatek,Elena Rybakina
20250817,Hard,Jasmine Paolini,Veronika Kudermetova
20250818,Hard,Iga Swiatek,Jasmine Paolini
20250805,Hard,Martin Landaluce,Cristian Garin
20250805,Hard,Valentin Royer,Juan Pablo Ficovich
20250805,Hard,Liam Draxl,Andres Martin
20250805,Hard,Arthur Fery,Zachary Svajda
20250805,Hard,Chak Lam Coleman Wong,Juan Manuel Cerundolo
20250805,Hard,Leandro Riedi,Pablo Carreno Busta
20250805,Hard,Nikoloz Basilashvili,Christopher Eubanks
20250805,Hard,Daniel Elahi Galan,Taro Daniel
20250805,Hard,Aleksandr Shevchenko,Tyler Zink
20250805,Hard,Shintaro Mochizuki,Facundo Bagnis
20250805,Hard,Lloyd Harris,Eliot Spizzirri
20250805,Hard,Colton Smith,Tristan Schoolkate
20250805,Hard,Li Tu,James Duckworth
20250805,Hard,Alexander Blockx,Alibek Kachmazov
20250805,Hard,Adrian Mannarino,Mitchell Krueger
20250805,Hard,Terence Atmane,Omar Jasika
20250805,Hard,Luca Nardi,Aidan Mayo
20250805,Hard,Patrick Kypson,Matteo Gigante
20250805,Hard,Dalibor Svrcina,Yosuke Watanuki
20250806,Hard,Valentin Royer,Liam Draxl
20250806,Hard,Martin Landaluce,Arthur Fery
20250806,Hard,Daniel Elahi Galan,Aleksandr Shevchenko
20250806,Hard,Chak Lam Coleman Wong,Shintaro Mochizuki
20250806,Hard,Leandro Riedi,Lloyd Harris
20250806,Hard,Emilio Nava,Mikhail Kukushkin
20250806,Hard,Aleksandar Vukic,Murphy Cassone
20250806,Hard,Arthur Cazaux,Mark Lajal
20250806,Hard,Adrian Mannarino,Dalibor Svrcina
20250806,Hard,Thiago Agustin Tirante,James Trotter
20250806,Hard,Alexander Blockx,Luca Nardi
20250806,Hard,Colton Smith,Nikoloz Basilashvili
20250806,Hard,Mariano Navone,Jan-Lennard Struff
20250806,Hard,Terence Atmane,Li Tu
20250806,Hard,Patrick Kypson,Aleksandar Vukic
20250806,Hard,Emilio Nava,Mariano Navone
20250806,Hard,Thiago Agustin Tirante,Arthur Cazaux
20250807,Hard,Roberto Carballes Baena,Hugo Gaston
20250807,Hard,Arthur Rinderknech,Nuno Borges
20250807,Hard,Joao Fonseca,Bu Yunchaokete
20250807,Hard,Benjamin Bonzi,Matteo Arnaldi
20250807,Hard,Pedro Martinez,Nicolas Jarry
20250807,Hard,Chak Lam Coleman Wong,Giovanni Mpetshi Perricard
20250807,Hard,Zizou Bergs,Jacob Fearnley
20250807,Hard,Daniel Elahi Galan,Vit Kopriva
20250807,Hard,Roman Safiullin,Alejandro Tabilo
20250807,Hard,Terence Atmane,Yoshihito Nishioka
20250807,Hard,Tomas Martin Etcheverry,Shang Juncheng
20250807,Hard,Adrian Mannarino,Jordan Thompson
20250807,Hard,Corentin Moutet,Mackenzie McDonald
20250808,Hard,Fabian Marozsan,Colton Smith
20250808,Hard,Sebastian Baez,David Goffin
20250808,Hard,Tristan Boyer,Brandon Holt
20250808,Hard,Camilo Ugo Carabelli,Kei Nishikori
20250808,Hard,Luca Nardi,Thiago Agustin Tirante
20250808,Hard,Alexander Blockx,Marcos Giron
20250808,Hard,Emilio Nava,Borna Coric
20250808,Hard,Ethan Quinn,Miomir Kecmanovic
20250808,Hard,Francisco Comesana,Jaume Munar
20250808,Hard,Jenson Brooksby,Alexandre Muller
20250808,Hard,Adam Walton,Mariano Navone
20250808,Hard,Reilly Opelka,Hugo Dellien
20250808,Hard,Hamad Medjedovic,Aleksandar Kovacevic
20250808,Hard,Roberto Bautista Agut,Daniel Altmaier
20250808,Hard,Martin Landaluce,Patrick Kypson
20250808,Hard,Learner Tien,Leandro Riedi
20250808,Hard,Valentin Royer,Sebastian Ofner
20250808,Hard,Damir Dzumhur,Mattia Bellucci
20250809,Hard,Nishesh Basavareddy,Aleksandar Vukic
20250809,Hard,Holger Rune,Roman Safiullin
20250809,Hard,Benjamin Bonzi,Lorenzo Musetti
20250809,Hard,Alex Michelsen,Corentin Moutet
20250809,Hard,Arthur Rinderknech,Casper Ruud
20250809,Hard,Felix Auger-Aliassime,Tomas Martin Etcheverry
20250809,Hard,Tommy Paul,Pedro Martinez
20250809,Hard,Stefanos Tsitsipas,Fabian Marozsan
20250809,Hard,Adrian Mannarino,Tomas Machac
20250809,Hard,Jannik Sinner,Daniel Elahi Galan
20250809,Hard,Gabriel Diallo,Sebastian Baez
20250809,Hard,Ugo Humbert,Chak Lam Coleman Wong
20250809,Hard,Joao Fonseca,Alejandro Davidovich Fokina
20250809,Hard,Lorenzo Sonego,Zizou Bergs
20250809,Hard,Terence Atmane,Flavio Cobolli
20250809,Hard,Frances Tiafoe,Roberto Carballes Baena
20250810,Hard,Taylor Fritz,Emilio Nava
20250810,Hard,Francisco Comesana,Luciano Darderi
20250810,Hard,Jiri Lehecka,Tristan Boyer
20250810,Hard,Reilly Opelka,Alex de Minaur
20250810,Hard,Andrey Rublev,Learner Tien
20250810,Hard,Roberto Bautista Agut,Cameron Norrie
20250810,Hard,Jakub Mensik,Ethan Quinn
20250810,Hard,Alexei Popyrin,Martin Landaluce
20250810,Hard,Carlos Alcaraz,Damir Dzumhur
20250810,Hard,Jenson Brooksby,Arthur Cazaux
20250810,Hard,Adam Walton,Daniil Medvedev
20250810,Hard,Luca Nardi,Denis Shapovalov
20250810,Hard,Hamad Medjedovic,Tallon Griekspoor
20250810,Hard,Karen Khachanov,Valentin Royer
20250810,Hard,Ben Shelton,Camilo Ugo Carabelli
20250810,Hard,Brandon Nakashima,Alexander Blockx
20250811,Hard,Alexander Zverev,Nishesh Basavareddy
20250811,Hard,Felix Auger-Aliassime,Arthur Rinderknech
20250811,Hard,Holger Rune,Alex Michelsen
20250811,Hard,Frances Tiafoe,Ugo Humbert
20250811,Hard,Benjamin Bonzi,Stefanos Tsitsipas
20250811,Hard,Taylor Fritz,Lorenzo Sonego
20250811,Hard,Terence Atmane,Joao Fonseca
20250811,Hard,Jannik Sinner,Gabriel Diallo
20250812,Hard,Adrian Mannarino,Tommy Paul
20250812,Hard,Francisco Comesana,Reilly Opelka
20250812,Hard,Andrey Rublev,Alexei Popyrin
20250812,Hard,Carlos Alcaraz,Hamad Medjedovic
20250812,Hard,Luca Nardi,Jakub Mensik
20250812,Hard,Karen Khachanov,Jenson Brooksby
20250812,Hard,Jiri Lehecka,Adam Walton
20250813,Hard,Holger Rune,Frances Tiafoe
20250813,Hard,Alexander Zverev,Brandon Nakashima
20250813,Hard,Ben Shelton,Roberto Bautista Agut
20250813,Hard,Jannik Sinner,Adrian Mannarino
20250813,Hard,Felix Auger-Aliassime,Benjamin Bonzi
20250813,Hard,Terence Atmane,Taylor Fritz
20250814,Hard,Carlos Alcaraz,Luca Nardi
20250814,Hard,Andrey Rublev,Francisco Comesana
20250814,Hard,Alexander Zverev,Karen Khachanov
20250814,Hard,Jannik Sinner,Felix Auger-Aliassime
20250814,Hard,Ben Shelton,Jiri Lehecka
20250815,Hard,Terence Atmane,Holger Rune
20250815,Hard,Carlos Alcaraz,Andrey Rublev
20250815,Hard,Alexander Zverev,Ben Shelton
20250816,Hard,Jannik Sinner,Terence Atmane
20250816,Hard,Carlos Alcaraz,Alexander Zverev
20250818,Hard,Carlos Alcaraz,Jannik Sinner
20250816,Hard,Aleksandar Vukic,Luca Pow
20250816,Hard,Karl Poling,Thai-Son Kwiatkowski
20250816,Hard,Nishesh Basavareddy,Alex Rybakov
20250816,Hard,Darwin Blanch,Tristan Boyer
20250816,Hard,Valentin Royer,Kenta Miyoshi
20250816,Hard,Dhakshineswar Suresh,Aidan Mayo
20250816,Hard,Alejandro Tabilo,Kyle Seelig
20250816,Hard,Tristan Schoolkate,Cannon Kingsley
20250817,Hard,Aleksandar Vukic,Karl Poling
20250817,Hard,Darwin Blanch,Valentin Royer
20250817,Hard,Nishesh Basavareddy,Tristan Schoolkate
20250817,Hard,Dhakshineswar Suresh,Alejandro Tabilo
20250817,Hard,Kamil Majchrzak,Nicolas Jarry
20250817,Hard,Vit Kopriva,Sebastian Ofner
20250817,Hard,Botic Van De Zandschulp,Adam Walton
20250817,Hard,Pedro Martinez,David Goffin
20250817,Hard,Hamad Medjedovic,Arthur Rinderknech
20250817,Hard,Bu Yunchaokete,Chun-Hsin Tseng
20250817,Hard,Pablo Carreno Busta,Yoshihito Nishioka
20250817,Hard,Mackenzie McDonald,Brandon Holt
20250818,Hard,Darwin Blanch,Borna Coric
20250818,Hard,Nishesh Basavareddy,Raphael Collignon
20250818,Hard,Christopher O'Connell,Roman Safiullin
20250818,Hard,Marton Fucsovics,Hugo Gaston
20250818,Hard,Aleksandar Kovacevic,Filip Misolic
20250818,Hard,Mariano Navone,Dhakshineswar Suresh
20250818,Hard,Sebastian Korda,Vit Kopriva
20250818,Hard,Mattia Bellucci,Francisco Comesana
20250818,Hard,Stefan Dostanic,Aleksandar Vukic
20250819,Hard,Kamil Majchrzak,Nuno Borges
20250819,Hard,Alexandre Muller,Darwin Blanch
20250819,Hard,Giovanni Mpetshi Perricard,Pedro Martinez
20250819,Hard,Marton Fucsovics,Tallon Griekspoor
20250819,Hard,Roberto Bautista Agut,Christopher O'Connell
20250819,Hard,Hamad Medjedovic,Jacob Fearnley
20250819,Hard,Miomir Kecmanovic,Aleksandar Kovacevic
20250819,Hard,Mariano Navone,Marcos Giron
20250819,Hard,Luciano Darderi,Mackenzie McDonald
20250819,Hard,Botic Van De Zandschulp,Matteo Arnaldi
20250819,Hard,Sebastian Baez,Pablo Carreno Busta
20250819,Hard,Jaume Munar,Mattia Bellucci
20250819,Hard,Bu Yunchaokete,Stefanos Tsitsipas
20250820,Hard,Lorenzo Sonego,Stefan Dostanic
20250820,Hard,Sebastian Korda,Kamil Majchrzak
20250820,Hard,Miomir Kecmanovic,Luciano Darderi
20250820,Hard,Marton Fucsovics,Roberto Bautista Agut
20250820,Hard,Gabriel Diallo,Nishesh Basavareddy
20250820,Hard,Giovanni Mpetshi Perricard,Alexandre Muller
20250820,Hard,Hamad Medjedovic,Gabriel Diallo
20250820,Hard,Jaume Munar,Lorenzo Sonego
20250820,Hard,Bu Yunchaokete,Mariano Navone
20250821,Hard,Botic Van De Zandschulp,Sebastian Baez
20250821,Hard,Sebastian Korda,Miomir Kecmanovic
20250821,Hard,Marton Fucsovics,Jaume Munar
20250821,Hard,Giovanni Mpetshi Perricard,Hamad Medjedovic
20250822,Hard,Botic Van De Zandschulp,Bu Yunchaokete
20250822,Hard,Marton Fucsovics,Sebastian Korda
20250822,Hard,Botic Van De Zandschulp,Giovanni Mpetshi Perricard
20250823,Hard,Marton Fucsovics,Botic Van De Zandschulp
20250818,Hard,Chak Lam Coleman Wong,Chris Rodesch
20250818,Hard,Martin Landaluce,Clement Tabur
20250818,Hard,Matteo Gigante,Edas Butvilas
20250818,Hard,Pablo Llamas Ruiz,Yannick Hanfmann
20250818,Hard,Andres Martin,Viktor Durasovic
20250818,Hard,Hugo Grenier,Omar Jasika
20250818,Hard,Jesper de Jong,Vilius Gaubas
20250818,Hard,Billy Harris,James Trotter
20250818,Hard,Mikhail Kukushkin,Andrea Pellegrino
20250818,Hard,Harold Mayot,Johannus Monday
20250818,Hard,Marco Trungelliti,Christopher Eubanks
20250818,Hard,Cristian Garin,Yosuke Watanuki
20250818,Hard,Federico Cina,Dominic Stricker
20250818,Hard,Federico Agustin Gomez,Lukas Klein
20250818,Hard,Taro Daniel,Vitaliy Sachko
20250818,Hard,Marc-Andrea Huesler,Stefano Napolitano
20250818,Hard,Arthur Cazaux,Mark Lajal
20250818,Hard,Jan-Lennard Struff,Clement Chidekh
20250818,Hard,Nikoloz Basilashvili,Gauthier Onclin
20250818,Hard,Jay Clarke,Jack Satterfield
20250818,Hard,Ugo Blanchet,Borna Gojo
20250818,Hard,Patrick Maloney,Elias Ymer
20250818,Hard,James Duckworth,Facundo Bagnis
20250818,Hard,Daniel Elahi Galan,Guy Den Ouden
20250818,Hard,James McCabe,Francesco Maestrelli
20250818,Hard,Murphy Cassone,Thiago Monteiro
20250818,Hard,Lloyd Harris,Daniel Evans
20250818,Hard,Dmitry Popko,Thiago Seyboth Wild
20250818,Hard,Sun Fajing,Pol Martin Tiffon
20250818,Hard,Dino Prizmic,Alexis Galarneau
20250818,Hard,Rodrigo Pacheco Mendez,Sascha Gueymard Wayenburg
20250818,Hard,Francesco Passaro,Yu Hsiou Hsu
20250819,Hard,Andrea Collarini,Jan Choinski
20250819,Hard,Mitchell Krueger,Santiago Rodriguez Taverna
20250819,Hard,Jaime Faria,Rio Noguchi
20250819,Hard,Roman Andres Burruchaga,Justin Engel
20250819,Hard,Zachary Svajda,August Holmgren
20250819,Hard,Shintaro Mochizuki,Jurij Rodionov
20250819,Hard,Wu Yibing,Juan Pablo Ficovich
20250819,Hard,Luca Van Assche,Dusan Lajovic
20250819,Hard,Giulio Zeppieri,Hady Habib
20250819,Hard,Beibit Zhukayev,Jack Pinnington Jones
20250819,Hard,Jerome Kym,Carlos Taberner
20250819,Hard,Jason Kubler,George Loffhagen
20250819,Hard,Otto Virtanen,Benjamin Willwerth
20250819,Hard,Kyrian Jacquet,Liam Draxl
20250819,Hard,Michael Zheng,Yasutaka Uchiyama
20250819,Hard,Leandro Riedi,Luka Pavlovic
20250819,Hard,Oliver Crawford,Alex Bolt
20250819,Hard,Zsombor Piros,Arthur Bouquier
20250819,Hard,Thiago Agustin Tirante,Jack Kennedy
20250819,Hard,Garrett Johns,Colton Smith
20250819,Hard,Yuta Shimizu,Sho Shimabukuro
20250819,Hard,Juan Manuel Cerundolo,Calvin Hemery
20250819,Hard,Henrique Rocha,Pierre-Hugues Herbert
20250819,Hard,Bernard Tomic,Patrick Kypson
20250819,Hard,Daniel Merida,Dalibor Svrcina
20250819,Hard,Titouan Droguet,Alibek Kachmazov
20250819,Hard,Kimmer Coppejans,Alex Barrena
20250819,Hard,Benjamin Hassan,Tomas Barrios Vera
20250819,Hard,Martin Damm,Stefano Travaglia
20250819,Hard,Alexander Blockx,Joao Lucas Reis Da Silva
20250819,Hard,Rei Sakamoto,Tyler Zink
20250819,Hard,Ignacio Buse,Lukas Neumayer
20250821,Hard,Ignacio Buse,Rei Sakamoto
20250821,Hard,Kimmer Coppejans,Alexander Blockx
20250821,Hard,Leandro Riedi,Otto Virtanen
20250821,Hard,Garrett Johns,Oliver Crawford
20250821,Hard,Martin Damm,Benjamin Hassan
20250821,Hard,Yuta Shimizu,Juan Manuel Cerundolo
20250821,Hard,Pablo Llamas Ruiz,Andres Martin
20250821,Hard,Federico Agustin Gomez,Federico Cina
20250821,Hard,Marco Trungelliti,Cristian Garin
20250821,Hard,Hugo Grenier,Martin Landaluce
20250821,Hard,Dino Prizmic,Murphy Cassone
20250821,Hard,Arthur Cazaux,Jay Clarke
20250821,Hard,Jan-Lennard Struff,Taro Daniel
20250821,Hard,Chak Lam Coleman Wong,Matteo Gigante
20250821,Hard,Mitchell Krueger,Andrea Collarini
20250821,Hard,James Duckworth,James McCabe
20250821,Hard,Zsombor Piros,Thiago Agustin Tirante
20250821,Hard,Marc-Andrea Huesler,Nikoloz Basilashvili
20250821,Hard,Jesper de Jong,Harold Mayot
20250821,Hard,Henrique Rocha,Bernard Tomic
20250821,Hard,Zachary Svajda,Beibit Zhukayev
20250821,Hard,Billy Harris,Mikhail Kukushkin
20250821,Hard,Lloyd Harris,Sun Fajing
20250821,Hard,Jason Kubler,Kyrian Jacquet
20250821,Hard,Shintaro Mochizuki,Roman Andres Burruchaga
20250821,Hard,Daniel Merida,Titouan Droguet
20250821,Hard,Jaime Faria,Giulio Zeppieri
20250821,Hard,Francesco Passaro,Rodrigo Pacheco Mendez
20250821,Hard,Ugo Blanchet,Dmitry Popko
20250821,Hard,Daniel Elahi Galan,Patrick Maloney
20250821,Hard,Jerome Kym,Michael Zheng
20250821,Hard,Wu Yibing,Luca Van Assche
20250822,Hard,Jan-Lennard Struff,Arthur Cazaux
20250822,Hard,Leandro Riedi,Garrett Johns
20250822,Hard,Pablo Llamas Ruiz,Marco Trungelliti
20250822,Hard,Federico Agustin Gomez,Hugo Grenier
20250822,Hard,Martin Damm,Yuta Shimizu
20250822,Hard,Ignacio Buse,Kimmer Coppejans
20250822,Hard,Zachary Svajda,Marc-Andrea Huesler
20250822,Hard,Jesper de Jong,Mitchell Krueger
20250822,Hard,Francesco Passaro,Henrique Rocha
20250822,Hard,Lloyd Harris,Daniel Merida
20250822,Hard,Chak Lam Coleman Wong,Billy Harris
20250822,Hard,Zsombor Piros,James Duckworth
20250822,Hard,Dino Prizmic,Jason Kubler
20250822,Hard,Shintaro Mochizuki,Daniel Elahi Galan
20250822,Hard,Jerome Kym,Wu Yibing
20250822,Hard,Ugo Blanchet,Jaime Faria
20250824,Hard,Jakub Mensik,Nicolas Jarry
20250824,Hard,Alejandro Davidovich Fokina,Aleksandr Shevchenko
20250824,Hard,Arthur Rinderknech,Roberto Carballes Baena
20250824,Hard,Ben Shelton,Ignacio Buse
20250824,Hard,Taylor Fritz,Emilio Nava
20250824,Hard,Ugo Blanchet,Fabian Marozsan
20250824,Hard,Eliot Spizzirri,Stefan Dostanic
20250824,Hard,Luciano Darderi,Rinky Hijikata
20250824,Hard,Jiri Lehecka,Borna Coric
20250824,Hard,Adrian Mannarino,Tallon Griekspoor
20250824,Hard,Tomas Machac,Luca Nardi
20250824,Hard,Zachary Svajda,Zsombor Piros
20250824,Hard,Jerome Kym,Ethan Quinn
20250824,Hard,Pablo Carreno Busta,Pablo Llamas Ruiz
20250824,Hard,Tomas Martin Etcheverry,Camilo Ugo Carabelli
20250824,Hard,Jordan Thompson,Corentin Moutet
20250824,Hard,Marcos Giron,Mariano Navone
20250824,Hard,Brandon Nakashima,Jesper de Jong
20250824,Hard,Novak Djokovic,Learner Tien
20250825,Hard,Benjamin Bonzi,Daniil Medvedev
20250825,Hard,Lloyd Harris,Sebastian Baez
20250825,Hard,Martin Damm,Darwin Blanch
20250825,Hard,Chak Lam Coleman Wong,Aleksandar Kovacevic
20250825,Hard,Adam Walton,Ugo Humbert
20250825,Hard,Zizou Bergs,Chun-Hsin Tseng
20250825,Hard,Cameron Norrie,Sebastian Korda
20250825,Hard,Joao Fonseca,Miomir Kecmanovic
20250825,Hard,Jack Draper,Federico Agustin Gomez
20250825,Hard,Raphael Collignon,Daniel Elahi Galan
20250825,Hard,Francisco Comesana,Alex Michelsen
20250825,Hard,Mattia Bellucci,Shang Juncheng
20250825,Hard,Flavio Cobolli,Francesco Passaro
20250825,Hard,Jenson Brooksby,Aleksandar Vukic
20250825,Hard,Holger Rune,Botic Van De Zandschulp
20250825,Hard,Frances Tiafoe,Yoshihito Nishioka
20250825,Hard,Jaume Munar,Jaime Faria
20250825,Hard,Kamil Majchrzak,Hugo Dellien
20250825,Hard,Jan-Lennard Struff,Mackenzie McDonald
20250825,Hard,Tristan Boyer,James Duckworth
20250825,Hard,Karen Khachanov,Nishesh Basavareddy
20250825,Hard,Andrey Rublev,Dino Prizmic
20250825,Hard,Casper Ruud,Sebastian Ofner
20250825,Hard,Gabriel Diallo,Damir Dzumhur
20250826,Hard,Carlos Alcaraz,Reilly Opelka
20250826,Hard,Lorenzo Musetti,Giovanni Mpetshi Perricard
20250826,Hard,Francisco Cerundolo,Matteo Arnaldi
20250826,Hard,Denis Shapovalov,Marton Fucsovics
20250826,Hard,David Goffin,Quentin Halys
20250826,Hard,Alexander Bublik,Marin Cilic
20250826,Hard,Alexei Popyrin,Emil Ruusuvuori
20250826,Hard,Valentin Royer,Bu Yunchaokete
20250826,Hard,Jannik Sinner,Vit Kopriva
20250826,Hard,Leandro Riedi,Pedro Martinez
20250826,Hard,Felix Auger-Aliassime,Billy Harris
20250826,Hard,Shintaro Mochizuki,Hugo Gaston
20250826,Hard,Daniel Altmaier,Hamad Medjedovic
20250826,Hard,Tristan Schoolkate,Lorenzo Sonego
20250826,Hard,Stefanos Tsitsipas,Alexandre Muller
20250826,Hard,Alex de Minaur,Christopher O'Connell
20250826,Hard,Nuno Borges,Brandon Holt
20250826,Hard,Roman Safiullin,Gael Monfils
20250826,Hard,Jacob Fearnley,Roberto Bautista Agut
20250827,Hard,Tommy Paul,Elmer Moller
20250827,Hard,Alexander Zverev,Alejandro Tabilo
20250827,Hard,Jerome Kym,Brandon Nakashima
20250827,Hard,Jiri Lehecka,Tomas Martin Etcheverry
20250827,Hard,Novak Djokovic,Zachary Svajda
20250827,Hard,Tomas Machac,Joao Fonseca
20250827,Hard,Raphael Collignon,Casper Ruud
20250827,Hard,Taylor Fritz,Lloyd Harris
20250827,Hard,Benjamin Bonzi,Marcos Giron
20250827,Hard,Cameron Norrie,Francisco Comesana
20250827,Hard,Arthur Rinderknech,Alejandro Davidovich Fokina
20250827,Hard,Ugo Blanchet,Jakub Mensik
20250827,Hard,Frances Tiafoe,Martin Damm
20250827,Hard,Luciano Darderi,Eliot Spizzirri
20250827,Hard,Adrian Mannarino,Jordan Thompson
20250827,Hard,Jan-Lennard Struff,Holger Rune
20250827,Hard,Carlos Alcaraz,Mattia Bellucci
20250828,Hard,Ben Shelton,Pablo Carreno Busta
20250828,Hard,Zizou Bergs,Jack Draper
20250828,Hard,Chak Lam Coleman Wong,Adam Walton
20250828,Hard,Andrey Rublev,Tristan Boyer
20250828,Hard,Lorenzo Musetti,David Goffin
20250828,Hard,Kamil Majchrzak,Karen Khachanov
20250828,Hard,Denis Shapovalov,Valentin Royer
20250828,Hard,Leandro Riedi,Francisco Cerundolo
20250828,Hard,Flavio Cobolli,Jenson Brooksby
20250828,Hard,Jannik Sinner,Alexei Popyrin
20250828,Hard,Jaume Munar,Gabriel Diallo
20250828,Hard,Alexander Bublik,Tristan Schoolkate
20250828,Hard,Alexander Zverev,Jacob Fearnley
20250828,Hard,Felix Auger-Aliassime,Roman Safiullin
20250828,Hard,Daniel Altmaier,Stefanos Tsitsipas
20250829,Hard,Alex de Minaur,Shintaro Mochizuki
20250829,Hard,Tommy Paul,Nuno Borges
20250829,Hard,Jiri Lehecka,Raphael Collignon
20250829,Hard,Arthur Rinderknech,Benjamin Bonzi
20250829,Hard,Carlos Alcaraz,Luciano Darderi
20250829,Hard,Adrian Mannarino,Ben Shelton
20250829,Hard,Jan-Lennard Struff,Frances Tiafoe
20250829,Hard,Novak Djokovic,Cameron Norrie
20250829,Hard,Tomas Machac,Ugo Blanchet
20250830,Hard,Taylor Fritz,Jerome Kym
20250830,Hard,Lorenzo Musetti,Flavio Cobolli
20250830,Hard,Jaume Munar,Zizou Bergs
20250830,Hard,Jannik Sinner,Denis Shapovalov
20250830,Hard,Andrey Rublev,Chak Lam Coleman Wong
20250830,Hard,Leandro Riedi,Kamil Majchrzak
20250830,Hard,Alex de Minaur,Daniel Altmaier
20250830,Hard,Felix Auger-Aliassime,Alexander Zverev
20250831,Hard,Alexander Bublik,Tommy Paul
20250831,Hard,Jiri Lehecka,Adrian Mannarino
20250831,Hard,Carlos Alcaraz,Arthur Rinderknech
20250831,Hard,Taylor Fritz,Tomas Machac
20250831,Hard,Novak Djokovic,Jan-Lennard Struff
20250901,Hard,Alex de Minaur,Leandro Riedi
20250901,Hard,Felix Auger-Aliassime,Andrey Rublev
20250901,Hard,Lorenzo Musetti,Jaume Munar
20250901,Hard,Jannik Sinner,Alexander Bublik
20250902,Hard,Carlos Alcaraz,Jiri Lehecka
20250903,Hard,Novak Djokovic,Taylor Fritz
20250903,Hard,Felix Auger-Aliassime,Alex de Minaur
20250904,Hard,Jannik Sinner,Lorenzo Musetti
20250905,Hard,Carlos Alcaraz,Novak Djokovic
20250905,Hard,Jannik Sinner,Felix Auger-Aliassime
20250907,Hard,Carlos Alcaraz,Jannik Sinner
20250818,Hard,Jodie Burrage,Patricia Maria Tig
20250818,Hard,Tatiana Prozorova,Martina Trevisan
20250818,Hard,Panna Udvardy,Paula Ormaechea
20250818,Hard,Manon Leonard,Sada Nahimana
20250818,Hard,Fiona Crawley,Louisa Chirico
20250818,Hard,Dalma Galfi,Akasha Urhobo
20250818,Hard,Tereza Valentova,Mona Barthel
20250818,Hard,Arantxa Rus,Carlota Martinez Cirez
20250818,Hard,Tessah Andrianjafitrimo,Polona Hercog
20250818,Hard,Jana Fett,Joanna Garland
20250818,Hard,Victoria Jimenez Kasintseva,Alexis Nguyen
20250818,Hard,Amelia Honer,Whitney Osuigwe
20250818,Hard,Katie Volynets,Sofia Costoulas
20250818,Hard,Elena Pridankina,Barbora Palicova
20250818,Hard,Astra Sharma,Lola Radivojevic
20250818,Hard,Petra Marcinko,Gao Xinyu
20250818,Hard,Alina Charaeva,Monika Ekstrand
20250818,Hard,Ena Shibahara,Kayla Day
20250818,Hard,Varvara Gracheva,Madison Brengle
20250818,Hard,Laura Pigossi,Tamara Zidansek
20250818,Hard,Dominika Salkova,Julia Grabher
20250818,Hard,Emerson Jones,Bernarda Pera
20250818,Hard,Kristina Dmitruk,Kaja Juvan
20250818,Hard,Mai Hontama,Kristina Penickova
20250818,Hard,Tara Wuerth,Arina Rodionova
20250818,Hard,Rebecca Marino,Lanlana Tararudee
20250818,Hard,Wang Xiyu,Carson Branstine
20250818,Hard,Hina Inoue,Lauren Davis
20250818,Hard,Claire Liu,Katarzyna Kawa
20250818,Hard,Maddison Inglis,Storm Hunter
20250818,Hard,Simona Waltert,Daria Snigur
20250818,Hard,Petra Martic,Linda Fruhvirtova
20250819,Hard,Jule Niemeier,Daria Saville
20250819,Hard,Priscilla Hon,Nuria Brancaccio
20250819,Hard,Veronika Erjavec,Maria Timofeeva
20250819,Hard,Cadence Brace,Nao Hibino
20250819,Hard,Hanne Vandewinkel,Marina Stakusic
20250819,Hard,Iryna Shymanovich,Sinja Kraus
20250819,Hard,Viktoriya Tomova,Irene Burillo
20250819,Hard,Harriet Dart,Anca Todoni
20250819,Hard,Oksana Selekhmeteva,Julia Riera
20250819,Hard,Carol Zhao,Maria Lourdes Carle
20250819,Hard,Ayana Akli,Eva Vedder
20250819,Hard,Lizette Cabrera,Oleksandra Oliynykova
20250819,Hard,Olivia Gadecki,Anouk Koevermans
20250819,Hard,Darja Semenistaja,Andrea Lazaro Garcia
20250819,Hard,Jessika Ponchet,Elizabeth Mandlik
20250819,Hard,Lucrezia Stefanini,Vitalia Diatchenko
20250819,Hard,Linda Klimovicova,Alina Korneeva
20250819,Hard,Ekaterine Gorgodze,Heather Watson
20250819,Hard,Aoi Ito,Anna-Lena Friedsam
20250819,Hard,Justina Mikulskyte,Kyoka Okamura
20250819,Hard,Maja Chwalinska,Giorgia Pedone
20250819,Hard,Destanee Aiava,Sara Bejlek
20250819,Hard,Francesca Jones,Viktoria Hruncakova
20250819,Hard,Arianne Hartono,Ana Sofia Sanchez
20250819,Hard,Janice Tjen,Varvara Lepchenko
20250819,Hard,Sachia Vickery,Anastasiia Sobolieva
20250819,Hard,Darja Vidmanova,Maya Iyengar
20250819,Hard,Guiomar Maristany Zuleta De Reales,Tiantsoa Rakotomanga Rajaonah
20250819,Hard,Ella Seidel,Kathinka von Deichmann
20250819,Hard,Wei Sijia,Berfu Cengiz
20250819,Hard,Zhang Shuai,Mary Stoiana
20250819,Hard,Leyre Romero Gormaz,Celine Naef
20250821,Hard,Wei Sijia,Leyre Romero Gormaz
20250821,Hard,Destanee Aiava,Justina Mikulskyte
20250821,Hard,Ella Seidel,Sachia Vickery
20250821,Hard,Arianne Hartono,Olivia Gadecki
20250821,Hard,Francesca Jones,Ekaterine Gorgodze
20250821,Hard,Janice Tjen,Maja Chwalinska
20250821,Hard,Aoi Ito,Guiomar Maristany Zuleta De Reales
20250821,Hard,Zhang Shuai,Darja Vidmanova
20250821,Hard,Dalma Galfi,Fiona Crawley
20250821,Hard,Katie Volynets,Amelia Honer
20250821,Hard,Emerson Jones,Laura Pigossi
20250821,Hard,Victoria Jimenez Kasintseva,Astra Sharma
20250821,Hard,Jana Fett,Tessah Andrianjafitrimo
20250821,Hard,Arantxa Rus,Jodie Burrage
20250821,Hard,Tereza Valentova,Tatiana Prozorova
20250821,Hard,Panna Udvardy,Manon Leonard
20250821,Hard,Varvara Gracheva,Tara Wuerth
20250821,Hard,Ena Shibahara,Elena Pridankina
20250821,Hard,Wang Xiyu,Petra Martic
20250821,Hard,Alina Charaeva,Petra Marcinko
20250821,Hard,Claire Liu,Maddison Inglis
20250821,Hard,Veronika Erjavec,Cadence Brace
20250821,Hard,Dominika Salkova,Kristina Dmitruk
20250821,Hard,Hina Inoue,Simona Waltert
20250821,Hard,Rebecca Marino,Mai Hontama
20250821,Hard,Priscilla Hon,Jule Niemeier
20250821,Hard,Hanne Vandewinkel,Viktoriya Tomova
20250821,Hard,Darja Semenistaja,Lizette Cabrera
20250821,Hard,Lucrezia Stefanini,Carol Zhao
20250821,Hard,Oksana Selekhmeteva,Iryna Shymanovich
20250821,Hard,Ayana Akli,Harriet Dart
20250821,Hard,Linda Klimovicova,Jessika Ponchet
20250822,Hard,Destanee Aiava,Ella Seidel
20250822,Hard,Victoria Jimenez Kasintseva,Emerson Jones
20250822,Hard,Francesca Jones,Arianne Hartono
20250822,Hard,Zhang Shuai,Wei Sijia
20250822,Hard,Janice Tjen,Aoi Ito
20250822,Hard,Dalma Galfi,Panna Udvardy
20250822,Hard,Tereza Valentova,Arantxa Rus
20250822,Hard,Wang Xiyu,Alina Charaeva
20250822,Hard,Katie Volynets,Jana Fett
20250822,Hard,Claire Liu,Veronika Erjavec
20250822,Hard,Ena Shibahara,Varvara Gracheva
20250822,Hard,Priscilla Hon,Hanne Vandewinkel
20250822,Hard,Rebecca Marino,Dominika Salkova
20250822,Hard,Darja Semenistaja,Linda Klimovicova
20250822,Hard,Hina Inoue,Lucrezia Stefanini
20250822,Hard,Oksana Selekhmeteva,Ayana Akli
20250824,Hard,McCartney Kessler,Magda Linette
20250824,Hard,Tereza Valentova,Lucia Bronzetti
20250824,Hard,Emma Raducanu,Ena Shibahara
20250824,Hard,Polina Kudermetova,Nuria Parrizas Diaz
20250824,Hard,Marketa Vondrousova,Oksana Selekhmeteva
20250824,Hard,Leylah Fernandez,Rebecca Marino
20250824,Hard,Janice Tjen,Veronika Kudermetova
20250824,Hard,Moyuka Uchijima,Olga Danilovic
20250824,Hard,Alexandra Eala,Clara Tauson
20250824,Hard,Aryna Sabalenka,Rebeka Masarova
20250824,Hard,Catherine McNally,Jil Teichmann
20250824,Hard,Jelena Ostapenko,Wang Xiyu
20250824,Hard,Lulu Sun,Camila Osorio
20250824,Hard,Emma Navarro,Wang Yafan
20250824,Hard,Anastasia Potapova,Zhu Lin
20250824,Hard,Belinda Bencic,Zhang Shuai
20250824,Hard,Anna Blinkova,Yuliia Starodubtseva
20250824,Hard,Jasmine Paolini,Destanee Aiava
20250824,Hard,Victoria Azarenka,Hina Inoue
20250825,Hard,Jessica Pegula,Mayar Sherif
20250825,Hard,Yulia Putintseva,Elisabetta Cocciaretto
20250825,Hard,Diane Parry,Petra Kvitova
20250825,Hard,Priscilla Hon,Leolia Jeanjean
20250825,Hard,Liudmila Samsonova,Yuan Yue
20250825,Hard,Barbora Krejcikova,Victoria Mboko
20250825,Hard,Anastasia Pavlyuchenkova,Dayana Yastremska
20250825,Hard,Renata Zarazua,Madison Keys
20250825,Hard,Elise Mertens,Alyssa Ahn
20250825,Hard,Taylor Townsend,Antonia Ruzic
20250825,Hard,Iva Jovic,Aliaksandra Sasnovich
20250825,Hard,Anna Kalinskaya,Clervie Ngounoue
20250825,Hard,Elena Rybakina,Julieta Pareja
20250825,Hard,Cristina Bucsa,Claire Liu
20250825,Hard,Kamilla Rakhimova,Caroline Garcia
20250825,Hard,Daria Kasatkina,Elena-Gabriela Ruse
20250825,Hard,Ann Li,Rebecca Sramkova
20250825,Hard,Maria Sakkari,Tatjana Maria
20250825,Hard,Elsa Jacquemot,Marie Bouzkova
20250825,Hard,Magdalena Frech,Talia Gibson
20250825,Hard,Anna Bondar,Elina Svitolina
20250825,Hard,Peyton Stearns,Darja Semenistaja
20250825,Hard,Zeynep Sonmez,Katie Volynets
20250825,Hard,Karolina Muchova,Venus Williams
20250826,Hard,Mirra Andreeva,Alycia Parks
20250826,Hard,Maya Joint,Victoria Jimenez Kasintseva
20250826,Hard,Marta Kostyuk,Katie Boulter
20250826,Hard,Suzan Lamens,Valerie Glozman
20250826,Hard,Beatriz Haddad Maia,Sonay Kartal
20250826,Hard,Iga Swiatek,Emiliana Arango
20250826,Hard,Viktorija Golubic,Lois Boisson
20250826,Hard,Jaqueline Cristian,Danielle Collins
20250826,Hard,Wang Xinyu,Caroline Dolehide
20250826,Hard,Amanda Anisimova,Kimberly Birrell
20250826,Hard,Linda Noskova,Dalma Galfi
20250826,Hard,Ashlyn Krueger,Sofia Kenin
20250826,Hard,Laura Siegemund,Diana Shnaider
20250826,Hard,Eva Lys,Francesca Jones
20250826,Hard,Ekaterina Alexandrova,Anastasija Sevastova
20250826,Hard,Sorana Cirstea,Solana Sierra
20250826,Hard,Hailey Baptiste,Katerina Siniakova
20250826,Hard,Donna Vekic,Jessica Bouzas Maneiro
20250826,Hard,Naomi Osaka,Greet Minnen
20250826,Hard,Anastasia Zakharova,Elina Avanesyan
20250826,Hard,Coco Gauff,Ajla Tomljanovic
20250827,Hard,Emma Navarro,Catherine McNally
20250827,Hard,Emma Raducanu,Janice Tjen
20250827,Hard,Victoria Azarenka,Anastasia Pavlyuchenkova
20250827,Hard,Cristina Bucsa,Alexandra Eala
20250827,Hard,Jessica Pegula,Anna Blinkova
20250827,Hard,Barbora Krejcikova,Moyuka Uchijima
20250827,Hard,Elena Rybakina,Tereza Valentova
20250827,Hard,Taylor Townsend,Jelena Ostapenko
20250827,Hard,Priscilla Hon,Liudmila Samsonova
20250827,Hard,Elise Mertens,Lulu Sun
20250827,Hard,Mirra Andreeva,Anastasia Potapova
20250827,Hard,Jasmine Paolini,Iva Jovic
20250827,Hard,Marketa Vondrousova,McCartney Kessler
20250827,Hard,Leylah Fernandez,Elsa Jacquemot
20250828,Hard,Ann Li,Belinda Bencic
20250828,Hard,Aryna Sabalenka,Polina Kudermetova
20250828,Hard,Maria Sakkari,Anna Bondar
20250828,Hard,Anna Kalinskaya,Yulia Putintseva
20250828,Hard,Ekaterina Alexandrova,Wang Xinyu
20250828,Hard,Linda Noskova,Eva Lys
20250828,Hard,Beatriz Haddad Maia,Viktorija Golubic
20250828,Hard,Iga Swiatek,Suzan Lamens
20250828,Hard,Marta Kostyuk,Zeynep Sonmez
20250828,Hard,Magdalena Frech,Peyton Stearns
20250828,Hard,Naomi Osaka,Hailey Baptiste
20250828,Hard,Laura Siegemund,Anastasia Zakharova
20250828,Hard,Karolina Muchova,Sorana Cirstea
20250828,Hard,Diane Parry,Renata Zarazua
20250828,Hard,Jaqueline Cristian,Ashlyn Krueger
20250828,Hard,Daria Kasatkina,Kamilla Rakhimova
20250828,Hard,Coco Gauff,Donna Vekic
20250829,Hard,Amanda Anisimova,Maya Joint
20250829,Hard,Elena Rybakina,Emma Raducanu
20250829,Hard,Marketa Vondrousova,Jasmine Paolini
20250829,Hard,Jessica Pegula,Victoria Azarenka
20250829,Hard,Cristina Bucsa,Elise Mertens
20250829,Hard,Ann Li,Priscilla Hon
20250829,Hard,Barbora Krejcikova,Emma Navarro
20250829,Hard,Aryna Sabalenka,Leylah Fernandez
20250830,Hard,Taylor Townsend,Mirra Andreeva
20250830,Hard,Karolina Muchova,Linda Noskova
20250830,Hard,Coco Gauff,Magdalena Frech
20250830,Hard,Marta Kostyuk,Diane Parry
20250830,Hard,Naomi Osaka,Daria Kasatkina
20250830,Hard,Ekaterina Alexandrova,Laura Siegemund
20250830,Hard,Amanda Anisimova,Jaqueline Cristian
20250830,Hard,Iga Swiatek,Anna Kalinskaya
20250831,Hard,Beatriz Haddad Maia,Maria Sakkari
20250831,Hard,Jessica Pegula,Ann Li
20250831,Hard,Barbora Krejcikova,Taylor Townsend
20250901,Hard,Aryna Sabalenka,Cristina Bucsa
20250901,Hard,Marketa Vondrousova,Elena Rybakina
20250901,Hard,Iga Swiatek,Ekaterina Alexandrova
20250901,Hard,Karolina Muchova,Marta Kostyuk
20250901,Hard,Naomi Osaka,Coco Gauff
20250902,Hard,Amanda Anisimova,Beatriz Haddad Maia
20250902,Hard,Jessica Pegula,Barbora Krejcikova
20250902,Hard,Aryna Sabalenka,Marketa Vondrousova
20250903,Hard,Amanda Anisimova,Iga Swiatek
20250903,Hard,Naomi Osaka,Karolina Muchova
20250904,Hard,Aryna Sabalenka,Jessica Pegula
20250905,Hard,Amanda Anisimova,Naomi Osaka
20250906,Hard,Aryna Sabalenka,Amanda Anisimova
20250929,Hard,Billy Harris,Taro Daniel
20250929,Hard,Valentin Royer,Titouan Droguet
20250929,Hard,Yosuke Watanuki,Liu Hanyi
20250929,Hard,Dalibor Svrcina,Giulio Zeppieri
20250929,Hard,Ugo Blanchet,Te Rigele
20250929,Hard,Christopher Eubanks,Filip Misolic
20250929,Hard,Tristan Schoolkate,James McCabe
20250929,Hard,Gauthier Onclin,James Duckworth
20250929,Hard,Alejandro Tabilo,Cui Jie
20250929,Hard,Harold Mayot,Sun Fajing
20250929,Hard,Beibit Zhukayev,Colton Smith
20250929,Hard,August Holmgren,Chun-Hsin Tseng
20250929,Hard,Nikoloz Basilashvili,Bernard Tomic
20250929,Hard,James Trotter,Tristan Boyer
20250929,Hard,Eliot Spizzirri,Xiao Linang
20250929,Hard,Liam Draxl,Kyrian Jacquet
20250929,Hard,Jason Kubler,Chak Lam Coleman Wong
20250929,Hard,Valentin Vacherot,Nishesh Basavareddy
20250929,Hard,Mackenzie McDonald,Omar Jasika
20250929,Hard,Rinky Hijikata,Stefano Napolitano
20250929,Hard,Yannick Hanfmann,Shintaro Mochizuki
20250929,Hard,Rei Sakamoto,Brandon Holt
20250929,Hard,Aleksandar Vukic,Marc-Andrea Huesler
20250929,Hard,Yoshihito Nishioka,Rio Noguchi
20250930,Hard,Alejandro Tabilo,Harold Mayot
20250930,Hard,Ugo Blanchet,Christopher Eubanks
20250930,Hard,Dalibor Svrcina,Yosuke Watanuki
20250930,Hard,Valentin Royer,Billy Harris
20250930,Hard,Nikoloz Basilashvili,Eliot Spizzirri
20250930,Hard,August Holmgren,Gauthier Onclin
20250930,Hard,Yannick Hanfmann,Jason Kubler
20250930,Hard,Valentin Vacherot,Liam Draxl
20250930,Hard,Rei Sakamoto,Mackenzie McDonald
20250930,Hard,Tristan Schoolkate,Beibit Zhukayev
20250930,Hard,Yoshihito Nishioka,Aleksandar Vukic
20250930,Hard,James Trotter,Rinky Hijikata
20251001,Hard,Mattia Bellucci,Adam Walton
20251001,Hard,Luca Nardi,Sebastian Ofner
20251001,Hard,Jaume Munar,Marton Fucsovics
20251001,Hard,David Goffin,Alexandre Muller
20251001,Hard,Jordan Thompson,August Holmgren
20251001,Hard,Daniel Altmaier,Tristan Schoolkate
20251001,Hard,Adrian Mannarino,Matteo Berrettini
20251001,Hard,Marin Cilic,Nikoloz Basilashvili
20251001,Hard,Yoshihito Nishioka,Aleksandr Shevchenko
20251001,Hard,Valentin Vacherot,Laslo Djere
20251001,Hard,Zizou Bergs,Sebastian Korda
20251001,Hard,Sebastian Baez,Zhang Zhizhen
20251001,Hard,Yannick Hanfmann,Lorenzo Sonego
20251001,Hard,Fabian Marozsan,Stan Wawrinka
20251002,Hard,Dalibor Svrcina,Wu Yibing
20251002,Hard,Nuno Borges,Botic Van De Zandschulp
20251002,Hard,Francisco Comesana,Ugo Blanchet
20251002,Hard,Jenson Brooksby,James Trotter
20251002,Hard,Camilo Ugo Carabelli,Terence Atmane
20251002,Hard,Christopher O'Connell,Damir Dzumhur
20251002,Hard,Benjamin Bonzi,Reilly Opelka
20251002,Hard,Kamil Majchrzak,Ethan Quinn
20251002,Hard,Jesper de Jong,Zhou Yi
20251002,Hard,Arthur Cazaux,Pedro Martinez
20251002,Hard,Valentin Royer,Mariano Navone
20251002,Hard,Alejandro Tabilo,Marcos Giron
20251002,Hard,Quentin Halys,Mackenzie McDonald
20251002,Hard,Shang Juncheng,Aleksandar Kovacevic
20251002,Hard,Arthur Rinderknech,Hamad Medjedovic
20251002,Hard,Matteo Arnaldi,Rei Sakamoto
20251002,Hard,Bu Yunchaokete,Juan Manuel Cerundolo
20251003,Hard,Gabriel Diallo,Benjamin Bonzi
20251003,Hard,Yannick Hanfmann,Frances Tiafoe
20251003,Hard,David Goffin,Ben Shelton
20251003,Hard,Francisco Cerundolo,Adrian Mannarino
20251003,Hard,Holger Rune,Sebastian Baez
20251003,Hard,Ugo Humbert,Jordan Thompson
20251003,Hard,Learner Tien,Miomir Kecmanovic
20251003,Hard,Tomas Machac,Mattia Bellucci
20251003,Hard,Giovanni Mpetshi Perricard,Luca Nardi
20251003,Hard,Novak Djokovic,Marin Cilic
20251003,Hard,Tallon Griekspoor,Jenson Brooksby
20251003,Hard,Jaume Munar,Flavio Cobolli
20251003,Hard,Valentin Vacherot,Alexander Bublik
20251003,Hard,Zizou Bergs,Casper Ruud
20251003,Hard,Taylor Fritz,Fabian Marozsan
20251004,Hard,Yoshihito Nishioka,Andrey Rublev
20251004,Hard,Jiri Lehecka,Quentin Halys
20251004,Hard,Felix Auger-Aliassime,Alejandro Tabilo
20251004,Hard,Alex de Minaur,Camilo Ugo Carabelli
20251004,Hard,Kamil Majchrzak,Brandon Nakashima
20251004,Hard,Arthur Rinderknech,Alex Michelsen
20251004,Hard,Denis Shapovalov,Christopher O'Connell
20251004,Hard,Jesper de Jong,Jakub Mensik
20251004,Hard,Alexander Zverev,Valentin Royer
20251004,Hard,Lorenzo Musetti,Francisco Comesana
20251004,Hard,Learner Tien,Corentin Moutet
20251004,Hard,Alejandro Davidovich Fokina,Matteo Arnaldi
20251004,Hard,Luciano Darderi,Bu Yunchaokete
20251004,Hard,Cameron Norrie,Arthur Cazaux
20251004,Hard,Daniil Medvedev,Dalibor Svrcina
20251004,Hard,Jannik Sinner,Daniel Altmaier
20251004,Hard,Nuno Borges,Aleksandar Vukic
20251004,Hard,Shang Juncheng,Karen Khachanov
20251005,Hard,Gabriel Diallo,David Goffin
20251005,Hard,Holger Rune,Ugo Humbert
20251005,Hard,Zizou Bergs,Francisco Cerundolo
20251005,Hard,Giovanni Mpetshi Perricard,Taylor Fritz
20251005,Hard,Jaume Munar,Yoshihito Nishioka
20251005,Hard,Novak Djokovic,Yannick Hanfmann
20251005,Hard,Valentin Vacherot,Tomas Machac
20251005,Hard,Tallon Griekspoor,Jannik Sinner
20251006,Hard,Felix Auger-Aliassime,Jesper de Jong
20251006,Hard,Alex de Minaur,Kamil Majchrzak
20251006,Hard,Jiri Lehecka,Denis Shapovalov
20251006,Hard,Nuno Borges,Shang Juncheng
20251006,Hard,Lorenzo Musetti,Luciano Darderi
20251006,Hard,Arthur Rinderknech,Alexander Zverev
20251006,Hard,Learner Tien,Cameron Norrie
20251006,Hard,Daniil Medvedev,Alejandro Davidovich Fokina
20251007,Hard,Zizou Bergs,Gabriel Diallo
20251007,Hard,Holger Rune,Giovanni Mpetshi Perricard
20251007,Hard,Novak Djokovic,Jaume Munar
20251007,Hard,Valentin Vacherot,Tallon Griekspoor
20251008,Hard,Arthur Rinderknech,Jiri Lehecka
20251008,Hard,Alex de Minaur,Nuno Borges
20251008,Hard,Felix Auger-Aliassime,Lorenzo Musetti
20251008,Hard,Daniil Medvedev,Learner Tien
20251009,Hard,Valentin Vacherot,Holger Rune
20251009,Hard,Novak Djokovic,Zizou Bergs
20251010,Hard,Arthur Rinderknech,Felix Auger-Aliassime
20251010,Hard,Daniil Medvedev,Alex de Minaur
20251011,Hard,Valentin Vacherot,Novak Djokovic
20251011,Hard,Arthur Rinderknech,Daniil Medvedev
20251012,Hard,Valentin Vacherot,Arthur Rinderknech
20250916,Hard,Nikoloz Basilashvili,Rei Sakamoto
20250916,Hard,Taro Daniel,James Duckworth
20250916,Hard,Billy Harris,Fumin Jiang
20250916,Hard,Bernard Tomic,Tristan Schoolkate
20250916,Hard,Mackenzie McDonald,James McCabe
20250916,Hard,Lloyd Harris,Zachary Svajda
20250916,Hard,Alejandro Tabilo,Te Rigele
20250916,Hard,Nicolai Budkov Kjaer,Yannick Hanfmann
20250917,Hard,Taro Daniel,Billy Harris
20250917,Hard,Nikoloz Basilashvili,Bernard Tomic
20250917,Hard,Mackenzie McDonald,Nicolai Budkov Kjaer
20250917,Hard,Alejandro Tabilo,Lloyd Harris
20250917,Hard,Marcos Giron,Ethan Quinn
20250917,Hard,Zhou Yi,Cameron Norrie
20250917,Hard,Christopher O'Connell,Quentin Halys
20250917,Hard,Shang Juncheng,Zizou Bergs
20250918,Hard,Giovanni Mpetshi Perricard,Filip Misolic
20250918,Hard,Lorenzo Sonego,Juan Manuel Cerundolo
20250918,Hard,Alejandro Tabilo,Jordan Thompson
20250918,Hard,Taro Daniel,Chak Lam Coleman Wong
20250918,Hard,Dino Prizmic,Terence Atmane
20250918,Hard,Mackenzie McDonald,Botic Van De Zandschulp
20250918,Hard,Aleksandr Shevchenko,Gael Monfils
20250918,Hard,Nikoloz Basilashvili,Billy Harris
20250919,Hard,Marcos Giron,Lorenzo Sonego
20250919,Hard,Alejandro Tabilo,Luciano Darderi
20250919,Hard,Christopher O'Connell,Zhou Yi
20250919,Hard,Brandon Nakashima,Shang Juncheng
20250920,Hard,Taro Daniel,Tallon Griekspoor
20250920,Hard,Nikoloz Basilashvili,Mackenzie McDonald
20250920,Hard,Lorenzo Musetti,Dino Prizmic
20250920,Hard,Aleksandr Shevchenko,Giovanni Mpetshi Perricard
20250921,Hard,Alejandro Tabilo,Christopher O'Connell
20250921,Hard,Brandon Nakashima,Marcos Giron
20250921,Hard,Lorenzo Musetti,Nikoloz Basilashvili
20250921,Hard,Aleksandr Shevchenko,Taro Daniel
20250922,Hard,Alejandro Tabilo,Brandon Nakashima
20250922,Hard,Lorenzo Musetti,Aleksandr Shevchenko
20250923,Hard,Alejandro Tabilo,Lorenzo Musetti
20250916,Hard,Gauthier Onclin,Tristan Boyer
20250916,Hard,Giulio Zeppieri,Liam Draxl
20250916,Hard,Nishesh Basavareddy,Beibit Zhukayev
20250916,Hard,Dalibor Svrcina,Timofey Skatov
20250916,Hard,Valentin Royer,Chen Charles
20250916,Hard,Eliot Spizzirri,Chun-Hsin Tseng
20250916,Hard,Brandon Holt,Ye Chen
20250916,Hard,Rinky Hijikata,Christopher Eubanks
20250917,Hard,Valentin Royer,Eliot Spizzirri
20250917,Hard,Nishesh Basavareddy,Gauthier Onclin
20250917,Hard,Giulio Zeppieri,Dalibor Svrcina
20250917,Hard,Rinky Hijikata,Brandon Holt
20250917,Hard,Learner Tien,Mariano Navone
20250917,Hard,Wu Yibing,Adrian Mannarino
20250918,Hard,Tomas Martin Etcheverry,Damir Dzumhur
20250918,Hard,Dalibor Svrcina,Matteo Berrettini
20250918,Hard,Nishesh Basavareddy,Marin Cilic
20250918,Hard,Giulio Zeppieri,Sun Fajing
20250918,Hard,Zhang Zhizhen,Bu Yunchaokete
20250919,Hard,Rinky Hijikata,Camilo Ugo Carabelli
20250919,Hard,Sebastian Korda,Adam Walton
20250919,Hard,Arthur Cazaux,Matteo Arnaldi
20250919,Hard,Valentin Royer,Aleksandar Kovacevic
20250919,Hard,Aleksandar Vukic,David Goffin
20250920,Hard,Learner Tien,Giulio Zeppieri
20250920,Hard,Daniil Medvedev,Nishesh Basavareddy
20250920,Hard,Corentin Moutet,Arthur Cazaux
20250920,Hard,Wu Yibing,Sebastian Korda
20250920,Hard,Tomas Martin Etcheverry,Rinky Hijikata
20250920,Hard,Valentin Royer,Andrey Rublev
20250920,Hard,Alexander Bublik,Aleksandar Vukic
20250920,Hard,Dalibor Svrcina,Zhang Zhizhen
20250921,Hard,Corentin Moutet,Tomas Martin Etcheverry
20250921,Hard,Valentin Royer,Learner Tien
20250921,Hard,Wu Yibing,Daniil Medvedev
20250921,Hard,Alexander Bublik,Dalibor Svrcina
20250922,Hard,Valentin Royer,Corentin Moutet
20250922,Hard,Alexander Bublik,Wu Yibing
20250923,Hard,Alexander Bublik,Valentin Royer
20250922,Hard,Mattia Bellucci,Yasutaka Uchiyama
20250922,Hard,Ethan Quinn,Yuta Shimizu
20250922,Hard,Marton Fucsovics,Filip Misolic
20250922,Hard,Juan Manuel Cerundolo,Rio Noguchi
20250922,Hard,Rei Sakamoto,Adam Walton
20250922,Hard,Aleksandar Vukic,Aleksandar Kovacevic
20250922,Hard,Sho Shimabukuro,Mariano Navone
20250922,Hard,Matteo Arnaldi,Luca Nardi
20250923,Hard,Ethan Quinn,Mattia Bellucci
20250923,Hard,Aleksandar Vukic,Rei Sakamoto
20250923,Hard,Marton Fucsovics,Matteo Arnaldi
20250923,Hard,Sho Shimabukuro,Juan Manuel Cerundolo
20250924,Hard,Matteo Berrettini,Jaume Munar
20250924,Hard,Nuno Borges,Yosuke Watanuki
20250924,Hard,Daniel Altmaier,Denis Shapovalov
20250924,Hard,Marton Fucsovics,Frances Tiafoe
20250925,Hard,Luciano Darderi,Yoshihito Nishioka
20250925,Hard,Jenson Brooksby,Ugo Humbert
20250925,Hard,Sebastian Korda,Marcos Giron
20250925,Hard,Sho Shimabukuro,Tomas Machac
20250925,Hard,Taylor Fritz,Gabriel Diallo
20250925,Hard,Aleksandar Vukic,Damir Dzumhur
20250925,Hard,Brandon Nakashima,Jordan Thompson
20250925,Hard,Ethan Quinn,Alex Michelsen
20250925,Hard,Casper Ruud,Shintaro Mochizuki
20250925,Hard,Zizou Bergs,Alejandro Tabilo
20250925,Hard,Carlos Alcaraz,Sebastian Baez
20250925,Hard,Holger Rune,Hamad Medjedovic
20250926,Hard,Aleksandar Vukic,Daniel Altmaier
20250926,Hard,Sebastian Korda,Sho Shimabukuro
20250926,Hard,Taylor Fritz,Nuno Borges
20250926,Hard,Casper Ruud,Matteo Berrettini
20250927,Hard,Jenson Brooksby,Luciano Darderi
20250927,Hard,Brandon Nakashima,Marton Fucsovics
20250927,Hard,Holger Rune,Ethan Quinn
20250927,Hard,Carlos Alcaraz,Zizou Bergs
20250928,Hard,Taylor Fritz,Sebastian Korda
20250928,Hard,Jenson Brooksby,Holger Rune
20250928,Hard,Casper Ruud,Aleksandar Vukic
20250928,Hard,Carlos Alcaraz,Brandon Nakashima
20250929,Hard,Taylor Fritz,Jenson Brooksby
20250929,Hard,Carlos Alcaraz,Casper Ruud
20250930,Hard,Carlos Alcaraz,Taylor Fritz
20250922,Hard,Aliaksandra Sasnovich,Tatiana Prozorova
20250922,Hard,Anastasia Zakharova,Arina Rodionova
20250922,Hard,Greet Minnen,Maria Timofeeva
20250922,Hard,Lanlana Tararudee,Varvara Gracheva
20250922,Hard,Katie Volynets,Astra Sharma
20250922,Hard,Elsa Jacquemot,Destanee Aiava
20250922,Hard,Victoria Jimenez Kasintseva,Li Zongyu
20250922,Hard,Katarzyna Kawa,Storm Hunter
20250922,Hard,Viktoriya Tomova,Whitney Osuigwe
20250922,Hard,Maria Lourdes Carle,Ren Yufei
20250922,Hard,Cristina Bucsa,Clervie Ngounoue
20250922,Hard,Varvara Lepchenko,Leolia Jeanjean
20250922,Hard,Janice Tjen,Lucrezia Stefanini
20250922,Hard,Dalma Galfi,Linda Fruhvirtova
20250922,Hard,Ella Seidel,Jessika Ponchet
20250922,Hard,Emiliana Arango,Shao Yushan
20250922,Hard,Maddison Inglis,Veronika Erjavec
20250922,Hard,Rebeka Masarova,Zarina Diyas
20250922,Hard,Priscilla Hon,Ena Shibahara
20250922,Hard,Elisabetta Cocciaretto,Chloe Paquet
20250922,Hard,Joanna Garland,Yao Xinxin
20250922,Hard,Moyuka Uchijima,Jiang Xinyu
20250922,Hard,Diane Parry,Darya Astakhova
20250922,Hard,Anna Bondar,Chenting Zhu
20250923,Hard,Katie Volynets,Lanlana Tararudee
20250923,Hard,Anastasia Zakharova,Greet Minnen
20250923,Hard,Cristina Bucsa,Maria Lourdes Carle
20250923,Hard,Victoria Jimenez Kasintseva,Elsa Jacquemot
20250923,Hard,Dalma Galfi,Katarzyna Kawa
20250923,Hard,Ella Seidel,Emiliana Arango
20250923,Hard,Aliaksandra Sasnovich,Varvara Lepchenko
20250923,Hard,Priscilla Hon,Elisabetta Cocciaretto
20250923,Hard,Janice Tjen,Viktoriya Tomova
20250923,Hard,Moyuka Uchijima,Joanna Garland
20250923,Hard,Anna Bondar,Diane Parry
20250923,Hard,Maddison Inglis,Rebeka Masarova
20250924,Hard,McCartney Kessler,Shi Han
20250924,Hard,Anastasija Sevastova,Kimberly Birrell
20250924,Hard,Sorana Cirstea,Caroline Dolehide
20250924,Hard,Catherine McNally,Laura Siegemund
20250924,Hard,Maria Sakkari,Ashlyn Krueger
20250924,Hard,Kamilla Rakhimova,Lucia Bronzetti
20250924,Hard,Antonia Ruzic,Elsa Jacquemot
20250924,Hard,Eva Lys,Zhang Ruien
20250924,Hard,Priscilla Hon,Viktorija Golubic
20250924,Hard,Katie Boulter,Hailey Baptiste
20250924,Hard,Polina Kudermetova,Maddison Inglis
20250924,Hard,Barbora Krejcikova,Anna Blinkova
20250924,Hard,Katie Volynets,Peyton Stearns
20250924,Hard,Zhang Shuai,Anastasia Zakharova
20250924,Hard,Marie Bouzkova,Tatjana Maria
20250924,Hard,Anna Bondar,Bianca Andreescu
20250925,Hard,Zeynep Sonmez,Wei Sijia
20250925,Hard,Ajla Tomljanovic,Yuliia Starodubtseva
20250925,Hard,Camila Osorio,Ann Li
20250925,Hard,Wang Xiyu,Guo Hanyu
20250925,Hard,Elena-Gabriela Ruse,Rebecca Sramkova
20250925,Hard,Aliaksandra Sasnovich,Janice Tjen
20250925,Hard,Anastasia Potapova,Katerina Siniakova
20250925,Hard,Zhu Lin,Moyuka Uchijima
20250925,Hard,Ella Seidel,Magdalena Frech
20250925,Hard,Sonay Kartal,Alycia Parks
20250925,Hard,Cristina Bucsa,Donna Vekic
20250925,Hard,Maya Joint,Victoria Jimenez Kasintseva
20250925,Hard,Lois Boisson,Dalma Galfi
20250925,Hard,Jessica Bouzas Maneiro,Jaqueline Cristian
20250925,Hard,Emiliana Arango,Suzan Lamens
20250925,Hard,Yuan Yue,Yulia Putintseva
20250926,Hard,Leylah Fernandez,Maria Sakkari
20250926,Hard,Coco Gauff,Kamilla Rakhimova
20250926,Hard,Sofia Kenin,Polina Kudermetova
20250926,Hard,Eva Lys,Iva Jovic
20250926,Hard,Marie Bouzkova,Magda Linette
20250926,Hard,Elena Rybakina,Catherine McNally
20250926,Hard,Veronika Kudermetova,Anna Bondar
20250926,Hard,Paula Badosa,Antonia Ruzic
20250926,Hard,Jasmine Paolini,Anastasija Sevastova
20250926,Hard,McCartney Kessler,Elise Mertens
20250926,Hard,Barbora Krejcikova,Ekaterina Alexandrova
20250926,Hard,Amanda Anisimova,Katie Boulter
20250926,Hard,Priscilla Hon,Jelena Ostapenko
20250926,Hard,Zhang Shuai,Wang Xinyu
20250926,Hard,Karolina Muchova,Sorana Cirstea
20250926,Hard,Belinda Bencic,Katie Volynets
20250927,Hard,Anastasia Potapova,Victoria Mboko
20250927,Hard,Mirra Andreeva,Zhu Lin
20250927,Hard,Jessica Bouzas Maneiro,Dayana Yastremska
20250927,Hard,Camila Osorio,Anna Kalinskaya
20250927,Hard,Emma Navarro,Elena-Gabriela Ruse
20250927,Hard,Iga Swiatek,Yuan Yue
20250927,Hard,Lois Boisson,Liudmila Samsonova
20250927,Hard,Zeynep Sonmez,Clara Tauson
20250927,Hard,Maya Joint,Diana Shnaider
20250927,Hard,Marta Kostyuk,Ella Seidel
20250927,Hard,Jessica Pegula,Ajla Tomljanovic
20250927,Hard,Linda Noskova,Wang Xiyu
20250927,Hard,Aliaksandra Sasnovich,Naomi Osaka
20250927,Hard,Sonay Kartal,Daria Kasatkina
20250927,Hard,Zheng Qinwen,Emiliana Arango
20250927,Hard,Emma Raducanu,Cristina Bucsa
20250928,Hard,Eva Lys,Elena Rybakina
20250928,Hard,McCartney Kessler,Barbora Krejcikova
20250928,Hard,Coco Gauff,Leylah Fernandez
20250928,Hard,Marie Bouzkova,Veronika Kudermetova
20250928,Hard,Jasmine Paolini,Sofia Kenin
20250928,Hard,Belinda Bencic,Priscilla Hon
20250928,Hard,Karolina Muchova,Paula Badosa
20250928,Hard,Amanda Anisimova,Zhang Shuai
20250929,Hard,Mirra Andreeva,Jessica Bouzas Maneiro
20250929,Hard,Marta Kostyuk,Aliaksandra Sasnovich
20250929,Hard,Emma Navarro,Lois Boisson
20250929,Hard,Sonay Kartal,Maya Joint
20250929,Hard,Iga Swiatek,Camila Osorio
20250929,Hard,Anastasia Potapova,Zeynep Sonmez
20250929,Hard,Jessica Pegula,Emma Raducanu
20250929,Hard,Linda Noskova,Zheng Qinwen
20250930,Hard,Coco Gauff,Belinda Bencic
20250930,Hard,Eva Lys,McCartney Kessler
20250930,Hard,Amanda Anisimova,Karolina Muchova
20250930,Hard,Jasmine Paolini,Marie Bouzkova
20251001,Hard,Linda Noskova,Anastasia Potapova
20251001,Hard,Sonay Kartal,Mirra Andreeva
20251001,Hard,Emma Navarro,Iga Swiatek
20251001,Hard,Jessica Pegula,Marta Kostyuk
20251002,Hard,Coco Gauff,Eva Lys
20251002,Hard,Amanda Anisimova,Jasmine Paolini
20251003,Hard,Linda Noskova,Sonay Kartal
20251003,Hard,Jessica Pegula,Emma Navarro
20251004,Hard,Amanda Anisimova,Coco Gauff
20251004,Hard,Linda Noskova,Jessica Pegula
20251005,Hard,Amanda Anisimova,Linda Noskova
20250923,Hard,Arthur Rinderknech,Nishesh Basavareddy
20250923,Hard,Terence Atmane,Sun Fajing
20250923,Hard,David Goffin,Zhou Yi
20250923,Hard,Arthur Cazaux,Chak Lam Coleman Wong
20250923,Hard,Quentin Halys,Wang Aoran
20250923,Hard,Botic Van De Zandschulp,Christopher O'Connell
20250923,Hard,Jesper de Jong,Tristan Schoolkate
20250923,Hard,Adrian Mannarino,Andrea Vavassori
20250924,Hard,Terence Atmane,Botic Van De Zandschulp
20250924,Hard,David Goffin,Arthur Rinderknech
20250924,Hard,Adrian Mannarino,Jesper de Jong
20250924,Hard,Arthur Cazaux,Quentin Halys
20250925,Hard,Alexandre Muller,Karen Khachanov
20250925,Hard,Fabian Marozsan,Benjamin Bonzi
20250925,Hard,Terence Atmane,Zhang Zhizhen
20250925,Hard,Alejandro Davidovich Fokina,Camilo Ugo Carabelli
20250925,Hard,Jannik Sinner,Marin Cilic
20250926,Hard,Jakub Mensik,Miomir Kecmanovic
20250926,Hard,Flavio Cobolli,Andrey Rublev
20250926,Hard,Arthur Rinderknech,David Goffin
20250926,Hard,Alex de Minaur,Bu Yunchaokete
20250926,Hard,Arthur Cazaux,Shang Juncheng
20250926,Hard,Learner Tien,Francisco Cerundolo
20250926,Hard,Daniil Medvedev,Cameron Norrie
20250926,Hard,Adrian Mannarino,Alexander Bublik
20250926,Hard,Corentin Moutet,Tallon Griekspoor
20250926,Hard,Lorenzo Musetti,Giovanni Mpetshi Perricard
20250926,Hard,Alexander Zverev,Lorenzo Sonego
20250927,Hard,Fabian Marozsan,Alexandre Muller
20250927,Hard,Alex de Minaur,Arthur Rinderknech
20250927,Hard,Jannik Sinner,Terence Atmane
20250927,Hard,Jakub Mensik,Arthur Cazaux
20250928,Hard,Learner Tien,Flavio Cobolli
20250928,Hard,Lorenzo Musetti,Adrian Mannarino
20250928,Hard,Daniil Medvedev,Alejandro Davidovich Fokina
20250928,Hard,Alexander Zverev,Corentin Moutet
20250929,Hard,Alex de Minaur,Jakub Mensik
20250929,Hard,Jannik Sinner,Fabian Marozsan
20250929,Hard,Learner Tien,Lorenzo Musetti
20250929,Hard,Daniil Medvedev,Alexander Zverev
20250930,Hard,Jannik Sinner,Alex de Minaur
20250930,Hard,Learner Tien,Daniil Medvedev
20251001,Hard,Jannik Sinner,Learner Tien
20251011,Hard,Mark Lajal,Rei Sakamoto
20251011,Hard,Patrick Zahraj,Dino Prizmic
20251011,Hard,Ethan Quinn,Nikola Slavic
20251011,Hard,Giulio Zeppieri,Vitaliy Sachko
20251011,Hard,Filip Misolic,William Rejchtman Vinciguerra
20251011,Hard,Viktor Durasovic,Matteo Gigante
20251011,Hard,Jay Clarke,Sascha Gueymard Wayenburg
20251011,Hard,Arthur Fery,Ignacio Buse
20251012,Hard,Mark Lajal,Ethan Quinn
20251012,Hard,Filip Misolic,Viktor Durasovic
20251012,Hard,Giulio Zeppieri,Patrick Zahraj
20251012,Hard,Arthur Fery,Jay Clarke
20251013,Hard,Miomir Kecmanovic,Alexandre Muller
20251013,Hard,Jacob Fearnley,Tallon Griekspoor
20251013,Hard,Sebastian Korda,Alexei Popyrin
20251013,Hard,Leo Borg,Sebastian Ofner
20251014,Hard,Tomas Martin Etcheverry,Mark Lajal
20251014,Hard,Kamil Majchrzak,Filip Misolic
20251014,Hard,Marin Cilic,Nicolai Budkov Kjaer
20251014,Hard,Elias Ymer,Mikael Ymer
20251014,Hard,Matteo Berrettini,Giulio Zeppieri
20251015,Hard,Aleksandar Kovacevic,Camilo Ugo Carabelli
20251015,Hard,Lorenzo Sonego,Arthur Fery
20251015,Hard,Marton Fucsovics,Jesper de Jong
20251015,Hard,Sebastian Korda,Kamil Majchrzak
20251015,Hard,Casper Ruud,Marin Cilic
20251015,Hard,Denis Shapovalov,Leo Borg
20251016,Hard,Lorenzo Sonego,Aleksandar Kovacevic
20251016,Hard,Tomas Martin Etcheverry,Miomir Kecmanovic
20251016,Hard,Ugo Humbert,Matteo Berrettini
20251016,Hard,Holger Rune,Marton Fucsovics
20251016,Hard,Elias Ymer,Jacob Fearnley
20251017,Hard,Ugo Humbert,Lorenzo Sonego
20251017,Hard,Holger Rune,Tomas Martin Etcheverry
20251017,Hard,Casper Ruud,Sebastian Korda
20251017,Hard,Denis Shapovalov,Elias Ymer
20251018,Hard,Ugo Humbert,Holger Rune
20251018,Hard,Casper Ruud,Denis Shapovalov
20251019,Hard,Casper Ruud,Ugo Humbert
20251011,Hard,Rinky Hijikata,Jakub Paul
20251011,Hard,Ugo Blanchet,Ilia Simakin
20251011,Hard,Titouan Droguet,August Holmgren
20251011,Hard,James Duckworth,Saba Purtseladze
20251011,Hard,Marko Topo,Billy Harris
20251011,Hard,Mikhail Kukushkin,Taro Daniel
20251011,Hard,Marc-Andrea Huesler,Liam Draxl
20251011,Hard,Bernard Tomic,Denis Yevseyev
20251012,Hard,Ugo Blanchet,Rinky Hijikata
20251012,Hard,Marko Topo,Titouan Droguet
20251012,Hard,Bernard Tomic,Marc-Andrea Huesler
20251012,Hard,James Duckworth,Mikhail Kukushkin
20251013,Hard,Fabian Marozsan,Luca Nardi
20251013,Hard,Gabriel Diallo,Amir Omarkhanov
20251013,Hard,James Duckworth,Ugo Blanchet
20251013,Hard,Corentin Moutet,Bernard Tomic
20251014,Hard,Aleksandar Vukic,Marko Topo
20251014,Hard,Adam Walton,Tristan Schoolkate
20251014,Hard,Rinky Hijikata,Timofey Skatov
20251014,Hard,Brandon Nakashima,Hamad Medjedovic
20251014,Hard,Aleksandr Shevchenko,Laslo Djere
20251015,Hard,Jan-Lennard Struff,Mackenzie McDonald
20251015,Hard,Shintaro Mochizuki,Arthur Cazaux
20251015,Hard,James Duckworth,Gabriel Diallo
20251015,Hard,Alex Michelsen,Beibit Zhukayev
20251015,Hard,Corentin Moutet,Aleksandr Shevchenko
20251015,Hard,Flavio Cobolli,Rinky Hijikata
20251015,Hard,Fabian Marozsan,Brandon Nakashima
20251016,Hard,Alex Michelsen,Aleksandar Vukic
20251016,Hard,Shintaro Mochizuki,Luciano Darderi
20251016,Hard,Daniil Medvedev,Adam Walton
20251016,Hard,Jan-Lennard Struff,Karen Khachanov
20251017,Hard,James Duckworth,Flavio Cobolli
20251017,Hard,Daniil Medvedev,Fabian Marozsan
20251017,Hard,Alex Michelsen,Shintaro Mochizuki
20251017,Hard,Corentin Moutet,Jan-Lennard Struff
20251018,Hard,Daniil Medvedev,James Duckworth
20251018,Hard,Corentin Moutet,Alex Michelsen
20251019,Hard,Daniil Medvedev,Corentin Moutet
20251012,Hard,Pierre-Hugues Herbert,Jurij Rodionov
20251012,Hard,Nikoloz Basilashvili,Alessio Basile
20251012,Hard,Eliot Spizzirri,Zsombor Piros
20251012,Hard,Alexander Blockx,Gauthier Onclin
20251012,Hard,Valentin Royer,Daniel Merida
20251012,Hard,Tibo Colson,Jaime Faria
20251012,Hard,Yannick Hanfmann,Calvin Hemery
20251012,Hard,Gilles Arnaud Bailly,Marco Trungelliti
20251013,Hard,Eliot Spizzirri,Alexander Blockx
20251013,Hard,Nikoloz Basilashvili,Pierre-Hugues Herbert
20251013,Hard,Gilles Arnaud Bailly,Valentin Royer
20251013,Hard,Yannick Hanfmann,Tibo Colson
20251013,Hard,Marcos Giron,Mattia Bellucci
20251013,Hard,Benjamin Bonzi,Reilly Opelka
20251014,Hard,Gilles Arnaud Bailly,Daniel Altmaier
20251014,Hard,Eliot Spizzirri,Pedro Martinez
20251014,Hard,Valentin Royer,Sebastian Baez
20251014,Hard,Giovanni Mpetshi Perricard,Emil Ruusuvuori
20251014,Hard,Francisco Comesana,David Goffin
20251014,Hard,Raphael Collignon,Zizou Bergs
20251014,Hard,Botic Van De Zandschulp,Joao Fonseca
20251015,Hard,Nikoloz Basilashvili,Quentin Halys
20251015,Hard,Damir Dzumhur,Federico Cina
20251015,Hard,Yannick Hanfmann,Matteo Arnaldi
20251015,Hard,Benjamin Bonzi,Valentin Royer
20251015,Hard,Jiri Lehecka,Gilles Arnaud Bailly
20251015,Hard,Raphael Collignon,Francisco Comesana
20251015,Hard,Alejandro Davidovich Fokina,Marcos Giron
20251016,Hard,Giovanni Mpetshi Perricard,Nikoloz Basilashvili
20251016,Hard,Felix Auger-Aliassime,Damir Dzumhur
20251016,Hard,Lorenzo Musetti,Yannick Hanfmann
20251016,Hard,Eliot Spizzirri,Botic Van De Zandschulp
20251017,Hard,Jiri Lehecka,Benjamin Bonzi
20251017,Hard,Giovanni Mpetshi Perricard,Lorenzo Musetti
20251017,Hard,Felix Auger-Aliassime,Eliot Spizzirri
20251017,Hard,Raphael Collignon,Alejandro Davidovich Fokina
20251018,Hard,Jiri Lehecka,Giovanni Mpetshi Perricard
20251018,Hard,Felix Auger-Aliassime,Raphael Collignon
20251019,Hard,Felix Auger-Aliassime,Jiri Lehecka
20251018,Hard,Mackenzie McDonald,Terence Atmane
20251018,Hard,Ethan Quinn,Vit Kopriva
20251018,Hard,Matteo Arnaldi,Jesper de Jong
20251018,Hard,Aleksandar Kovacevic,Lukas Neumayer
20251018,Hard,Damir Dzumhur,Aleksandar Vukic
20251018,Hard,Tristan Schoolkate,Lukas Klein
20251018,Hard,Hamad Medjedovic,Joel Josef Schwaerzler
20251018,Hard,Jacob Fearnley,Dalibor Svrcina
20251019,Hard,Aleksandar Kovacevic,Mackenzie McDonald
20251019,Hard,Damir Dzumhur,Ethan Quinn
20251019,Hard,Matteo Arnaldi,Tristan Schoolkate
20251019,Hard,Jacob Fearnley,Hamad Medjedovic
20251020,Hard,Brandon Nakashima,Luciano Darderi
20251020,Hard,Alexander Bublik,Alejandro Tabilo
20251020,Hard,Matteo Arnaldi,Aleksandar Kovacevic
20251020,Hard,Alex de Minaur,Jurij Rodionov
20251020,Hard,Tallon Griekspoor,Karen Khachanov
20251021,Hard,Filip Misolic,Camilo Ugo Carabelli
20251021,Hard,Cameron Norrie,Andrey Rublev
20251021,Hard,Tomas Martin Etcheverry,Nicolai Budkov Kjaer
20251021,Hard,Francisco Cerundolo,Alex Michelsen
20251021,Hard,Lorenzo Musetti,Hamad Medjedovic
20251021,Hard,Alexander Zverev,Jacob Fearnley
20251022,Hard,Flavio Cobolli,Tomas Machac
20251022,Hard,Matteo Berrettini,Alexei Popyrin
20251022,Hard,Corentin Moutet,Damir Dzumhur
20251022,Hard,Daniil Medvedev,Nuno Borges
20251022,Hard,Tallon Griekspoor,Brandon Nakashima
20251022,Hard,Jannik Sinner,Daniel Altmaier
20251022,Hard,Alex de Minaur,Filip Misolic
20251023,Hard,Matteo Berrettini,Cameron Norrie
20251023,Hard,Corentin Moutet,Daniil Medvedev
20251023,Hard,Alexander Bublik,Francisco Cerundolo
20251023,Hard,Alexander Zverev,Matteo Arnaldi
20251023,Hard,Jannik Sinner,Flavio Cobolli
20251023,Hard,Lorenzo Musetti,Tomas Martin Etcheverry
20251024,Hard,Alex de Minaur,Matteo Berrettini
20251024,Hard,Alexander Zverev,Tallon Griekspoor
20251024,Hard,Jannik Sinner,Alexander Bublik
20251024,Hard,Lorenzo Musetti,Corentin Moutet
20251025,Hard,Jannik Sinner,Alex de Minaur
20251025,Hard,Alexander Zverev,Lorenzo Musetti
20251026,Hard,Jannik Sinner,Alexander Zverev
20251018,Hard,Kamil Majchrzak,Pedro Martinez
20251018,Hard,Valentin Royer,Marc-Andrea Huesler
20251018,Hard,Remy Bertola,Adrian Mannarino
20251018,Hard,Quentin Halys,Aleksandr Shevchenko
20251018,Hard,David Goffin,Francisco Comesana
20251018,Hard,Reilly Opelka,Mika Brunold
20251018,Hard,Marin Cilic,Adam Walton
20251018,Hard,Botic Van De Zandschulp,Mattia Bellucci
20251019,Hard,Kamil Majchrzak,Valentin Royer
20251019,Hard,Remy Bertola,Quentin Halys
20251019,Hard,Reilly Opelka,Botic Van De Zandschulp
20251019,Hard,Marin Cilic,David Goffin
20251020,Hard,Jenson Brooksby,Alexandre Muller
20251020,Hard,Alejandro Davidovich Fokina,Lorenzo Sonego
20251020,Hard,Jaume Munar,Remy Bertola
20251020,Hard,Jakub Mensik,Henry Bernet
20251021,Hard,Reilly Opelka,Sebastian Baez
20251021,Hard,Marin Cilic,David Goffin
20251021,Hard,Valentin Royer,Raphael Collignon
20251021,Hard,Joao Fonseca,Giovanni Mpetshi Perricard
20251021,Hard,Denis Shapovalov,Marcos Giron
20251021,Hard,Ben Shelton,Kamil Majchrzak
20251021,Hard,Stan Wawrinka,Miomir Kecmanovic
20251022,Hard,Botic Van De Zandschulp,Jiri Lehecka
20251022,Hard,Ugo Humbert,Sebastian Korda
20251022,Hard,Casper Ruud,Quentin Halys
20251022,Hard,Felix Auger-Aliassime,Gabriel Diallo
20251022,Hard,Taylor Fritz,Valentin Vacherot
20251022,Hard,Joao Fonseca,Jakub Mensik
20251022,Hard,Alejandro Davidovich Fokina,Jenson Brooksby
20251023,Hard,Felix Auger-Aliassime,Marin Cilic
20251023,Hard,Denis Shapovalov,Valentin Royer
20251023,Hard,Jaume Munar,Ben Shelton
20251023,Hard,Reilly Opelka,Botic Van De Zandschulp
20251023,Hard,Casper Ruud,Stan Wawrinka
20251023,Hard,Ugo Humbert,Taylor Fritz
20251024,Hard,Jaume Munar,Felix Auger-Aliassime
20251024,Hard,Joao Fonseca,Denis Shapovalov
20251024,Hard,Ugo Humbert,Reilly Opelka
20251024,Hard,Alejandro Davidovich Fokina,Casper Ruud
20251025,Hard,Joao Fonseca,Jaume Munar
20251025,Hard,Alejandro Davidovich Fokina,Ugo Humbert
20251026,Hard,Joao Fonseca,Alejandro Davidovich Fokina
20251025,Hard,Ethan Quinn,Ugo Blanchet
20251025,Hard,Valentin Royer,Pierre-Hugues Herbert
20251025,Hard,Botic Van De Zandschulp,Jenson Brooksby
20251025,Hard,Aleksandar Kovacevic,Kyrian Jacquet
20251025,Hard,Damir Dzumhur,Quentin Halys
20251025,Hard,Sebastian Korda,Vit Kopriva
20251025,Hard,Francisco Comesana,Luca Van Assche
20251025,Hard,Jesper de Jong,Kamil Majchrzak
20251025,Hard,Aleksandar Vukic,Adam Walton
20251025,Hard,David Goffin,Hamad Medjedovic
20251025,Hard,Jacob Fearnley,Matteo Arnaldi
20251025,Hard,Tomas Martin Etcheverry,Pedro Martinez
20251025,Hard,Yannick Hanfmann,Adrian Mannarino
20251025,Hard,Reilly Opelka,Mattia Bellucci
20251026,Hard,Sebastian Korda,Valentin Royer
20251026,Hard,Ethan Quinn,Botic Van De Zandschulp
20251026,Hard,Damir Dzumhur,Aleksandar Kovacevic
20251026,Hard,Francisco Comesana,David Goffin
20251026,Hard,Jacob Fearnley,Yannick Hanfmann
20251026,Hard,Aleksandar Vukic,Reilly Opelka
20251026,Hard,Tomas Martin Etcheverry,Jesper de Jong
20251027,Hard,Daniel Altmaier,Marcos Giron
20251027,Hard,Arthur Cazaux,Luciano Darderi
20251027,Hard,Flavio Cobolli,Tomas Machac
20251027,Hard,Cameron Norrie,Sebastian Baez
20251027,Hard,Learner Tien,Nuno Borges
20251027,Hard,Arthur Rinderknech,Fabian Marozsan
20251027,Hard,Aleksandar Vukic,Terence Atmane
20251027,Hard,Miomir Kecmanovic,Aleksandar Kovacevic
20251027,Hard,Francisco Cerundolo,Damir Dzumhur
20251027,Hard,Andrey Rublev,Jacob Fearnley
20251027,Hard,Alexander Bublik,Alexei Popyrin
20251027,Hard,Zizou Bergs,Alex Michelsen
20251027,Hard,Lorenzo Sonego,Sebastian Korda
20251027,Hard,Alexandre Muller,Brandon Nakashima
20251027,Hard,Grigor Dimitrov,Giovanni Mpetshi Perricard
20251027,Hard,Karen Khachanov,Ethan Quinn
20251028,Hard,Felix Auger-Aliassime,Francisco Comesana
20251028,Hard,Gabriel Diallo,Tallon Griekspoor
20251028,Hard,Camilo Ugo Carabelli,Tomas Martin Etcheverry
20251028,Hard,Valentin Vacherot,Jiri Lehecka
20251028,Hard,Corentin Moutet,Reilly Opelka
20251028,Hard,Joao Fonseca,Denis Shapovalov
20251028,Hard,Daniil Medvedev,Jaume Munar
20251028,Hard,Alejandro Davidovich Fokina,Valentin Royer
20251028,Hard,Ben Shelton,Flavio Cobolli
20251028,Hard,Cameron Norrie,Carlos Alcaraz
20251028,Hard,Andrey Rublev,Learner Tien
20251028,Hard,Taylor Fritz,Aleksandar Vukic
20251029,Hard,Daniel Altmaier,Casper Ruud
20251029,Hard,Valentin Vacherot,Arthur Rinderknech
20251029,Hard,Francisco Cerundolo,Miomir Kecmanovic
20251029,Hard,Felix Auger-Aliassime,Alexandre Muller
20251029,Hard,Daniil Medvedev,Grigor Dimitrov
20251029,Hard,Alexander Zverev,Camilo Ugo Carabelli
20251029,Hard,Alejandro Davidovich Fokina,Arthur Cazaux
20251029,Hard,Jannik Sinner,Zizou Bergs
20251029,Hard,Lorenzo Sonego,Lorenzo Musetti
20251029,Hard,Alexander Bublik,Corentin Moutet
20251029,Hard,Alex de Minaur,Gabriel Diallo
20251029,Hard,Karen Khachanov,Joao Fonseca
20251030,Hard,Valentin Vacherot,Cameron Norrie
20251030,Hard,Felix Auger-Aliassime,Daniel Altmaier
20251030,Hard,Ben Shelton,Andrey Rublev
20251030,Hard,Alexander Bublik,Taylor Fritz
20251030,Hard,Alex de Minaur,Karen Khachanov
20251030,Hard,Daniil Medvedev,Lorenzo Sonego
20251030,Hard,Jannik Sinner,Francisco Cerundolo
20251030,Hard,Alexander Zverev,Alejandro Davidovich Fokina
20251031,Hard,Felix Auger-Aliassime,Valentin Vacherot
20251031,Hard,Alexander Bublik,Alex de Minaur
20251031,Hard,Jannik Sinner,Ben Shelton
20251031,Hard,Alexander Zverev,Daniil Medvedev
20251101,Hard,Felix Auger-Aliassime,Alexander Bublik
20251101,Hard,Jannik Sinner,Alexander Zverev
20251102,Hard,Jannik Sinner,Felix Auger-Aliassime
20251101,Hard,Jan Choinski,Harold Mayot
20251101,Hard,Kyrian Jacquet,Andrea Pellegrino
20251101,Hard,Vitaliy Sachko,Aleksandr Shevchenko
20251101,Hard,Luca Van Assche,Billy Harris
20251101,Hard,Clement Tabur,Nicolai Budkov Kjaer
20251101,Hard,Moez Echargui,Tom Paris
20251101,Hard,Dan Added,Tristan Schoolkate
20251101,Hard,Francesco Passaro,Arthur Bouquier
20251102,Hard,Clement Tabur,Vitaliy Sachko
20251102,Hard,Jan Choinski,Kyrian Jacquet
20251102,Hard,Francesco Passaro,Dan Added
20251102,Hard,Luca Van Assche,Moez Echargui
20251102,Hard,Arthur Cazaux,Adrian Mannarino
20251102,Hard,Hugo Gaston,Terence Atmane
20251103,Hard,Learner Tien,Ugo Blanchet
20251103,Hard,Lorenzo Sonego,Jan Choinski
20251103,Hard,Clement Tabur,Aleksandar Kovacevic
20251103,Hard,Vitaliy Sachko,Giovanni Mpetshi Perricard
20251103,Hard,Cameron Norrie,Valentin Royer
20251103,Hard,Matteo Berrettini,Quentin Halys
20251104,Hard,Kyrian Jacquet,Luca Van Assche
20251104,Hard,Daniel Altmaier,Arthur Rinderknech
20251104,Hard,Alexander Blockx,Francesco Passaro
20251104,Hard,Aleksandar Vukic,Corentin Moutet
20251104,Hard,Lorenzo Sonego,Flavio Cobolli
20251104,Hard,Cameron Norrie,Arthur Cazaux
20251105,Hard,Kyrian Jacquet,Dan Added
20251105,Hard,Clement Tabur,Alexander Blockx
20251105,Hard,Learner Tien,Moez Echargui
20251105,Hard,Daniel Altmaier,Hugo Gaston
20251105,Hard,Vitaliy Sachko,Alexander Bublik
20251105,Hard,Matteo Berrettini,Aleksandar Vukic
20251106,Hard,Cameron Norrie,Kyrian Jacquet
20251106,Hard,Lorenzo Sonego,Daniel Altmaier
20251106,Hard,Learner Tien,Matteo Berrettini
20251106,Hard,Vitaliy Sachko,Clement Tabur
20251107,Hard,Cameron Norrie,Lorenzo Sonego
20251107,Hard,Learner Tien,Vitaliy Sachko
20251108,Hard,Learner Tien,Cameron Norrie
20251101,Hard,Alex Molcan,Filip Misolic
20251101,Hard,Yannick Hanfmann,Lukas Klein
20251101,Hard,Shintaro Mochizuki,Pavlos Tsitsipas
20251101,Hard,Mackenzie McDonald,Marco Trungelliti
20251101,Hard,Henry Bernet,Thiago Agustin Tirante
20251101,Hard,Vit Kopriva,Jaime Faria
20251101,Hard,Jan-Lennard Struff,Mark Lajal
20251101,Hard,Eliot Spizzirri,Chun-Hsin Tseng
20251102,Hard,Yannick Hanfmann,Alex Molcan
20251102,Hard,Mackenzie McDonald,Shintaro Mochizuki
20251102,Hard,Jan-Lennard Struff,Henry Bernet
20251102,Hard,Eliot Spizzirri,Vit Kopriva
20251102,Hard,Alejandro Tabilo,Adam Walton
20251102,Hard,Nuno Borges,Stefanos Sakellaridis
20251102,Hard,Sebastian Korda,Alexei Popyrin
20251103,Hard,Damir Dzumhur,Jacob Fearnley
20251103,Hard,Eliot Spizzirri,Laslo Djere
20251103,Hard,Miomir Kecmanovic,Kamil Majchrzak
20251103,Hard,Stan Wawrinka,Botic Van De Zandschulp
20251103,Hard,Alexandre Muller,Jan-Lennard Struff
20251103,Hard,Vit Kopriva,Reilly Opelka
20251104,Hard,Tomas Martin Etcheverry,Mackenzie McDonald
20251104,Hard,Yannick Hanfmann,Ivan Ivanov
20251104,Hard,Marcos Giron,Pedro Martinez
20251104,Hard,Sebastian Korda,Damir Dzumhur
20251104,Hard,Novak Djokovic,Alejandro Tabilo
20251104,Hard,Nuno Borges,Eliot Spizzirri
20251105,Hard,Miomir Kecmanovic,Luciano Darderi
20251105,Hard,Yannick Hanfmann,Vit Kopriva
20251105,Hard,Alexandre Muller,Tomas Martin Etcheverry
20251105,Hard,Lorenzo Musetti,Stan Wawrinka
20251105,Hard,Marcos Giron,Brandon Nakashima
20251106,Hard,Sebastian Korda,Miomir Kecmanovic
20251106,Hard,Lorenzo Musetti,Alexandre Muller
20251106,Hard,Novak Djokovic,Nuno Borges
20251106,Hard,Yannick Hanfmann,Marcos Giron
20251107,Hard,Novak Djokovic,Yannick Hanfmann
20251107,Hard,Lorenzo Musetti,Sebastian Korda
20251108,Hard,Novak Djokovic,Lorenzo Musetti
20251109,Hard,Carlos Alcaraz,Alex de Minaur
20251109,Hard,Alexander Zverev,Ben Shelton
20251110,Hard,Taylor Fritz,Lorenzo Musetti
20251110,Hard,Jannik Sinner,Felix Auger-Aliassime
20251111,Hard,Carlos Alcaraz,Taylor Fritz
20251111,Hard,Lorenzo Musetti,Alex de Minaur
20251112,Hard,Felix Auger-Aliassime,Ben Shelton
20251112,Hard,Jannik Sinner,Alexander Zverev
20251113,Hard,Alex de Minaur,Taylor Fritz
20251113,Hard,Carlos Alcaraz,Lorenzo Musetti
20251114,Hard,Jannik Sinner,Ben Shelton
20251114,Hard,Felix Auger-Aliassime,Alexander Zverev
20251115,Hard,Jannik Sinner,Alex de Minaur
20251115,Hard,Carlos Alcaraz,Felix Auger-Aliassime
20251116,Hard,Jannik Sinner,Carlos Alcaraz
20251217,Hard,Nishesh Basavareddy,Dino Prizmic
20251217,Hard,Alexander Blockx,Justin Engel
20251217,Hard,Rafael Jodar,Learner Tien
20251217,Hard,Nicolai Budkov Kjaer,Martin Landaluce
20251218,Hard,Dino Prizmic,Justin Engel
20251218,Hard,Alexander Blockx,Nishesh Basavareddy
20251218,Hard,Nicolai Budkov Kjaer,Rafael Jodar
20251218,Hard,Learner Tien,Martin Landaluce
20251219,Hard,Nishesh Basavareddy,Justin Engel
20251219,Hard,Alexander Blockx,Dino Prizmic
20251219,Hard,Rafael Jodar,Martin Landaluce
20251219,Hard,Learner Tien,Nicolai Budkov Kjaer
20251220,Hard,Alexander Blockx,Nicolai Budkov Kjaer
20251220,Hard,Learner Tien,Nishesh Basavareddy
20251221,Hard,Learner Tien,Alexander Blockx
20260102,Hard,Rebecca Sramkova,Lizette Cabrera
20260102,Hard,Katie Volynets,Rebeka Masarova
20260102,Hard,Maria Timofeeva,Antonia Ruzic
20260102,Hard,Anna Bondar,Anhelina Kalinina
20260102,Hard,Kamilla Rakhimova,Astra Sharma
20260102,Hard,Aliaksandra Sasnovich,Viktoriya Tomova
20260102,Hard,Zhang Shuai,Fiona Ferro
20260102,Hard,Taylah Preston,Oksana Selekhmeteva
20260102,Hard,Yulia Putintseva,Priscilla Hon
20260102,Hard,Zeynep Sonmez,Victoria Jimenez Kasintseva
20260102,Hard,Olivia Gadecki,Anastasia Zakharova
20260102,Hard,Elena-Gabriela Ruse,Alana Subasic
20260103,Hard,Anna Bondar,Katie Volynets
20260103,Hard,Aliaksandra Sasnovich,Maria Timofeeva
20260103,Hard,Zhang Shuai,Taylah Preston
20260103,Hard,Rebecca Sramkova,Kamilla Rakhimova
20260103,Hard,Olivia Gadecki,Yulia Putintseva
20260103,Hard,Elena-Gabriela Ruse,Zeynep Sonmez
20260104,Hard,McCartney Kessler,Emiliana Arango
20260104,Hard,Ajla Tomljanovic,Elsa Jacquemot
20260104,Hard,Anastasia Potapova,Daria Kasatkina
20260104,Hard,Sorana Cirstea,Anastasia Pavlyuchenkova
20260104,Hard,Sofia Kenin,Elena-Gabriela Ruse
20260104,Hard,Marie Bouzkova,Jaqueline Cristian
20260105,Hard,Zhang Shuai,Ashlyn Krueger
20260105,Hard,Kimberly Birrell,Rebecca Sramkova
20260105,Hard,Olivia Gadecki,Ann Li
20260105,Hard,Cristina Bucsa,Anna Bondar
20260105,Hard,Yulia Putintseva,Hailey Baptiste
20260105,Hard,Aliaksandra Sasnovich,Anna Blinkova
20260105,Hard,Anna Kalinskaya,Tereza Valentova
20260105,Hard,Dayana Yastremska,Talia Gibson
20260105,Hard,Magdalena Frech,Marketa Vondrousova
20260105,Hard,Emerson Jones,Tatjana Maria
20260106,Hard,Madison Keys,McCartney Kessler
20260106,Hard,Diana Shnaider,Anastasia Potapova
20260106,Hard,Aryna Sabalenka,Cristina Bucsa
20260106,Hard,Ekaterina Alexandrova,Sofia Kenin
20260106,Hard,Sorana Cirstea,Jelena Ostapenko
20260106,Hard,Karolina Muchova,Ajla Tomljanovic
20260106,Hard,Elena Rybakina,Zhang Shuai
20260106,Hard,Paula Badosa,Marie Bouzkova
20260107,Hard,Dayana Yastremska,Leylah Fernandez
20260107,Hard,Jessica Pegula,Anna Kalinskaya
20260107,Hard,Aliaksandra Sasnovich,Clara Tauson
20260107,Hard,Liudmila Samsonova,Emerson Jones
20260107,Hard,Linda Noskova,Magdalena Frech
20260107,Hard,Mirra Andreeva,Olivia Gadecki
20260107,Hard,Marta Kostyuk,Yulia Putintseva
20260107,Hard,Amanda Anisimova,Kimberly Birrell
20260108,Hard,Aryna Sabalenka,Sorana Cirstea
20260108,Hard,Elena Rybakina,Paula Badosa
20260108,Hard,Karolina Muchova,Ekaterina Alexandrova
20260108,Hard,Madison Keys,Diana Shnaider
20260108,Hard,Liudmila Samsonova,Aliaksandra Sasnovich
20260108,Hard,Jessica Pegula,Dayana Yastremska
20260108,Hard,Marta Kostyuk,Amanda Anisimova
20260108,Hard,Mirra Andreeva,Linda Noskova
20260109,Hard,Karolina Muchova,Elena Rybakina
20260109,Hard,Aryna Sabalenka,Madison Keys
20260109,Hard,Jessica Pegula,Liudmila Samsonova
20260109,Hard,Marta Kostyuk,Mirra Andreeva
20260110,Hard,Aryna Sabalenka,Karolina Muchova
20260110,Hard,Marta Kostyuk,Jessica Pegula
20260111,Hard,Aryna Sabalenka,Marta Kostyuk
20260103,Hard,Raphael Collignon,Aleksandr Shevchenko
20260103,Hard,Pablo Carreno Busta,Mattia Bellucci
20260103,Hard,Arthur Cazaux,Martin Landaluce
20260103,Hard,Christopher O'Connell,Nikoloz Basilashvili
20260103,Hard,Dane Sweeny,Jacob Fearnley
20260103,Hard,Ethan Quinn,Benjamin Bonzi
20260103,Hard,Terence Atmane,Yannick Hanfmann
20260103,Hard,James Duckworth,Tristan Schoolkate
20260103,Hard,Matteo Arnaldi,Hugo Gaston
20260103,Hard,Quentin Halys,Eliot Spizzirri
20260103,Hard,Kamil Majchrzak,Cruz Hewitt
20260103,Hard,Rinky Hijikata,Filip Misolic
20260104,Hard,Dane Sweeny,Christopher O'Connell
20260104,Hard,Pablo Carreno Busta,Arthur Cazaux
20260104,Hard,James Duckworth,Terence Atmane
20260104,Hard,Raphael Collignon,Ethan Quinn
20260104,Hard,Quentin Halys,Kamil Majchrzak
20260104,Hard,Rinky Hijikata,Matteo Arnaldi
20260104,Hard,Frances Tiafoe,Aleksandar Vukic
20260104,Hard,Learner Tien,Camilo Ugo Carabelli
20260105,Hard,Sebastian Korda,Valentin Vacherot
20260105,Hard,Alex Michelsen,James Duckworth
20260105,Hard,Jiri Lehecka,Tomas Machac
20260105,Hard,Kamil Majchrzak,Daniel Altmaier
20260105,Hard,Quentin Halys,Alexei Popyrin
20260105,Hard,Reilly Opelka,Dane Sweeny
20260105,Hard,Daniil Medvedev,Marton Fucsovics
20260106,Hard,Brandon Nakashima,Alejandro Davidovich Fokina
20260106,Hard,Raphael Collignon,Denis Shapovalov
20260106,Hard,Giovanni Mpetshi Perricard,Tommy Paul
20260106,Hard,Aleksandar Kovacevic,Nick Kyrgios
20260106,Hard,Cameron Norrie,Ugo Humbert
20260106,Hard,Rinky Hijikata,Adam Walton
20260106,Hard,Grigor Dimitrov,Pablo Carreno Busta
20260107,Hard,Alex Michelsen,Learner Tien
20260107,Hard,Daniil Medvedev,Frances Tiafoe
20260107,Hard,Sebastian Korda,Jiri Lehecka
20260107,Hard,Kamil Majchrzak,Reilly Opelka
20260108,Hard,Aleksandar Kovacevic,Cameron Norrie
20260108,Hard,Brandon Nakashima,Quentin Halys
20260108,Hard,Giovanni Mpetshi Perricard,Rinky Hijikata
20260108,Hard,Raphael Collignon,Grigor Dimitrov
20260109,Hard,Aleksandar Kovacevic,Giovanni Mpetshi Perricard
20260109,Hard,Brandon Nakashima,Raphael Collignon
20260109,Hard,Alex Michelsen,Sebastian Korda
20260109,Hard,Daniil Medvedev,Kamil Majchrzak
20260110,Hard,Brandon Nakashima,Aleksandar Kovacevic
20260110,Hard,Daniil Medvedev,Alex Michelsen
20260111,Hard,Daniil Medvedev,Brandon Nakashima
20260102,Hard,Veronika Erjavec,Aishi Das
20260102,Hard,Maja Chwalinska,Guo Hanyu
20260102,Hard,Gabriela Knutson,Leyre Romero Gormaz
20260102,Hard,Sinja Kraus,Anastasija Sevastova
20260102,Hard,Sofia Costoulas,Elyse Tse
20260102,Hard,Kristina Mladenovic,Anna-Lena Friedsam
20260103,Hard,Kaitlin Quevedo,Carole Monnet
20260103,Hard,Yeonwoo Ku,Alina Charaeva
20260103,Hard,Darja Semenistaja,Cadence Brace
20260103,Hard,Whitney Osuigwe,Louisa Chirico
20260103,Hard,Yuliia Starodubtseva,Jessika Ponchet
20260103,Hard,Lilli Tagger,Laura Pigossi
20260103,Hard,Sinja Kraus,Kristina Mladenovic
20260103,Hard,Gabriela Knutson,Maja Chwalinska
20260103,Hard,Sofia Costoulas,Veronika Erjavec
20260104,Hard,Kaitlin Quevedo,Yeonwoo Ku
20260104,Hard,Whitney Osuigwe,Darja Semenistaja
20260104,Hard,Yuliia Starodubtseva,Lilli Tagger
20260104,Hard,Sara Bejlek,Panna Udvardy
20260104,Hard,Iva Jovic,Gabriela Knutson
20260105,Hard,Sofia Costoulas,Whitney Osuigwe
20260105,Hard,Wang Xinyu,Catherine McNally
20260105,Hard,Kaitlin Quevedo,Peyton Stearns
20260105,Hard,Sinja Kraus,Julia Grabher
20260105,Hard,Francesca Jones,Emma Navarro
20260105,Hard,Renata Zarazua,Sloane Stephens
20260105,Hard,Petra Marcinko,Camila Osorio
20260105,Hard,Katie Boulter,Yuliia Starodubtseva
20260106,Hard,Ella Seidel,Monique Barry
20260106,Hard,Sonay Kartal,Janice Tjen
20260106,Hard,Magda Linette,Venus Williams
20260106,Hard,Elisabetta Cocciaretto,Alycia Parks
20260106,Hard,Elina Svitolina,Varvara Gracheva
20260106,Hard,Alexandra Eala,Donna Vekic
20260106,Hard,Iva Jovic,Sara Bejlek
20260107,Hard,Francesca Jones,Sinja Kraus
20260107,Hard,Wang Xinyu,Renata Zarazua
20260107,Hard,Sofia Costoulas,Kaitlin Quevedo
20260108,Hard,Alexandra Eala,Petra Marcinko
20260108,Hard,Magda Linette,Elisabetta Cocciaretto
20260108,Hard,Elina Svitolina,Katie Boulter
20260108,Hard,Sonay Kartal,Ella Seidel
20260108,Hard,Wang Xinyu,Francesca Jones
20260109,Hard,Alexandra Eala,Magda Linette
20260109,Hard,Iva Jovic,Sofia Costoulas
20260109,Hard,Elina Svitolina,Sonay Kartal
20260110,Hard,Wang Xinyu,Alexandra Eala
20260110,Hard,Elina Svitolina,Iva Jovic
20260111,Hard,Elina Svitolina,Wang Xinyu
20260109,Hard,Hugo Gaston,Isaac Becroft
20260109,Hard,Juan Manuel Cerundolo,Shintaro Mochizuki
20260109,Hard,Vit Kopriva,Pablo Carreno Busta
20260109,Hard,Eliot Spizzirri,Cristian Garin
20260110,Hard,Emilio Nava,Patrick Kypson
20260110,Hard,Mattia Bellucci,Geoffrey Blancaneaux
20260110,Hard,Jan-Lennard Struff,Anton Shepp
20260110,Hard,Hamad Medjedovic,Dalibor Svrcina
20260110,Hard,Hugo Gaston,Vit Kopriva
20260110,Hard,Eliot Spizzirri,Juan Manuel Cerundolo
20260110,Hard,Hamad Medjedovic,Mattia Bellucci
20260110,Hard,Emilio Nava,Jan-Lennard Struff
20260111,Hard,Eliot Spizzirri,Adrian Mannarino
20260112,Hard,Jenson Brooksby,James Watt
20260112,Hard,Francisco Comesana,Valentin Royer
20260112,Hard,Cameron Norrie,Hugo Gaston
20260112,Hard,Sebastian Baez,Emilio Nava
20260112,Hard,Alejandro Tabilo,Camilo Ugo Carabelli
20260112,Hard,Alex Michelsen,Mariano Navone
20260113,Hard,Giovanni Mpetshi Perricard,Roberto Bautista Agut
20260113,Hard,Marcos Giron,Alexandre Muller
20260113,Hard,Hamad Medjedovic,Aleksandar Kovacevic
20260113,Hard,Fabian Marozsan,Gael Monfils
20260113,Hard,Nuno Borges,Tomas Martin Etcheverry
20260113,Hard,Marcos Giron,Alex Michelsen
20260113,Hard,Ben Shelton,Francisco Comesana
20260114,Hard,Sebastian Baez,Jenson Brooksby
20260114,Hard,Luciano Darderi,Alejandro Tabilo
20260114,Hard,Eliot Spizzirri,Nuno Borges
20260114,Hard,Giovanni Mpetshi Perricard,Cameron Norrie
20260114,Hard,Fabian Marozsan,Casper Ruud
20260114,Hard,Jakub Mensik,Hamad Medjedovic
20260114,Hard,Marcos Giron,Luciano Darderi
20260115,Hard,Fabian Marozsan,Eliot Spizzirri
20260115,Hard,Jakub Mensik,Giovanni Mpetshi Perricard
20260115,Hard,Sebastian Baez,Ben Shelton
20260116,Hard,Jakub Mensik,Fabian Marozsan
20260116,Hard,Sebastian Baez,Marcos Giron
20260117,Hard,Jakub Mensik,Sebastian Baez
20260104,Hard,Laslo Djere,Elias Ymer
20260104,Hard,Alejandro Tabilo,Luca Van Assche
20260104,Hard,Zhou Yi,Francesco Maestrelli
20260104,Hard,Michael Mmoh,Cristian Garin
20260104,Hard,Emilio Nava,Kai Thompson
20260104,Hard,Patrick Kypson,Vitaliy Sachko
20260104,Hard,Nishesh Basavareddy,Bu Yunchaokete
20260104,Hard,Jan-Lennard Struff,Zsombor Piros
20260105,Hard,Alejandro Tabilo,Zhou Yi
20260105,Hard,Michael Mmoh,Patrick Kypson
20260105,Hard,Laslo Djere,Emilio Nava
20260105,Hard,Jan-Lennard Struff,Nishesh Basavareddy
20260105,Hard,Nuno Borges,Damir Dzumhur
20260105,Hard,Marin Cilic,Adrian Mannarino
20260105,Hard,Wu Yibing,Fabian Marozsan
20260106,Hard,Alexandre Muller,Miomir Kecmanovic
20260106,Hard,Tomas Martin Etcheverry,Valentin Royer
20260106,Hard,Lorenzo Sonego,Rei Sakamoto
20260106,Hard,Chak Lam Coleman Wong,Mariano Navone
20260106,Hard,Michael Mmoh,Alejandro Tabilo
20260106,Hard,Gabriel Diallo,Jesper de Jong
20260106,Hard,Botic Van De Zandschulp,Jan-Lennard Struff
20260106,Hard,Marcos Giron,Laslo Djere
20260106,Hard,Shang Juncheng,Francisco Comesana
20260107,Hard,Lorenzo Musetti,Tomas Martin Etcheverry
20260107,Hard,Nuno Borges,Marin Cilic
20260107,Hard,Chak Lam Coleman Wong,Gabriel Diallo
20260107,Hard,Andrey Rublev,Wu Yibing
20260108,Hard,Marcos Giron,Alexandre Muller
20260108,Hard,Shang Juncheng,Lorenzo Sonego
20260108,Hard,Michael Mmoh,Karen Khachanov
20260108,Hard,Alexander Bublik,Botic Van De Zandschulp
20260109,Hard,Lorenzo Musetti,Chak Lam Coleman Wong
20260109,Hard,Andrey Rublev,Nuno Borges
20260109,Hard,Alexander Bublik,Shang Juncheng
20260109,Hard,Marcos Giron,Michael Mmoh
20260110,Hard,Lorenzo Musetti,Andrey Rublev
20260110,Hard,Alexander Bublik,Marcos Giron
20260111,Hard,Alexander Bublik,Lorenzo Musetti
20260109,Hard,Dalma Galfi,Ashlyn Krueger
20260109,Hard,Elena-Gabriela Ruse,Katie Swan
20260109,Hard,Katerina Siniakova,Emilie Chen
20260109,Hard,Kamilla Rakhimova,Zhang Shuai
20260110,Hard,Yulia Putintseva,Tori Russell
20260110,Hard,Tereza Valentova,Laquisa Khan
20260110,Hard,Mina Hodzic,Anna Blinkova
20260110,Hard,Vera Zvonareva,Laura Siegemund
20260110,Hard,Sorana Cirstea,Ulrikke Eikeri
20260110,Hard,Anastasia Potapova,You Xiaodi
20260110,Hard,Marie Bouzkova,Aleksandra Krunic
20260110,Hard,Jaqueline Cristian,Sarah Mildren
20260110,Hard,Elena-Gabriela Ruse,Katerina Siniakova
20260110,Hard,Dalma Galfi,Mina Hodzic
20260111,Hard,Tereza Valentova,Vera Zvonareva
20260111,Hard,Sorana Cirstea,Kamilla Rakhimova
20260111,Hard,Yulia Putintseva,Marie Bouzkova
20260111,Hard,Jaqueline Cristian,Anastasia Potapova
20260112,Hard,Victoria Mboko,Beatriz Haddad Maia
20260112,Hard,Emma Navarro,Emerson Jones
20260112,Hard,Ajla Tomljanovic,Clara Tauson
20260112,Hard,Anna Kalinskaya,Elena-Gabriela Ruse
20260112,Hard,Marie Bouzkova,Paula Badosa
20260112,Hard,Jaqueline Cristian,Ekaterina Alexandrova
20260112,Hard,Daria Kasatkina,Maria Sakkari
20260113,Hard,Diana Shnaider,Leylah Fernandez
20260113,Hard,Kimberly Birrell,Anastasia Potapova
20260113,Hard,Marketa Vondrousova,Liudmila Samsonova
20260113,Hard,Maya Joint,Sofia Kenin
20260113,Hard,Tereza Valentova,Jelena Ostapenko
20260113,Hard,Yulia Putintseva,Dalma Galfi
20260113,Hard,Katerina Siniakova,Dayana Yastremska
20260113,Hard,Victoria Mboko,Anna Kalinskaya
20260113,Hard,Mirra Andreeva,Marie Bouzkova
20260114,Hard,Kimberly Birrell,Marketa Vondrousova
20260114,Hard,Jaqueline Cristian,Daria Kasatkina
20260114,Hard,Madison Keys,Tereza Valentova
20260114,Hard,Diana Shnaider,Katerina Siniakova
20260114,Hard,Emma Navarro,Yulia Putintseva
20260114,Hard,Maya Joint,Ajla Tomljanovic
20260115,Hard,Kimberly Birrell,Jaqueline Cristian
20260115,Hard,Victoria Mboko,Madison Keys
20260115,Hard,Diana Shnaider,Emma Navarro
20260115,Hard,Mirra Andreeva,Maya Joint
20260115,Hard,Victoria Mboko,Kimberly Birrell
20260116,Hard,Mirra Andreeva,Diana Shnaider
20260117,Hard,Mirra Andreeva,Victoria Mboko
20260110,Hard,Jacob Fearnley,Christopher O'Connell
20260110,Hard,Aleksandr Shevchenko,Carlos Taberner
20260111,Hard,Filip Misolic,Daniel Jovanovski
20260111,Hard,Aleksandar Vukic,Luca Nardi
20260111,Hard,Andrea Vavassori,Raphael Collignon
20260111,Hard,Quentin Halys,Benjamin Bonzi
20260111,Hard,Thiago Agustin Tirante,Jesper de Jong
20260111,Hard,Adam Walton,Jake Delaney
20260112,Hard,Aleksandar Vukic,Jacob Fearnley
20260112,Hard,Aleksandr Shevchenko,Filip Misolic
20260112,Hard,Quentin Halys,Adam Walton
20260112,Hard,Andrea Vavassori,Thiago Agustin Tirante
20260112,Hard,Reilly Opelka,Alexei Popyrin
20260112,Hard,Jaume Munar,Daniel Altmaier
20260112,Hard,Valentin Vacherot,Miomir Kecmanovic
20260112,Hard,Ugo Humbert,Terence Atmane
20260112,Hard,Thanasi Kokkinakis,Sebastian Korda
20260113,Hard,Tomas Machac,James Duckworth
20260113,Hard,Rinky Hijikata,Tristan Schoolkate
20260113,Hard,Quentin Halys,Jacob Fearnley
20260113,Hard,Aleksandr Shevchenko,Damir Dzumhur
20260113,Hard,Andrea Vavassori,Gabriel Diallo
20260113,Hard,Marton Fucsovics,Ethan Quinn
20260113,Hard,Aleksandar Vukic,Stefanos Tsitsipas
20260114,Hard,Jaume Munar,Francisco Cerundolo
20260114,Hard,Ugo Humbert,Tallon Griekspoor
20260114,Hard,Tomas Machac,Quentin Halys
20260114,Hard,Tommy Paul,Reilly Opelka
20260114,Hard,Aleksandr Shevchenko,Marton Fucsovics
20260114,Hard,Aleksandar Vukic,Andrea Vavassori
20260114,Hard,Valentin Vacherot,Thanasi Kokkinakis
20260114,Hard,Alejandro Davidovich Fokina,Rinky Hijikata
20260115,Hard,Tomas Machac,Jaume Munar
20260115,Hard,Tommy Paul,Aleksandar Vukic
20260115,Hard,Ugo Humbert,Aleksandr Shevchenko
20260115,Hard,Alejandro Davidovich Fokina,Valentin Vacherot
20260116,Hard,Tomas Machac,Tommy Paul
20260116,Hard,Ugo Humbert,Alejandro Davidovich Fokina
20260117,Hard,Tomas Machac,Ugo Humbert
20260111,Hard,Mary Stoiana,Nuria Brancaccio
20260111,Hard,Lucia Bronzetti,Aliona Bolsova
20260111,Hard,Zeynep Sonmez,Laura Samson
20260111,Hard,Tina Nadine Smith,Cadence Brace
20260111,Hard,Nikola Bartunkova,Selena Janicijevic
20260111,Hard,Julia Riera,Ena Shibahara
20260112,Hard,Sloane Stephens,Barbora Palicova
20260112,Hard,Olivia Gadecki,Arantxa Rus
20260112,Hard,Yuliia Starodubtseva,Alice Tubello
20260112,Hard,Despina Papamichail,Sachia Vickery
20260112,Hard,Zhu Lin,Laura Pigossi
20260112,Hard,Viktoriya Tomova,Bernarda Pera
20260112,Hard,Viktoria Hruncakova,Sada Nahimana
20260112,Hard,Victoria Jimenez Kasintseva,Kayla Cross
20260112,Hard,Tatiana Prozorova,Andrea Lazaro Garcia
20260112,Hard,Lizette Cabrera,Gabriela Knutson
20260112,Hard,Guiomar Maristany Zuleta De Reales,Mayar Sherif
20260112,Hard,Maja Chwalinska,Madison Brengle
20260112,Hard,Linda Klimovicova,Stefani Webb
20260112,Hard,Rebeka Masarova,Alina Charaeva
20260112,Hard,Taylor Townsend,Nao Hibino
20260112,Hard,Kathinka von Deichmann,Renee Alame
20260112,Hard,Aliaksandra Sasnovich,Ksenia Efremova
20260112,Hard,Teodora Kostovic,Tereza Mrdeza
20260112,Hard,Anastasia Gasanova,Kaitlin Quevedo
20260112,Hard,Justina Mikulskyte,Camilla Rosatello
20260112,Hard,Tamara Zidansek,Jessika Ponchet
20260112,Hard,Jazmin Ortenzi,Alice Rame
20260112,Hard,Lina Gjorcheska,Sinja Kraus
20260112,Hard,Marina Stakusic,Nuria Parrizas Diaz
20260112,Hard,Linda Fruhvirtova,Anna-Lena Friedsam
20260112,Hard,Fiona Ferro,Yeonwoo Ku
20260112,Hard,Elvina Kalieva,Wei Sijia
20260112,Hard,Lola Radivojevic,Alana Subasic
20260112,Hard,Storm Hunter,Ekaterine Gorgodze
20260112,Hard,Harmony Tan,Jessica Pieri
20260112,Hard,Ma YeXin,Varvara Lepchenko
20260112,Hard,Greet Minnen,Francisca Jorge
20260112,Hard,Anhelina Kalinina,Joanna Garland
20260112,Hard,Anouk Koevermans,Tahlia Kokkinis
20260113,Hard,Whitney Osuigwe,Anastasija Sevastova
20260113,Hard,Daria Snigur,Katarzyna Kawa
20260113,Hard,Elena Micic,Carole Monnet
20260113,Hard,Carson Branstine,Astra Sharma
20260113,Hard,Carol Young Suh Lee,Hanne Vandewinkel
20260113,Hard,Bai Zhuoxuan,Alina Korneeva
20260113,Hard,Lucrezia Stefanini,Eva Vedder
20260113,Hard,Chloe Paquet,Kristina Mladenovic
20260113,Hard,Yuan Yue,Louisa Chirico
20260113,Hard,Maria Lourdes Carle,Polina Iatcenko
20260113,Hard,Claire Liu,Tara Wuerth
20260113,Hard,Darja Vidmanova,Mimi Xu
20260113,Hard,Tamara Korpatsch,Miriam Bulgaru
20260113,Hard,Dominika Salkova,Guo Hanyu
20260113,Hard,Maddison Inglis,Leyre Romero Gormaz
20260113,Hard,Silvia Ambrosio,Ana Sofia Sanchez
20260113,Hard,Himeno Sakatsume,Manon Leonard
20260113,Hard,Mai Hontama,Maria Timofeeva
20260113,Hard,Iryna Shymanovich,Arina Rodionova
20260113,Hard,Harriet Dart,Destanee Aiava
20260113,Hard,Marina Bassols Ribera,Luisina Giovannini
20260113,Hard,Lanlana Tararudee,Sofia Costoulas
20260113,Hard,Lilli Tagger,Gao Xinyu
20260113,Hard,Elena Pridankina,Diane Parry
20260113,Hard,Anastasia Gasanova,Justina Mikulskyte
20260113,Hard,Zeynep Sonmez,Julia Riera
20260113,Hard,Elvina Kalieva,Ma YeXin
20260113,Hard,Guiomar Maristany Zuleta De Reales,Tatiana Prozorova
20260113,Hard,Viktoriya Tomova,Viktoria Hruncakova
20260113,Hard,Lucia Bronzetti,Mary Stoiana
20260113,Hard,Yuliia Starodubtseva,Despina Papamichail
20260114,Hard,Sloane Stephens,Olivia Gadecki
20260114,Hard,Anhelina Kalinina,Anouk Koevermans
20260114,Hard,Maja Chwalinska,Rebeka Masarova
20260114,Hard,Linda Klimovicova,Lizette Cabrera
20260114,Hard,Linda Fruhvirtova,Fiona Ferro
20260114,Hard,Whitney Osuigwe,Lucrezia Stefanini
20260114,Hard,Greet Minnen,Harmony Tan
20260114,Hard,Carol Young Suh Lee,Elena Micic
20260114,Hard,Marina Stakusic,Teodora Kostovic
20260114,Hard,Zhu Lin,Victoria Jimenez Kasintseva
20260114,Hard,Nikola Bartunkova,Tina Nadine Smith
20260114,Hard,Yuan Yue,Maria Lourdes Carle
20260114,Hard,Taylor Townsend,Jazmin Ortenzi
20260114,Hard,Tamara Zidansek,Lina Gjorcheska
20260114,Hard,Bai Zhuoxuan,Chloe Paquet
20260114,Hard,Darja Vidmanova,Dominika Salkova
20260114,Hard,Tamara Korpatsch,Silvia Ambrosio
20260114,Hard,Storm Hunter,Lola Radivojevic
20260114,Hard,Maddison Inglis,Claire Liu
20260114,Hard,Daria Snigur,Carson Branstine
20260114,Hard,Aliaksandra Sasnovich,Kathinka von Deichmann
20260114,Hard,Lanlana Tararudee,Harriet Dart
20260114,Hard,Marina Bassols Ribera,Iryna Shymanovich
20260114,Hard,Himeno Sakatsume,Mai Hontama
20260114,Hard,Lilli Tagger,Elena Pridankina
20260115,Hard,Zeynep Sonmez,Anastasia Gasanova
20260115,Hard,Anhelina Kalinina,Maja Chwalinska
20260115,Hard,Linda Klimovicova,Greet Minnen
20260115,Hard,Guiomar Maristany Zuleta De Reales,Elvina Kalieva
20260115,Hard,Sloane Stephens,Lucia Bronzetti
20260115,Hard,Yuliia Starodubtseva,Viktoriya Tomova
20260115,Hard,Bai Zhuoxuan,Darja Vidmanova
20260115,Hard,Nikola Bartunkova,Whitney Osuigwe
20260115,Hard,Marina Stakusic,Zhu Lin
20260115,Hard,Linda Fruhvirtova,Carol Young Suh Lee
20260115,Hard,Aliaksandra Sasnovich,Daria Snigur
20260115,Hard,Yuan Yue,Tamara Zidansek
20260115,Hard,Storm Hunter,Taylor Townsend
20260115,Hard,Himeno Sakatsume,Marina Bassols Ribera
20260115,Hard,Maddison Inglis,Tamara Korpatsch
20260115,Hard,Lanlana Tararudee,Lilli Tagger
20260118,Hard,Yulia Putintseva,Beatriz Haddad Maia
20260118,Hard,Elena-Gabriela Ruse,Dayana Yastremska
20260118,Hard,Talia Gibson,Anna Blinkova
20260118,Hard,Jasmine Paolini,Aliaksandra Sasnovich
20260118,Hard,Maria Sakkari,Leolia Jeanjean
20260118,Hard,Catherine McNally,Himeno Sakatsume
20260118,Hard,Elsa Jacquemot,Marta Kostyuk
20260118,Hard,Elina Svitolina,Cristina Bucsa
20260118,Hard,Hailey Baptiste,Taylor Townsend
20260118,Hard,Zeynep Sonmez,Ekaterina Alexandrova
20260118,Hard,Polina Kudermetova,Guiomar Maristany Zuleta De Reales
20260118,Hard,Aryna Sabalenka,Tiantsoa Rakotomanga Rajaonah
20260118,Hard,Anastasia Potapova,Suzan Lamens
20260118,Hard,Bai Zhuoxuan,Anastasia Pavlyuchenkova
20260118,Hard,Olga Danilovic,Venus Williams
20260118,Hard,Emma Raducanu,Mananchaya Sawangkaew
20260119,Hard,Peyton Stearns,Sofia Kenin
20260119,Hard,Petra Marcinko,Tatjana Maria
20260119,Hard,Magda Linette,Emma Navarro
20260119,Hard,McCartney Kessler,Emiliana Arango
20260119,Hard,Anna Bondar,Elizabeth Mandlik
20260119,Hard,Storm Hunter,Jessica Bouzas Maneiro
20260119,Hard,Magdalena Frech,Veronika Erjavec
20260119,Hard,Ann Li,Camila Osorio
20260119,Hard,Coco Gauff,Kamilla Rakhimova
20260119,Hard,Priscilla Hon,Marina Stakusic
20260119,Hard,Linda Klimovicova,Francesca Jones
20260119,Hard,Jessica Pegula,Anastasia Zakharova
20260119,Hard,Clara Tauson,Dalma Galfi
20260119,Hard,Alycia Parks,Alexandra Eala
20260119,Hard,Karolina Muchova,Jaqueline Cristian
20260119,Hard,Amanda Anisimova,Simona Waltert
20260119,Hard,Oksana Selekhmeteva,Ella Seidel
20260119,Hard,Iva Jovic,Katie Volynets
20260119,Hard,Linda Noskova,Darja Semenistaja
20260119,Hard,Victoria Mboko,Emerson Jones
20260119,Hard,Ajla Tomljanovic,Yuliia Starodubtseva
20260119,Hard,Paula Badosa,Zarina Diyas
20260119,Hard,Marie Bouzkova,Renata Zarazua
20260119,Hard,Mirra Andreeva,Donna Vekic
20260119,Hard,Diana Shnaider,Barbora Krejcikova
20260119,Hard,Iga Swiatek,Yuan Yue
20260119,Hard,Moyuka Uchijima,Solana Sierra
20260119,Hard,Elise Mertens,Lanlana Tararudee
20260120,Hard,Ashlyn Krueger,Sara Bejlek
20260120,Hard,Janice Tjen,Leylah Fernandez
20260120,Hard,Taylah Preston,Zhang Shuai
20260120,Hard,Tereza Valentova,Maya Joint
20260120,Hard,Varvara Gracheva,Viktorija Golubic
20260120,Hard,Katerina Siniakova,Panna Udvardy
20260120,Hard,Madison Keys,Oleksandra Oliynykova
20260120,Hard,Julia Grabher,Elisabetta Cocciaretto
20260120,Hard,Wang Xinyu,Anhelina Kalinina
20260120,Hard,Karolina Pliskova,Sloane Stephens
20260120,Hard,Linda Fruhvirtova,Lulu Sun
20260120,Hard,Anna Kalinskaya,Sonay Kartal
20260120,Hard,Elena Rybakina,Kaja Juvan
20260120,Hard,Sorana Cirstea,Eva Lys
20260120,Hard,Jelena Ostapenko,Rebecca Sramkova
20260120,Hard,Laura Siegemund,Liudmila Samsonova
20260120,Hard,Belinda Bencic,Katie Boulter
20260120,Hard,Naomi Osaka,Antonia Ruzic
20260120,Hard,Maddison Inglis,Kimberly Birrell
20260120,Hard,Nikola Bartunkova,Daria Kasatkina
20260121,Hard,Zeynep Sonmez,Anna Bondar
20260121,Hard,Elina Svitolina,Linda Klimovicova
20260121,Hard,Diana Shnaider,Talia Gibson
20260121,Hard,Aryna Sabalenka,Bai Zhuoxuan
20260121,Hard,Yulia Putintseva,Elsa Jacquemot
20260121,Hard,Hailey Baptiste,Storm Hunter
20260121,Hard,Victoria Mboko,Catherine McNally
20260121,Hard,Clara Tauson,Polina Kudermetova
20260121,Hard,Anastasia Potapova,Emma Raducanu
20260121,Hard,Coco Gauff,Olga Danilovic
20260121,Hard,Elena-Gabriela Ruse,Ajla Tomljanovic
20260121,Hard,Magda Linette,Ann Li
20260121,Hard,Karolina Muchova,Alycia Parks
20260121,Hard,Mirra Andreeva,Maria Sakkari
20260121,Hard,Jasmine Paolini,Magdalena Frech
20260121,Hard,Iva Jovic,Priscilla Hon
20260122,Hard,Oksana Selekhmeteva,Paula Badosa
20260122,Hard,Madison Keys,Ashlyn Krueger
20260122,Hard,Jessica Pegula,McCartney Kessler
20260122,Hard,Karolina Pliskova,Janice Tjen
20260122,Hard,Anna Kalinskaya,Julia Grabher
20260122,Hard,Maddison Inglis,Laura Siegemund
20260122,Hard,Wang Xinyu,Jelena Ostapenko
20260122,Hard,Linda Noskova,Taylah Preston
20260122,Hard,Peyton Stearns,Petra Marcinko
20260122,Hard,Amanda Anisimova,Katerina Siniakova
20260122,Hard,Elise Mertens,Moyuka Uchijima
20260122,Hard,Tereza Valentova,Linda Fruhvirtova
20260122,Hard,Iga Swiatek,Marie Bouzkova
20260122,Hard,Naomi Osaka,Sorana Cirstea
20260122,Hard,Nikola Bartunkova,Belinda Bencic
20260122,Hard,Elena Rybakina,Varvara Gracheva
20260123,Hard,Victoria Mboko,Clara Tauson
20260123,Hard,Aryna Sabalenka,Anastasia Potapova
20260123,Hard,Yulia Putintseva,Zeynep Sonmez
20260123,Hard,Coco Gauff,Hailey Baptiste
20260123,Hard,Karolina Muchova,Magda Linette
20260123,Hard,Iva Jovic,Jasmine Paolini
20260123,Hard,Elina Svitolina,Diana Shnaider
20260123,Hard,Mirra Andreeva,Elena-Gabriela Ruse
20260123,Hard,Madison Keys,Karolina Pliskova
20260123,Hard,Jessica Pegula,Oksana Selekhmeteva
20260124,Hard,Amanda Anisimova,Peyton Stearns
20260124,Hard,Wang Xinyu,Linda Noskova
20260124,Hard,Elise Mertens,Nikola Bartunkova
20260124,Hard,Iga Swiatek,Anna Kalinskaya
20260124,Hard,Maddison Inglis,Naomi Osaka
20260124,Hard,Elena Rybakina,Tereza Valentova
20260125,Hard,Aryna Sabalenka,Victoria Mboko
20260125,Hard,Iva Jovic,Yulia Putintseva
20260125,Hard,Coco Gauff,Karolina Muchova
20260125,Hard,Elina Svitolina,Mirra Andreeva
20260126,Hard,Jessica Pegula,Madison Keys
20260126,Hard,Amanda Anisimova,Wang Xinyu
20260126,Hard,Elena Rybakina,Elise Mertens
20260126,Hard,Iga Swiatek,Maddison Inglis
20260127,Hard,Aryna Sabalenka,Iva Jovic
20260127,Hard,Elina Svitolina,Coco Gauff
20260128,Hard,Elena Rybakina,Iga Swiatek
20260128,Hard,Jessica Pegula,Amanda Anisimova
20260129,Hard,Aryna Sabalenka,Elina Svitolina
20260129,Hard,Elena Rybakina,Jessica Pegula
20260131,Hard,Elena Rybakina,Aryna Sabalenka
20260111,Hard,Titouan Droguet,Nicolas Jarry
20260111,Hard,Martin Damm,Gauthier Onclin
20260111,Hard,Yoshihito Nishioka,Nerman Fatic
20260111,Hard,Gilles Arnaud Bailly,Jack Pinnington Jones
20260111,Hard,Sebastian Ofner,August Holmgren
20260111,Hard,Roberto Carballes Baena,Arthur Bouquier
20260111,Hard,Nishesh Basavareddy,Alexis Galarneau
20260111,Hard,George Loffhagen,Justin Engel
20260112,Hard,Arthur Fery,Edward Winter
20260112,Hard,Dino Prizmic,Genaro Alberto Olivieri
20260112,Hard,Dane Sweeny,Andrea Pellegrino
20260112,Hard,Gustavo Heide,Jay Clarke
20260112,Hard,Jerome Kym,Juan Carlos Prado Angelo
20260112,Hard,Marco Trungelliti,Philip Sekulic
20260112,Hard,Brandon Holt,Lukas Neumayer
20260112,Hard,Benjamin Hassan,Matej Dodig
20260112,Hard,Jaime Faria,Luka Mikrut
20260112,Hard,Colton Smith,Luka Pavlovic
20260112,Hard,Giulio Zeppieri,Dan Added
20260112,Hard,Henrique Rocha,Joao Lucas Reis Da Silva
20260112,Hard,Tristan Boyer,Alex Barrena
20260112,Hard,Francesco Passaro,Mark Lajal
20260112,Hard,Gonzalo Bueno,Nikoloz Basilashvili
20260112,Hard,Pierre-Hugues Herbert,Guy Den Ouden
20260112,Hard,Murphy Cassone,Yu Hsiou Hsu
20260112,Hard,Daniil Glinka,Clement Tabur
20260112,Hard,Rei Sakamoto,Daniel Evans
20260112,Hard,Luca Van Assche,Moez Echargui
20260112,Hard,Dusan Lajovic,Facundo Diaz Acosta
20260112,Hard,Bernard Tomic,Hugo Dellien
20260112,Hard,Lukas Klein,Zsombor Piros
20260112,Hard,Daniel Merida,Oliver Crawford
20260112,Hard,Francesco Maestrelli,Lorenzo Giustino
20260112,Hard,Nicolai Budkov Kjaer,Yosuke Watanuki
20260112,Hard,Stefano Travaglia,Blake Ellis
20260112,Hard,Martin Landaluce,Chun-Hsin Tseng
20260112,Hard,Thiago Seyboth Wild,Alvaro Guillen Meza
20260112,Hard,James McCabe,Pavle Marinkov
20260113,Hard,Chris Rodesch,Billy Harris
20260113,Hard,Elias Ymer,Alex Bolt
20260113,Hard,Wu Yibing,Mitchell Krueger
20260113,Hard,Nicolas Mejia,Otto Virtanen
20260113,Hard,Chak Lam Coleman Wong,Ugo Blanchet
20260113,Hard,Elmer Moller,Marc Polmans
20260113,Hard,Pablo Llamas Ruiz,Henry Bernet
20260113,Hard,Rafael Jodar,Li Tu
20260113,Hard,Michael Zheng,Cruz Hewitt
20260113,Hard,Jason Kubler,Harold Mayot
20260113,Hard,Zachary Svajda,Hady Habib
20260113,Hard,Tomas Barrios Vera,Sascha Gueymard Wayenburg
20260113,Hard,Vilius Gaubas,Nicolas Moreno De Alboran
20260113,Hard,Kimmer Coppejans,Omar Jasika
20260113,Hard,Mackenzie McDonald,Dmitry Popko
20260113,Hard,Alex Molcan,Sho Shimabukuro
20260113,Hard,Leandro Riedi,Jan Choinski
20260113,Hard,Jurij Rodionov,Juan Pablo Ficovich
20260113,Hard,Adolfo Daniel Vallejo,Rodrigo Pacheco Mendez
20260113,Hard,Alexander Blockx,Marco Cecchinato
20260113,Hard,Vitaliy Sachko,Viktor Durasovic
20260113,Hard,Hugo Grenier,Daniel Elahi Galan
20260113,Hard,Federico Cina,Lloyd Harris
20260113,Hard,Liam Draxl,Moerani Bouzige
20260113,Hard,Roman Andres Burruchaga,Ryan Peniston
20260113,Hard,Arthur Gea,Zdenek Kolar
20260113,Hard,Giulio Zeppieri,Brandon Holt
20260113,Hard,Nishesh Basavareddy,Sebastian Ofner
20260113,Hard,Gilles Arnaud Bailly,Roberto Carballes Baena
20260113,Hard,Rei Sakamoto,Colton Smith
20260113,Hard,Martin Damm,Titouan Droguet
20260113,Hard,George Loffhagen,Yoshihito Nishioka
20260114,Hard,Dane Sweeny,Jerome Kym
20260114,Hard,Pierre-Hugues Herbert,Gonzalo Bueno
20260114,Hard,Jaime Faria,Benjamin Hassan
20260114,Hard,Dino Prizmic,Gustavo Heide
20260114,Hard,Marco Trungelliti,Henrique Rocha
20260114,Hard,Stefano Travaglia,Martin Landaluce
20260114,Hard,Chak Lam Coleman Wong,Pablo Llamas Ruiz
20260114,Hard,Nicolai Budkov Kjaer,James McCabe
20260114,Hard,Francesco Maestrelli,Thiago Seyboth Wild
20260114,Hard,Wu Yibing,Nicolas Mejia
20260114,Hard,Arthur Fery,Bernard Tomic
20260114,Hard,Rafael Jodar,Chris Rodesch
20260114,Hard,Elias Ymer,Elmer Moller
20260114,Hard,Tristan Boyer,Francesco Passaro
20260114,Hard,Kimmer Coppejans,Leandro Riedi
20260114,Hard,Dusan Lajovic,Murphy Cassone
20260114,Hard,Luca Van Assche,Daniil Glinka
20260114,Hard,Michael Zheng,Tomas Barrios Vera
20260114,Hard,Alexander Blockx,Alex Molcan
20260114,Hard,Adolfo Daniel Vallejo,Federico Cina
20260114,Hard,Lukas Klein,Daniel Merida
20260114,Hard,Mackenzie McDonald,Hugo Grenier
20260114,Hard,Arthur Gea,Roman Andres Burruchaga
20260114,Hard,Zachary Svajda,Jurij Rodionov
20260114,Hard,Jason Kubler,Vilius Gaubas
20260114,Hard,Liam Draxl,Vitaliy Sachko
20260115,Hard,Rei Sakamoto,Giulio Zeppieri
20260115,Hard,Dane Sweeny,Stefano Travaglia
20260115,Hard,Arthur Fery,Dino Prizmic
20260115,Hard,Jaime Faria,Marco Trungelliti
20260115,Hard,Nishesh Basavareddy,George Loffhagen
20260115,Hard,Nicolai Budkov Kjaer,Pierre-Hugues Herbert
20260115,Hard,Wu Yibing,Tristan Boyer
20260115,Hard,Rafael Jodar,Luca Van Assche
20260115,Hard,Elias Ymer,Chak Lam Coleman Wong
20260115,Hard,Francesco Maestrelli,Dusan Lajovic
20260115,Hard,Liam Draxl,Mackenzie McDonald
20260115,Hard,Martin Damm,Gilles Arnaud Bailly
20260115,Hard,Arthur Gea,Adolfo Daniel Vallejo
20260115,Hard,Michael Zheng,Lukas Klein
20260115,Hard,Jason Kubler,Alexander Blockx
20260115,Hard,Zachary Svajda,Kimmer Coppejans
20260118,Hard,Tomas Martin Etcheverry,Miomir Kecmanovic
20260118,Hard,Arthur Fery,Flavio Cobolli
20260118,Hard,Corentin Moutet,Tristan Schoolkate
20260118,Hard,Alexander Zverev,Gabriel Diallo
20260118,Hard,Francisco Cerundolo,Zhang Zhizhen
20260118,Hard,Francisco Comesana,Patrick Kypson
20260118,Hard,Emilio Nava,Kyrian Jacquet
20260118,Hard,Damir Dzumhur,Liam Draxl
20260118,Hard,Michael Zheng,Sebastian Korda
20260118,Hard,Jaime Faria,Alexander Blockx
20260118,Hard,Marton Fucsovics,Camilo Ugo Carabelli
20260118,Hard,Frances Tiafoe,Jason Kubler
20260118,Hard,Yannick Hanfmann,Zachary Svajda
20260118,Hard,Cameron Norrie,Benjamin Bonzi
20260118,Hard,Alexander Bublik,Jenson Brooksby
20260118,Hard,Carlos Alcaraz,Adam Walton
20260119,Hard,Aleksandr Shevchenko,Elias Ymer
20260119,Hard,Quentin Halys,Alejandro Tabilo
20260119,Hard,Nuno Borges,Felix Auger-Aliassime
20260119,Hard,Hamad Medjedovic,Mariano Navone
20260119,Hard,Daniil Medvedev,Jesper de Jong
20260119,Hard,Fabian Marozsan,Arthur Rinderknech
20260119,Hard,Shang Juncheng,Roberto Bautista Agut
20260119,Hard,Tommy Paul,Aleksandar Kovacevic
20260119,Hard,Reilly Opelka,Nicolai Budkov Kjaer
20260119,Hard,Andrey Rublev,Matteo Arnaldi
20260119,Hard,Jordan Thompson,Juan Manuel Cerundolo
20260119,Hard,Alex de Minaur,Mackenzie McDonald
20260119,Hard,Learner Tien,Marcos Giron
20260119,Hard,Alejandro Davidovich Fokina,Filip Misolic
20260119,Hard,Thiago Agustin Tirante,Aleksandar Vukic
20260119,Hard,Stan Wawrinka,Laslo Djere
20260119,Hard,Kamil Majchrzak,Jacob Fearnley
20260119,Hard,Marin Cilic,Daniel Altmaier
20260119,Hard,Botic Van De Zandschulp,Brandon Nakashima
20260119,Hard,Francesco Maestrelli,Terence Atmane
20260119,Hard,Denis Shapovalov,Bu Yunchaokete
20260119,Hard,Jaume Munar,Dalibor Svrcina
20260119,Hard,Rinky Hijikata,Adrian Mannarino
20260119,Hard,Arthur Gea,Jiri Lehecka
20260119,Hard,Valentin Vacherot,Martin Damm
20260119,Hard,Alexandre Muller,Alexei Popyrin
20260119,Hard,Casper Ruud,Mattia Bellucci
20260119,Hard,Novak Djokovic,Pedro Martinez
20260120,Hard,Luciano Darderi,Cristian Garin
20260120,Hard,Lorenzo Sonego,Carlos Taberner
20260120,Hard,Lorenzo Musetti,Raphael Collignon
20260120,Hard,Ethan Quinn,Tallon Griekspoor
20260120,Hard,Sebastian Baez,Giovanni Mpetshi Perricard
20260120,Hard,Jakub Mensik,Pablo Carreno Busta
20260120,Hard,Nishesh Basavareddy,Christopher O'Connell
20260120,Hard,Karen Khachanov,Alex Michelsen
20260120,Hard,Ben Shelton,Ugo Humbert
20260120,Hard,Eliot Spizzirri,Joao Fonseca
20260120,Hard,Wu Yibing,Luca Nardi
20260120,Hard,Dane Sweeny,Gael Monfils
20260120,Hard,Rafael Jodar,Rei Sakamoto
20260120,Hard,Hubert Hurkacz,Zizou Bergs
20260120,Hard,James Duckworth,Dino Prizmic
20260120,Hard,Taylor Fritz,Valentin Royer
20260120,Hard,Vit Kopriva,Jan-Lennard Struff
20260120,Hard,Jannik Sinner,Hugo Gaston
20260120,Hard,Tomas Machac,Grigor Dimitrov
20260120,Hard,Stefanos Tsitsipas,Shintaro Mochizuki
20260121,Hard,Tommy Paul,Thiago Agustin Tirante
20260121,Hard,Francisco Cerundolo,Damir Dzumhur
20260121,Hard,Fabian Marozsan,Kamil Majchrzak
20260121,Hard,Andrey Rublev,Jaime Faria
20260121,Hard,Daniil Medvedev,Quentin Halys
20260121,Hard,Tomas Martin Etcheverry,Arthur Fery
20260121,Hard,Alejandro Davidovich Fokina,Reilly Opelka
20260121,Hard,Carlos Alcaraz,Yannick Hanfmann
20260121,Hard,Nuno Borges,Jordan Thompson
20260121,Hard,Corentin Moutet,Michael Zheng
20260121,Hard,Learner Tien,Aleksandr Shevchenko
20260121,Hard,Cameron Norrie,Emilio Nava
20260121,Hard,Alexander Bublik,Marton Fucsovics
20260121,Hard,Alexander Zverev,Alexandre Muller
20260121,Hard,Alex de Minaur,Hamad Medjedovic
20260121,Hard,Frances Tiafoe,Francisco Comesana
20260122,Hard,Jakub Mensik,Rafael Jodar
20260122,Hard,Valentin Vacherot,Rinky Hijikata
20260122,Hard,Luciano Darderi,Sebastian Baez
20260122,Hard,Karen Khachanov,Nishesh Basavareddy
20260122,Hard,Lorenzo Musetti,Lorenzo Sonego
20260122,Hard,Ben Shelton,Dane Sweeny
20260122,Hard,Ethan Quinn,Hubert Hurkacz
20260122,Hard,Novak Djokovic,Francesco Maestrelli
20260122,Hard,Botic Van De Zandschulp,Shang Juncheng
20260122,Hard,Eliot Spizzirri,Wu Yibing
20260122,Hard,Stan Wawrinka,Arthur Gea
20260122,Hard,Tomas Machac,Stefanos Tsitsipas
20260122,Hard,Marin Cilic,Denis Shapovalov
20260122,Hard,Taylor Fritz,Vit Kopriva
20260122,Hard,Jannik Sinner,James Duckworth
20260122,Hard,Casper Ruud,Jaume Munar
20260123,Hard,Learner Tien,Nuno Borges
20260123,Hard,Daniil Medvedev,Fabian Marozsan
20260123,Hard,Tommy Paul,Alejandro Davidovich Fokina
20260123,Hard,Carlos Alcaraz,Corentin Moutet
20260123,Hard,Francisco Cerundolo,Andrey Rublev
20260123,Hard,Alex de Minaur,Frances Tiafoe
20260123,Hard,Alexander Zverev,Cameron Norrie
20260123,Hard,Alexander Bublik,Tomas Martin Etcheverry
20260123,Hard,Lorenzo Musetti,Tomas Machac
20260123,Hard,Luciano Darderi,Karen Khachanov
20260124,Hard,Jannik Sinner,Eliot Spizzirri
20260124,Hard,Ben Shelton,Valentin Vacherot
20260124,Hard,Taylor Fritz,Stan Wawrinka
20260124,Hard,Novak Djokovic,Botic Van De Zandschulp
20260124,Hard,Jakub Mensik,Ethan Quinn
20260124,Hard,Casper Ruud,Marin Cilic
20260125,Hard,Carlos Alcaraz,Tommy Paul
20260125,Hard,Alexander Zverev,Francisco Cerundolo
20260125,Hard,Learner Tien,Daniil Medvedev
20260125,Hard,Alex de Minaur,Alexander Bublik
20260126,Hard,Lorenzo Musetti,Taylor Fritz
20260126,Hard,Jannik Sinner,Luciano Darderi
20260126,Hard,Novak Djokovic,Jakub Mensik
20260126,Hard,Ben Shelton,Casper Ruud
20260127,Hard,Alexander Zverev,Learner Tien
20260127,Hard,Carlos Alcaraz,Alex de Minaur
20260128,Hard,Novak Djokovic,Lorenzo Musetti
20260128,Hard,Jannik Sinner,Ben Shelton
20260130,Hard,Carlos Alcaraz,Alexander Zverev
20260130,Hard,Novak Djokovic,Jannik Sinner
20260201,Hard,Carlos Alcaraz,Novak Djokovic
20260201,Hard,Martin Damm,Matteo Martineau
20260201,Hard,Titouan Droguet,Robin Bertrand
20260201,Hard,Ugo Blanchet,Bernabe Zapata Miralles
20260201,Hard,Clement Chidekh,Martin Landaluce
20260201,Hard,Clement Tabur,Billy Harris
20260201,Hard,Moise Kouame,Elias Ymer
20260201,Hard,Andrea Vavassori,Roberto Carballes Baena
20260201,Hard,Hugo Grenier,Geoffrey Blancaneaux
20260202,Hard,Titouan Droguet,Ugo Blanchet
20260202,Hard,Martin Damm,Clement Tabur
20260202,Hard,Moise Kouame,Clement Chidekh
20260202,Hard,Andrea Vavassori,Hugo Grenier
20260202,Hard,Adrian Mannarino,Pedro Martinez
20260202,Hard,Arthur Gea,Giovanni Mpetshi Perricard
20260202,Hard,Roberto Bautista Agut,Christopher O'Connell
20260203,Hard,Pablo Carreno Busta,Miomir Kecmanovic
20260203,Hard,Martin Damm,Hubert Hurkacz
20260203,Hard,Titouan Droguet,Jan Choinski
20260203,Hard,Ugo Humbert,Botic Van De Zandschulp
20260203,Hard,Arthur Fils,Valentin Royer
20260203,Hard,Ugo Blanchet,Andrea Vavassori
20260204,Hard,Luca Nardi,Nikoloz Basilashvili
20260204,Hard,Martin Damm,Roberto Bautista Agut
20260204,Hard,Aleksandar Kovacevic,Moise Kouame
20260204,Hard,Stan Wawrinka,Hamad Medjedovic
20260204,Hard,Adrian Mannarino,Ugo Humbert
20260204,Hard,Arthur Gea,Tomas Machac
20260205,Hard,Titouan Droguet,Aleksandar Kovacevic
20260205,Hard,Tallon Griekspoor,Pablo Carreno Busta
20260205,Hard,Luca Nardi,Flavio Cobolli
20260205,Hard,Felix Auger-Aliassime,Stan Wawrinka
20260205,Hard,Arthur Fils,Ugo Blanchet
20260206,Hard,Adrian Mannarino,Arthur Gea
20260206,Hard,Martin Damm,Luca Nardi
20260206,Hard,Felix Auger-Aliassime,Arthur Fils
20260206,Hard,Titouan Droguet,Tallon Griekspoor
20260207,Hard,Adrian Mannarino,Martin Damm
20260207,Hard,Felix Auger-Aliassime,Titouan Droguet
20260208,Hard,Felix Auger-Aliassime,Adrian Mannarino
20260207,Hard,Hugo Grenier,Jan Choinski
20260207,Hard,Christopher O'Connell,Vitaliy Sachko
20260207,Hard,Thijs Boogaard,Kimmer Coppejans
20260207,Hard,Hugo Gaston,Alec Deckers
20260207,Hard,Luka Pavlovic,Billy Harris
20260207,Hard,Mees Rottgering,Kyrian Jacquet
20260207,Hard,Hamad Medjedovic,Nikoloz Basilashvili
20260207,Hard,Roberto Carballes Baena,Pablo Carreno Busta
20260208,Hard,Hugo Grenier,Thijs Boogaard
20260208,Hard,Christopher O'Connell,Hugo Gaston
20260208,Hard,Luka Pavlovic,Hamad Medjedovic
20260208,Hard,Mees Rottgering,Roberto Carballes Baena
20260209,Hard,Cameron Norrie,Roberto Bautista Agut
20260209,Hard,Ugo Humbert,Daniil Medvedev
20260209,Hard,Christopher O'Connell,Valentin Royer
20260209,Hard,Botic Van De Zandschulp,Luka Pavlovic
20260209,Hard,Jaume Munar,Nicolai Budkov Kjaer
20260210,Hard,Quentin Halys,Mees Rottgering
20260210,Hard,Tallon Griekspoor,Giovanni Mpetshi Perricard
20260210,Hard,Jan-Lennard Struff,Hugo Grenier
20260210,Hard,Alex de Minaur,Arthur Fils
20260210,Hard,Hamad Medjedovic,Zizou Bergs
20260211,Hard,Guy Den Ouden,Marton Fucsovics
20260211,Hard,Stan Wawrinka,Thijs Boogaard
20260211,Hard,Stefanos Tsitsipas,Arthur Rinderknech
20260211,Hard,Karen Khachanov,Jesper de Jong
20260211,Hard,Alexander Bublik,Hubert Hurkacz
20260211,Hard,Christopher O'Connell,Cameron Norrie
20260211,Hard,Felix Auger-Aliassime,Alexei Popyrin
20260211,Hard,Tallon Griekspoor,Quentin Halys
20260212,Hard,Ugo Humbert,Guy Den Ouden
20260212,Hard,Jaume Munar,Karen Khachanov
20260212,Hard,Botic Van De Zandschulp,Stefanos Tsitsipas
20260212,Hard,Alex de Minaur,Stan Wawrinka
20260212,Hard,Felix Auger-Aliassime,Hamad Medjedovic
20260212,Hard,Alexander Bublik,Jan-Lennard Struff
20260213,Hard,Ugo Humbert,Christopher O'Connell
20260213,Hard,Alex de Minaur,Botic Van De Zandschulp
20260213,Hard,Felix Auger-Aliassime,Tallon Griekspoor
20260213,Hard,Alexander Bublik,Jaume Munar
20260214,Hard,Alex de Minaur,Ugo Humbert
20260214,Hard,Felix Auger-Aliassime,Alexander Bublik
20260215,Hard,Alex de Minaur,Felix Auger-Aliassime
20260207,Hard,Francesco Passaro,Nicolas Kicker
20260207,Hard,Marco Cecchinato,Santiago Rodriguez Taverna
20260207,Hard,Daniel Elahi Galan,Juan Bautista Torres
20260207,Hard,Thiago Monteiro,Franco Agamenone
20260207,Hard,Thiago Seyboth Wild,Andrea Collarini
20260207,Hard,Lautaro Midon,Felipe Meligeni Alves
20260207,Hard,Andrea Pellegrino,Juan Manuel La Serna
20260207,Hard,Hugo Dellien,Genaro Alberto Olivieri
20260208,Hard,Lautaro Midon,Daniel Elahi Galan
20260208,Hard,Francesco Passaro,Marco Cecchinato
20260208,Hard,Hugo Dellien,Thiago Monteiro
20260208,Hard,Andrea Pellegrino,Thiago Seyboth Wild
20260209,Hard,Hugo Dellien,Damir Dzumhur
20260209,Hard,Pedro Martinez,Lautaro Midon
20260209,Hard,Tomas Martin Etcheverry,Andrea Pellegrino
20260209,Hard,Vit Kopriva,Alex Barrena
20260210,Hard,Tomas Barrios Vera,Thiago Seyboth Wild
20260210,Hard,Juan Manuel Cerundolo,Daniel Altmaier
20260210,Hard,Alejandro Tabilo,Facundo Diaz Acosta
20260210,Hard,Roman Andres Burruchaga,Laslo Djere
20260210,Hard,Ignacio Buse,Francesco Passaro
20260210,Hard,Matteo Berrettini,Federico Coria
20260211,Hard,Camilo Ugo Carabelli,Francisco Comesana
20260211,Hard,Tomas Martin Etcheverry,Roman Andres Burruchaga
20260211,Hard,Mariano Navone,Emilio Nava
20260211,Hard,Vit Kopriva,Matteo Berrettini
20260211,Hard,Alejandro Tabilo,Joao Fonseca
20260212,Hard,Francisco Cerundolo,Hugo Dellien
20260212,Hard,Luciano Darderi,Tomas Barrios Vera
20260212,Hard,Pedro Martinez,Juan Manuel Cerundolo
20260212,Hard,Sebastian Baez,Ignacio Buse
20260212,Hard,Camilo Ugo Carabelli,Mariano Navone
20260213,Hard,Tomas Martin Etcheverry,Alejandro Tabilo
20260213,Hard,Francisco Cerundolo,Vit Kopriva
20260213,Hard,Sebastian Baez,Camilo Ugo Carabelli
20260213,Hard,Luciano Darderi,Pedro Martinez
20260214,Hard,Francisco Cerundolo,Tomas Martin Etcheverry
20260214,Hard,Luciano Darderi,Sebastian Baez
20260215,Hard,Francisco Cerundolo,Luciano Darderi
20260207,Hard,Patrick Kypson,Pedro Sakamoto
20260207,Hard,Tristan Boyer,Alex Finkelstein
20260207,Hard,Jack Pinnington Jones,Daniel Dutra da Silva
20260207,Hard,Zachary Svajda,Georgi Georgiev
20260207,Hard,Bernard Tomic,Krish Arora
20260207,Hard,Sho Shimabukuro,Thai-Son Kwiatkowski
20260207,Hard,Rafael Jodar,Mitchell Krueger
20260207,Hard,Murphy Cassone,Alex Rybakov
20260208,Hard,Jack Pinnington Jones,Patrick Kypson
20260208,Hard,Zachary Svajda,Tristan Boyer
20260208,Hard,Sho Shimabukuro,Bernard Tomic
20260208,Hard,Rafael Jodar,Murphy Cassone
20260209,Hard,Brandon Nakashima,Mattia Bellucci
20260209,Hard,Alejandro Davidovich Fokina,Zachary Svajda
20260210,Hard,Frances Tiafoe,Terence Atmane
20260210,Hard,Sebastian Korda,Michael Zheng
20260210,Hard,Marin Cilic,Learner Tien
20260210,Hard,Miomir Kecmanovic,Sho Shimabukuro
20260210,Hard,Alex Michelsen,Grigor Dimitrov
20260210,Hard,Jack Pinnington Jones,Flavio Cobolli
20260210,Hard,Ben Shelton,Gabriel Diallo
20260211,Hard,Taylor Fritz,Marcos Giron
20260211,Hard,Aleksandar Kovacevic,Patrick Kypson
20260211,Hard,Denis Shapovalov,Rafael Jodar
20260211,Hard,Tommy Paul,Jenson Brooksby
20260211,Hard,Ethan Quinn,Trevor Svajda
20260211,Hard,Eliot Spizzirri,James Duckworth
20260211,Hard,Alejandro Davidovich Fokina,Alex Michelsen
20260211,Hard,Adrian Mannarino,Adam Walton
20260212,Hard,Taylor Fritz,Brandon Nakashima
20260212,Hard,Sebastian Korda,Frances Tiafoe
20260212,Hard,Marin Cilic,Ethan Quinn
20260212,Hard,Jack Pinnington Jones,Eliot Spizzirri
20260212,Hard,Denis Shapovalov,Aleksandar Kovacevic
20260213,Hard,Ben Shelton,Adrian Mannarino
20260213,Hard,Miomir Kecmanovic,Tommy Paul
20260213,Hard,Marin Cilic,Jack Pinnington Jones
20260213,Hard,Taylor Fritz,Sebastian Korda
20260214,Hard,Ben Shelton,Miomir Kecmanovic
20260214,Hard,Denis Shapovalov,Alejandro Davidovich Fokina
20260214,Hard,Taylor Fritz,Marin Cilic
20260214,Hard,Ben Shelton,Denis Shapovalov
20260215,Hard,Ben Shelton,Taylor Fritz
20260213,Hard,Magdalena Frech,Ekaterina Yashina
20260213,Hard,Kamilla Rakhimova,Solana Sierra
20260213,Hard,Veronika Erjavec,Elsa Jacquemot
20260213,Hard,Moyuka Uchijima,Anna Bondar
20260213,Hard,Rebecca Sramkova,Antonia Ruzic
20260213,Hard,Ella Seidel,Anastasia Potapova
20260213,Hard,Varvara Gracheva,Priscilla Hon
20260213,Hard,Hailey Baptiste,Zhang Shuai
20260213,Hard,Peyton Stearns,Vera Zvonareva
20260213,Hard,Elena-Gabriela Ruse,Yuliia Starodubtseva
20260213,Hard,Kimberly Birrell,Tereza Valentova
20260213,Hard,Katie Volynets,Alycia Parks
20260213,Hard,Sonay Kartal,Storm Hunter
20260213,Hard,Anastasia Zakharova,Julia Grabher
20260213,Hard,Aliaksandra Sasnovich,Petra Marcinko
20260213,Hard,Elisabetta Cocciaretto,Donna Vekic
20260214,Hard,Ella Seidel,Kamilla Rakhimova
20260214,Hard,Moyuka Uchijima,Veronika Erjavec
20260214,Hard,Rebecca Sramkova,Hailey Baptiste
20260214,Hard,Elena-Gabriela Ruse,Peyton Stearns
20260214,Hard,Kimberly Birrell,Katie Volynets
20260214,Hard,Varvara Gracheva,Magdalena Frech
20260214,Hard,Elisabetta Cocciaretto,Anastasia Zakharova
20260214,Hard,Aliaksandra Sasnovich,Sonay Kartal
20260215,Hard,Janice Tjen,Dayana Yastremska
20260215,Hard,Linda Noskova,Ann Li
20260215,Hard,Peyton Stearns,Magdalena Frech
20260215,Hard,Kimberly Birrell,Tatjana Maria
20260215,Hard,Elise Mertens,Marie Bouzkova
20260215,Hard,Barbora Krejcikova,Anastasia Pavlyuchenkova
20260215,Hard,Leylah Fernandez,Liudmila Samsonova
20260215,Hard,Ella Seidel,Cristina Bucsa
20260215,Hard,Diana Shnaider,Maya Joint
20260215,Hard,Magda Linette,Lulu Sun
20260215,Hard,Alexandra Eala,Hailey Baptiste
20260215,Hard,Sara Bejlek,Zeynep Sonmez
20260216,Hard,Iva Jovic,Kamilla Rakhimova
20260216,Hard,Emma Navarro,Elena-Gabriela Ruse
20260216,Hard,Varvara Gracheva,Rebecca Sramkova
20260216,Hard,Sorana Cirstea,Aliaksandra Sasnovich
20260216,Hard,Clara Tauson,Sofia Kenin
20260216,Hard,Daria Kasatkina,Laura Siegemund
20260216,Hard,Belinda Bencic,Jessica Bouzas Maneiro
20260216,Hard,Janice Tjen,Leylah Fernandez
20260216,Hard,Anastasia Zakharova,Moyuka Uchijima
20260216,Hard,Antonia Ruzic,Emma Raducanu
20260216,Hard,Anna Kalinskaya,Jelena Ostapenko
20260216,Hard,Paula Badosa,Katerina Siniakova
20260216,Hard,Jaqueline Cristian,Petra Marcinko
20260216,Hard,Amanda Anisimova,Barbora Krejcikova
20260217,Hard,Clara Tauson,Peyton Stearns
20260217,Hard,Magda Linette,Ekaterina Alexandrova
20260217,Hard,Jessica Pegula,Varvara Gracheva
20260217,Hard,Belinda Bencic,Sara Bejlek
20260217,Hard,Mirra Andreeva,Daria Kasatkina
20260217,Hard,Iva Jovic,Diana Shnaider
20260217,Hard,Elise Mertens,Emma Navarro
20260217,Hard,Jaqueline Cristian,Ella Seidel
20260217,Hard,Antonia Ruzic,Anastasia Zakharova
20260217,Hard,Coco Gauff,Anna Kalinskaya
20260217,Hard,Elina Svitolina,Paula Badosa
20260217,Hard,Sorana Cirstea,Linda Noskova
20260217,Hard,Elena Rybakina,Kimberly Birrell
20260217,Hard,Alexandra Eala,Jasmine Paolini
20260218,Hard,Clara Tauson,Magda Linette
20260218,Hard,Amanda Anisimova,Janice Tjen
20260218,Hard,Mirra Andreeva,Jaqueline Cristian
20260218,Hard,Jessica Pegula,Iva Jovic
20260218,Hard,Antonia Ruzic,Elena Rybakina
20260218,Hard,Elina Svitolina,Belinda Bencic
20260218,Hard,Coco Gauff,Elise Mertens
20260218,Hard,Alexandra Eala,Sorana Cirstea
20260219,Hard,Jessica Pegula,Clara Tauson
20260219,Hard,Amanda Anisimova,Mirra Andreeva
20260219,Hard,Coco Gauff,Alexandra Eala
20260219,Hard,Elina Svitolina,Antonia Ruzic
20260220,Hard,Jessica Pegula,Amanda Anisimova
20260220,Hard,Elina Svitolina,Coco Gauff
20260221,Hard,Jessica Pegula,Elina Svitolina
20260221,Hard,Otto Virtanen,Aleksandar Vukic
20260221,Hard,Giovanni Mpetshi Perricard,Shintaro Mochizuki
20260221,Hard,Jan Choinski,Jesper de Jong
20260221,Hard,Jan-Lennard Struff,Abdulrahman Al Janahi
20260221,Hard,Luca Nardi,Marco Trungelliti
20260221,Hard,Pablo Carreno Busta,Botic Van De Zandschulp
20260221,Hard,Aleksandr Shevchenko,Nikoloz Basilashvili
20260221,Hard,Quentin Halys,Christopher O'Connell
20260222,Hard,Giovanni Mpetshi Perricard,Jan Choinski
20260222,Hard,Otto Virtanen,Jan-Lennard Struff
20260222,Hard,Pablo Carreno Busta,Luca Nardi
20260222,Hard,Quentin Halys,Aleksandr Shevchenko
20260223,Hard,Giovanni Mpetshi Perricard,Moez Echargui
20260223,Hard,Stan Wawrinka,Benjamin Hassan
20260223,Hard,Felix Auger-Aliassime,Zhang Zhizhen
20260223,Hard,Jack Draper,Quentin Halys
20260224,Hard,Daniil Medvedev,Shang Juncheng
20260224,Hard,Pablo Carreno Busta,Denis Shapovalov
20260224,Hard,Jenson Brooksby,Zizou Bergs
20260224,Hard,Karen Khachanov,Aleksandr Shevchenko
20260224,Hard,Arthur Rinderknech,Fabian Marozsan
20260224,Hard,Alexander Bublik,Jan-Lennard Struff
20260224,Hard,Tallon Griekspoor,Otto Virtanen
20260224,Hard,Jiri Lehecka,Luca Nardi
20260224,Hard,Ugo Humbert,Stefanos Tsitsipas
20260224,Hard,Alexei Popyrin,Kamil Majchrzak
20260224,Hard,Jakub Mensik,Hubert Hurkacz
20260224,Hard,Andrey Rublev,Valentin Royer
20260225,Hard,Jenson Brooksby,Karen Khachanov
20260225,Hard,Daniil Medvedev,Stan Wawrinka
20260225,Hard,Felix Auger-Aliassime,Giovanni Mpetshi Perricard
20260225,Hard,Jiri Lehecka,Pablo Carreno Busta
20260225,Hard,Tallon Griekspoor,Alexander Bublik
20260225,Hard,Andrey Rublev,Ugo Humbert
20260225,Hard,Jakub Mensik,Alexei Popyrin
20260225,Hard,Arthur Rinderknech,Jack Draper
20260226,Hard,Daniil Medvedev,Jenson Brooksby
20260226,Hard,Felix Auger-Aliassime,Jiri Lehecka
20260226,Hard,Andrey Rublev,Arthur Rinderknech
20260226,Hard,Tallon Griekspoor,Jakub Mensik
20260227,Hard,Daniil Medvedev,Felix Auger-Aliassime
20260227,Hard,Tallon Griekspoor,Andrey Rublev
20260228,Hard,Daniil Medvedev,Tallon Griekspoor
20260214,Hard,Pierre-Hugues Herbert,Aleksandar Vukic
20260214,Hard,Jan Choinski,James McCabe
20260214,Hard,Quentin Halys,Mert Alkaya
20260214,Hard,Shintaro Mochizuki,Ghanim Al Sulaiti
20260214,Hard,Elias Ymer,Nikoloz Basilashvili
20260214,Hard,Pablo Carreno Busta,Reda Bennani
20260214,Hard,Billy Harris,Marco Trungelliti
20260214,Hard,Roberto Carballes Baena,Lucas Miedler
20260215,Hard,Jan Choinski,Quentin Halys
20260215,Hard,Pablo Carreno Busta,Billy Harris
20260215,Hard,Roberto Carballes Baena,Shintaro Mochizuki
20260215,Hard,Pierre-Hugues Herbert,Elias Ymer
20260216,Hard,Alexei Popyrin,Mubarak Shannan Zayid
20260216,Hard,Valentin Royer,Pierre-Hugues Herbert
20260216,Hard,Jakub Mensik,Jan Choinski
20260216,Hard,Arthur Fils,Kamil Majchrzak
20260216,Hard,Jannik Sinner,Tomas Machac
20260216,Hard,Daniil Medvedev,Shang Juncheng
20260217,Hard,Marton Fucsovics,Hady Habib
20260217,Hard,Quentin Halys,Pablo Carreno Busta
20260217,Hard,Stefanos Tsitsipas,Moez Echargui
20260217,Hard,Jiri Lehecka,Jenson Brooksby
20260217,Hard,Karen Khachanov,Shintaro Mochizuki
20260217,Hard,Zhang Zhizhen,Roberto Carballes Baena
20260217,Hard,Fabian Marozsan,Ugo Humbert
20260217,Hard,Zizou Bergs,Giovanni Mpetshi Perricard
20260217,Hard,Carlos Alcaraz,Arthur Rinderknech
20260217,Hard,Andrey Rublev,Jesper de Jong
20260218,Hard,Karen Khachanov,Marton Fucsovics
20260218,Hard,Arthur Fils,Quentin Halys
20260218,Hard,Jiri Lehecka,Zizou Bergs
20260218,Hard,Stefanos Tsitsipas,Daniil Medvedev
20260218,Hard,Andrey Rublev,Fabian Marozsan
20260218,Hard,Jakub Mensik,Zhang Zhizhen
20260218,Hard,Jannik Sinner,Alexei Popyrin
20260218,Hard,Carlos Alcaraz,Valentin Royer
20260219,Hard,Andrey Rublev,Stefanos Tsitsipas
20260219,Hard,Arthur Fils,Jiri Lehecka
20260219,Hard,Carlos Alcaraz,Karen Khachanov
20260219,Hard,Jakub Mensik,Jannik Sinner
20260220,Hard,Carlos Alcaraz,Andrey Rublev
20260220,Hard,Arthur Fils,Jakub Mensik
20260221,Hard,Carlos Alcaraz,Arthur Fils
20260214,Hard,Wu Yibing,Colton Smith
20260214,Hard,Chak Lam Coleman Wong,Yoshihito Nishioka
20260214,Hard,Tristan Schoolkate,Murphy Cassone
20260214,Hard,Zachary Svajda,Liam Draxl
20260214,Hard,Rinky Hijikata,Michael Mmoh
20260214,Hard,Dalibor Svrcina,Nicolas Mejia
20260214,Hard,Sho Shimabukuro,Benjamin Willwerth
20260214,Hard,Adam Walton,Nicolas Moreno De Alboran
20260215,Hard,Chak Lam Coleman Wong,Tristan Schoolkate
20260215,Hard,Zachary Svajda,Wu Yibing
20260215,Hard,Rinky Hijikata,Dalibor Svrcina
20260215,Hard,Sho Shimabukuro,Adam Walton
20260216,Hard,Chak Lam Coleman Wong,Nuno Borges
20260216,Hard,Terence Atmane,Patrick Kypson
20260216,Hard,Alex Michelsen,Valentin Vacherot
20260216,Hard,Marcos Giron,Sho Shimabukuro
20260217,Hard,Frances Tiafoe,Rinky Hijikata
20260217,Hard,Zachary Svajda,Aleksandar Kovacevic
20260217,Hard,Sebastian Korda,Mackenzie McDonald
20260217,Hard,Brandon Nakashima,Marin Cilic
20260217,Hard,Rafael Jodar,Ethan Quinn
20260217,Hard,Adam Walton,Gabriel Diallo
20260217,Hard,Miomir Kecmanovic,Mattia Bellucci
20260218,Hard,Tommy Paul,Corentin Moutet
20260218,Hard,Flavio Cobolli,Terence Atmane
20260218,Hard,Chak Lam Coleman Wong,Brandon Nakashima
20260218,Hard,Sebastian Korda,Alex Michelsen
20260219,Hard,Casper Ruud,Marcos Giron
20260219,Hard,Learner Tien,Miomir Kecmanovic
20260219,Hard,Frances Tiafoe,Zachary Svajda
20260219,Hard,Tommy Paul,Adam Walton
20260220,Hard,Taylor Fritz,Rafael Jodar
20260220,Hard,Flavio Cobolli,Chak Lam Coleman Wong
20260220,Hard,Sebastian Korda,Casper Ruud
20260220,Hard,Learner Tien,Frances Tiafoe
20260221,Hard,Tommy Paul,Taylor Fritz
20260221,Hard,Sebastian Korda,Flavio Cobolli
20260222,Hard,Tommy Paul,Learner Tien
20260222,Hard,Sebastian Korda,Tommy Paul
20260214,Hard,Francesco Passaro,Elmer Moller
20260214,Hard,Jaime Faria,Nicolas Jarry
20260214,Hard,Igor Ribeiro Marcondes,Chun-Hsin Tseng
20260214,Hard,Vilius Gaubas,Andrea Pellegrino
20260214,Hard,Dino Prizmic,Daniel Elahi Galan
20260214,Hard,Dusan Lajovic,Hugo Dellien
20260214,Hard,Tomas Barrios Vera,Pedro Boscardin Dias
20260214,Hard,Thiago Monteiro,Adolfo Daniel Vallejo
20260215,Hard,Thiago Monteiro,Dusan Lajovic
20260215,Hard,Vilius Gaubas,Francesco Passaro
20260215,Hard,Dino Prizmic,Tomas Barrios Vera
20260215,Hard,Igor Ribeiro Marcondes,Jaime Faria
20260216,Hard,Thiago Agustin Tirante,Cristian Garin
20260216,Hard,Dusan Lajovic,Daniel Altmaier
20260216,Hard,Alejandro Tabilo,Emilio Nava
20260216,Hard,Vit Kopriva,Gustavo Heide
20260216,Hard,Ignacio Buse,Igor Ribeiro Marcondes
20260217,Hard,Yannick Hanfmann,Joao Lucas Reis Da Silva
20260217,Hard,Roman Andres Burruchaga,Camilo Ugo Carabelli
20260217,Hard,Francesco Passaro,Dino Prizmic
20260217,Hard,Matteo Berrettini,Tomas Barrios Vera
20260217,Hard,Tomas Martin Etcheverry,Francisco Comesana
20260217,Hard,Juan Manuel Cerundolo,Luciano Darderi
20260217,Hard,Francisco Cerundolo,Mariano Navone
20260217,Hard,Joao Fonseca,Thiago Monteiro
20260217,Hard,Damir Dzumhur,Pedro Martinez
20260218,Hard,Jaime Faria,Sebastian Baez
20260218,Hard,Vilius Gaubas,Guto Miguel
20260218,Hard,Vit Kopriva,Roman Andres Burruchaga
20260218,Hard,Juan Manuel Cerundolo,Yannick Hanfmann
20260218,Hard,Thiago Agustin Tirante,Francisco Cerundolo
20260218,Hard,Alejandro Tabilo,Francesco Passaro
20260219,Hard,Jaime Faria,Damir Dzumhur
20260219,Hard,Tomas Martin Etcheverry,Vilius Gaubas
20260220,Hard,Ignacio Buse,Joao Fonseca
20260220,Hard,Matteo Berrettini,Dusan Lajovic
20260220,Hard,Vit Kopriva,Juan Manuel Cerundolo
20260220,Hard,Tomas Martin Etcheverry,Jaime Faria
20260220,Hard,Ignacio Buse,Matteo Berrettini
20260221,Hard,Alejandro Tabilo,Thiago Agustin Tirante
20260222,Hard,Tomas Martin Etcheverry,Vit Kopriva
20260222,Hard,Alejandro Tabilo,Ignacio Buse
20260222,Hard,Tomas Martin Etcheverry,Alejandro Tabilo
20260221,Hard,Vilius Gaubas,Joao Lucas Reis Da Silva
20260221,Hard,Hugo Dellien,Benjamin Torrealba
20260221,Hard,Andrea Pellegrino,Nicolas Villalon
20260221,Hard,Alex Barrena,Daniel Antonio Nunez
20260221,Hard,Dino Prizmic,Gustavo Heide
20260221,Hard,Adolfo Daniel Vallejo,Thiago Monteiro
20260221,Hard,Daniel Elahi Galan,Facundo Mena
20260221,Hard,Henrique Rocha,Orlando Luz
20260222,Hard,Alex Barrena,Vilius Gaubas
20260222,Hard,Dino Prizmic,Hugo Dellien
20260222,Hard,Andrea Pellegrino,Daniel Elahi Galan
20260222,Hard,Adolfo Daniel Vallejo,Henrique Rocha
20260223,Hard,Yannick Hanfmann,Dusan Lajovic
20260223,Hard,Andrea Pellegrino,Alex Barrena
20260223,Hard,Francisco Comesana,Pedro Martinez
20260223,Hard,Dino Prizmic,Nicolas Jarry
20260224,Hard,Elmer Moller,Roman Andres Burruchaga
20260224,Hard,Vilius Gaubas,Matias Soto
20260224,Hard,Emilio Nava,Matteo Berrettini
20260224,Hard,Mariano Navone,Vit Kopriva
20260224,Hard,Thiago Agustin Tirante,Ignacio Buse
20260224,Hard,Cristian Garin,Juan Manuel Cerundolo
20260224,Hard,Adolfo Daniel Vallejo,Francesco Passaro
20260225,Hard,Alejandro Tabilo,Tomas Barrios Vera
20260225,Hard,Yannick Hanfmann,Camilo Ugo Carabelli
20260225,Hard,Andrea Pellegrino,Francisco Comesana
20260225,Hard,Vilius Gaubas,Dino Prizmic
20260225,Hard,Luciano Darderi,Mariano Navone
20260226,Hard,Emilio Nava,Adolfo Daniel Vallejo
20260226,Hard,Francisco Cerundolo,Elmer Moller
20260226,Hard,Sebastian Baez,Cristian Garin
20260227,Hard,Alejandro Tabilo,Thiago Agustin Tirante
20260227,Hard,Yannick Hanfmann,Vilius Gaubas
20260227,Hard,Francisco Cerundolo,Emilio Nava
20260227,Hard,Luciano Darderi,Andrea Pellegrino
20260228,Hard,Sebastian Baez,Alejandro Tabilo
20260228,Hard,Yannick Hanfmann,Francisco Cerundolo
20260228,Hard,Luciano Darderi,Sebastian Baez
20260301,Hard,Luciano Darderi,Yannick Hanfmann
20260221,Hard,Elias Ymer,Mackenzie McDonald
20260221,Hard,Sho Shimabukuro,Rafael De Alba
20260221,Hard,Rinky Hijikata,Alan Magadan
20260222,Hard,Nicolas Mejia,Bernard Tomic
20260222,Hard,Zachary Svajda,Andres Martin
20260222,Hard,Wu Yibing,Juan Pablo Ficovich
20260222,Hard,Patrick Kypson,Stefan Kozlov
20260222,Hard,Chak Lam Coleman Wong,Alex Hernandez
20260223,Hard,Sho Shimabukuro,Zachary Svajda
20260223,Hard,Wu Yibing,Rinky Hijikata
20260223,Hard,Elias Ymer,Nicolas Mejia
20260223,Hard,Patrick Kypson,Chak Lam Coleman Wong
20260224,Hard,Miomir Kecmanovic,Tristan Schoolkate
20260224,Hard,Alejandro Davidovich Fokina,Daniel Altmaier
20260224,Hard,Brandon Nakashima,Elias Ymer
20260224,Hard,Patrick Kypson,Alex de Minaur
20260224,Hard,Valentin Vacherot,Chak Lam Coleman Wong
20260224,Hard,Aleksandar Kovacevic,Adam Walton
20260224,Hard,Rafael Jodar,Cameron Norrie
20260225,Hard,Flavio Cobolli,Rodrigo Pacheco Mendez
20260225,Hard,Terence Atmane,Grigor Dimitrov
20260225,Hard,Dalibor Svrcina,James Duckworth
20260225,Hard,Mattia Bellucci,Rinky Hijikata
20260225,Hard,Alexander Zverev,Corentin Moutet
20260225,Hard,Frances Tiafoe,Nuno Borges
20260225,Hard,Wu Yibing,Casper Ruud
20260225,Hard,Gael Monfils,Damir Dzumhur
20260225,Hard,Sho Shimabukuro,Adrian Mannarino
20260226,Hard,Flavio Cobolli,Dalibor Svrcina
20260226,Hard,Terence Atmane,Rafael Jodar
20260226,Hard,Miomir Kecmanovic,Alexander Zverev
20260226,Hard,Brandon Nakashima,Patrick Kypson
20260226,Hard,Wu Yibing,Sho Shimabukuro
20260226,Hard,Frances Tiafoe,Aleksandar Kovacevic
20260226,Hard,Mattia Bellucci,Alejandro Davidovich Fokina
20260226,Hard,Valentin Vacherot,Gael Monfils
20260227,Hard,Flavio Cobolli,Wu Yibing
20260227,Hard,Miomir Kecmanovic,Terence Atmane
20260227,Hard,Frances Tiafoe,Mattia Bellucci
20260227,Hard,Brandon Nakashima,Valentin Vacherot
20260228,Hard,Flavio Cobolli,Miomir Kecmanovic
20260228,Hard,Frances Tiafoe,Brandon Nakashima
20260301,Hard,Flavio Cobolli,Frances Tiafoe
20260301,Hard,Anastasia Zakharova,Caroline Dolehide
20260301,Hard,Nikola Bartunkova,Emerson Jones
20260301,Hard,Himeno Sakatsume,Simona Waltert
20260301,Hard,Linda Fruhvirtova,Varvara Lepchenko
20260301,Hard,Lulu Sun,Maddison Inglis
20260301,Hard,Diane Parry,Elizabeth Mandlik
20260301,Hard,Kamilla Rakhimova,Maria Lourdes Carle
20260301,Hard,Maria Timofeeva,Suzan Lamens
20260301,Hard,Elvina Kalieva,Yuliia Starodubtseva
20260301,Hard,Marina Stakusic,Viktorija Golubic
20260301,Hard,Darja Vidmanova,Martina Trevisan
20260301,Hard,Talia Gibson,Madison Brengle
20260301,Hard,Kayla Day,Aliaksandra Sasnovich
20260301,Hard,Leolia Jeanjean,Mary Stoiana
20260301,Hard,Darja Semenistaja,Whitney Osuigwe
20260301,Hard,Lanlana Tararudee,Julieta Pareja
20260302,Hard,Katie Boulter,Viktoriya Tomova
20260302,Hard,Dalma Galfi,Yuan Yue
20260302,Hard,Mananchaya Sawangkaew,Rebeka Masarova
20260302,Hard,Priscilla Hon,Renata Zarazua
20260302,Hard,Taylor Townsend,Joanna Garland
20260302,Hard,Akasha Urhobo,Louisa Chirico
20260302,Hard,Storm Hunter,Sinja Kraus
20260303,Hard,Victoria Jimenez Kasintseva,Lucrezia Stefanini
20260303,Hard,Talia Gibson,Elvina Kalieva
20260303,Hard,Kayla Day,Darja Semenistaja
20260303,Hard,Diane Parry,Lulu Sun
20260303,Hard,Kamilla Rakhimova,Maria Timofeeva
20260303,Hard,Marina Stakusic,Mananchaya Sawangkaew
20260303,Hard,Anastasia Zakharova,Linda Fruhvirtova
20260303,Hard,Victoria Jimenez Kasintseva,Katie Boulter
20260303,Hard,Lanlana Tararudee,Dalma Galfi
20260303,Hard,Darja Vidmanova,Priscilla Hon
20260303,Hard,Himeno Sakatsume,Nikola Bartunkova
20260303,Hard,Storm Hunter,Leolia Jeanjean
20260303,Hard,Taylor Townsend,Akasha Urhobo
20260304,Hard,Sorana Cirstea,Tatjana Maria
20260304,Hard,Kimberly Birrell,Oksana Selekhmeteva
20260304,Hard,Yulia Putintseva,Paula Badosa
20260304,Hard,Anastasia Potapova,Marina Stakusic
20260304,Hard,Ajla Tomljanovic,Elena-Gabriela Ruse
20260304,Hard,Zeynep Sonmez,McCartney Kessler
20260304,Hard,Talia Gibson,Ann Li
20260304,Hard,Jessica Bouzas Maneiro,Beatriz Haddad Maia
20260304,Hard,Anastasia Zakharova,Ella Seidel
20260304,Hard,Himeno Sakatsume,Alycia Parks
20260304,Hard,Victoria Jimenez Kasintseva,Catherine McNally
20260305,Hard,Anna Blinkova,Dalma Galfi
20260305,Hard,Jaqueline Cristian,Janice Tjen
20260305,Hard,Kamilla Rakhimova,Bianca Andreescu
20260305,Hard,Camila Osorio,Sloane Stephens
20260305,Hard,Dayana Yastremska,Zhang Shuai
20260305,Hard,Taylor Townsend,Marie Bouzkova
20260305,Hard,Ashlyn Krueger,Magda Linette
20260305,Hard,Sonay Kartal,Lanlana Tararudee
20260305,Hard,Laura Siegemund,Petra Marcinko
20260305,Hard,Donna Vekic,Tereza Valentova
20260305,Hard,Kayla Day,Francesca Jones
20260305,Hard,Diane Parry,Venus Williams
20260305,Hard,Anna Bondar,Elsa Jacquemot
20260305,Hard,Cristina Bucsa,Darja Vidmanova
20260305,Hard,Lilli Tagger,Varvara Gracheva
20260306,Hard,Katerina Siniakova,Sofia Kenin
20260306,Hard,Storm Hunter,Magdalena Frech
20260306,Hard,Katie Volynets,Rebecca Sramkova
20260306,Hard,Antonia Ruzic,Jennifer Brady
20260306,Hard,Hailey Baptiste,Emiliana Arango
20260306,Hard,Solana Sierra,Peyton Stearns
20260306,Hard,Victoria Mboko,Kimberly Birrell
20260306,Hard,Talia Gibson,Ekaterina Alexandrova
20260306,Hard,Linda Noskova,Jessica Bouzas Maneiro
20260306,Hard,Clara Tauson,Yulia Putintseva
20260306,Hard,Emma Raducanu,Anastasia Zakharova
20260306,Hard,Sorana Cirstea,Diana Shnaider
20260306,Hard,Anna Kalinskaya,Zeynep Sonmez
20260306,Hard,Aryna Sabalenka,Himeno Sakatsume
20260306,Hard,Ajla Tomljanovic,Wang Xinyu
20260306,Hard,Coco Gauff,Kamilla Rakhimova
20260306,Hard,Jasmine Paolini,Anastasia Potapova
20260306,Hard,Jaqueline Cristian,Maya Joint
20260307,Hard,Naomi Osaka,Victoria Jimenez Kasintseva
20260307,Hard,Camila Osorio,Iva Jovic
20260307,Hard,Amanda Anisimova,Anna Blinkova
20260307,Hard,Alexandra Eala,Dayana Yastremska
20260307,Hard,Karolina Muchova,Anna Bondar
20260307,Hard,Maria Sakkari,Lilli Tagger
20260307,Hard,Elena Rybakina,Hailey Baptiste
20260307,Hard,Belinda Bencic,Storm Hunter
20260307,Hard,Jelena Ostapenko,Katie Volynets
20260307,Hard,Sonay Kartal,Emma Navarro
20260307,Hard,Ashlyn Krueger,Liudmila Samsonova
20260307,Hard,Iga Swiatek,Kayla Day
20260307,Hard,Mirra Andreeva,Solana Sierra
20260307,Hard,Katerina Siniakova,Leylah Fernandez
20260307,Hard,Antonia Ruzic,Zheng Qinwen
20260308,Hard,Elise Mertens,Cristina Bucsa
20260308,Hard,Jessica Pegula,Donna Vekic
20260308,Hard,Madison Keys,Diane Parry
20260308,Hard,Marta Kostyuk,Taylor Townsend
20260308,Hard,Elina Svitolina,Laura Siegemund
20260308,Hard,Linda Noskova,Sorana Cirstea
20260308,Hard,Talia Gibson,Clara Tauson
20260308,Hard,Aryna Sabalenka,Jaqueline Cristian
20260308,Hard,Jasmine Paolini,Ajla Tomljanovic
20260308,Hard,Naomi Osaka,Camila Osorio
20260308,Hard,Amanda Anisimova,Emma Raducanu
20260309,Hard,Alexandra Eala,Coco Gauff
20260309,Hard,Victoria Mboko,Anna Kalinskaya
20260309,Hard,Jessica Pegula,Jelena Ostapenko
20260309,Hard,Karolina Muchova,Antonia Ruzic
20260309,Hard,Katerina Siniakova,Mirra Andreeva
20260309,Hard,Belinda Bencic,Elise Mertens
20260309,Hard,Elina Svitolina,Ashlyn Krueger
20260309,Hard,Iga Swiatek,Maria Sakkari
20260310,Hard,Sonay Kartal,Madison Keys
20260310,Hard,Elena Rybakina,Marta Kostyuk
20260310,Hard,Aryna Sabalenka,Naomi Osaka
20260310,Hard,Talia Gibson,Jasmine Paolini
20260311,Hard,Victoria Mboko,Amanda Anisimova
20260311,Hard,Linda Noskova,Alexandra Eala
20260311,Hard,Iga Swiatek,Karolina Muchova
20260311,Hard,Jessica Pegula,Belinda Bencic
20260311,Hard,Elina Svitolina,Katerina Siniakova
20260311,Hard,Elena Rybakina,Sonay Kartal
20260312,Hard,Aryna Sabalenka,Victoria Mboko
20260312,Hard,Linda Noskova,Talia Gibson
20260312,Hard,Elina Svitolina,Iga Swiatek
20260313,Hard,Elena Rybakina,Jessica Pegula
20260313,Hard,Aryna Sabalenka,Linda Noskova
20260314,Hard,Elena Rybakina,Elina Svitolina
20260315,Hard,Aryna Sabalenka,Elena Rybakina
20260302,Hard,Thiago Agustin Tirante,Izyan Ahmad
20260302,Hard,Sho Shimabukuro,Colton Smith
20260302,Hard,Martin Landaluce,Alexander Blockx
20260302,Hard,Francesco Maestrelli,Nicolas Jarry
20260302,Hard,Christopher O'Connell,Billy Harris
20260302,Hard,Shintaro Mochizuki,Federico Agustin Gomez
20260302,Hard,Benjamin Bonzi,Jack Pinnington Jones
20260302,Hard,Ignacio Buse,Liam Draxl
20260302,Hard,Dane Sweeny,Andrew Johnson
20260302,Hard,Tristan Schoolkate,Alex Bolt
20260302,Hard,Aleksandar Vukic,Stefano Travaglia
20260302,Hard,Daniel Merida,Patrick Kypson
20260302,Hard,Nikoloz Basilashvili,Nicolas Mejia
20260302,Hard,Dino Prizmic,Darwin Blanch
20260302,Hard,Rinky Hijikata,Leandro Riedi
20260302,Hard,Elias Ymer,Chak Lam Coleman Wong
20260302,Hard,Chun-Hsin Tseng,David Goffin
20260303,Hard,Mackenzie McDonald,Vitaliy Sachko
20260303,Hard,Roman Andres Burruchaga,Moez Echargui
20260303,Hard,Vit Kopriva,Rei Sakamoto
20260303,Hard,Alexis Galarneau,Luca Van Assche
20260303,Hard,Tomas Barrios Vera,Jagger Leach
20260303,Hard,Trevor Svajda,Luca Nardi
20260303,Hard,Dalibor Svrcina,Mitchell Krueger
20260303,Hard,Benjamin Bonzi,Shintaro Mochizuki
20260303,Hard,Sho Shimabukuro,Martin Landaluce
20260303,Hard,Daniel Merida,Dane Sweeny
20260303,Hard,Christopher O'Connell,Nikoloz Basilashvili
20260303,Hard,Francesco Maestrelli,Thiago Agustin Tirante
20260303,Hard,Dino Prizmic,Aleksandar Vukic
20260303,Hard,Tristan Schoolkate,Elias Ymer
20260303,Hard,Alexis Galarneau,Tomas Barrios Vera
20260304,Hard,Dalibor Svrcina,Vit Kopriva
20260304,Hard,Chun-Hsin Tseng,Roman Andres Burruchaga
20260304,Hard,Mackenzie McDonald,Trevor Svajda
20260304,Hard,Rinky Hijikata,Ignacio Buse
20260304,Hard,Camilo Ugo Carabelli,Martin Damm
20260304,Hard,Adam Walton,Quentin Halys
20260304,Hard,Marcos Giron,Mariano Navone
20260304,Hard,Miomir Kecmanovic,Daniel Altmaier
20260304,Hard,Zizou Bergs,Jan-Lennard Struff
20260304,Hard,Reilly Opelka,Ethan Quinn
20260304,Hard,Gabriel Diallo,Mattia Bellucci
20260304,Hard,Dalibor Svrcina,James Duckworth
20260304,Hard,Marton Fucsovics,Christopher O'Connell
20260304,Hard,Matteo Berrettini,Adrian Mannarino
20260305,Hard,Dino Prizmic,Tristan Schoolkate
20260305,Hard,Jenson Brooksby,Alexei Popyrin
20260305,Hard,Gael Monfils,Alexis Galarneau
20260305,Hard,Zachary Svajda,Marin Cilic
20260305,Hard,Joao Fonseca,Raphael Collignon
20260305,Hard,Denis Shapovalov,Stefanos Tsitsipas
20260305,Hard,Aleksandr Shevchenko,Sho Shimabukuro
20260305,Hard,Kamil Majchrzak,Giovanni Mpetshi Perricard
20260305,Hard,Grigor Dimitrov,Terence Atmane
20260305,Hard,Aleksandar Kovacevic,Hubert Hurkacz
20260305,Hard,Jacob Fearnley,Damir Dzumhur
20260305,Hard,Sebastian Baez,Chun-Hsin Tseng
20260305,Hard,Roberto Bautista Agut,Fabian Marozsan
20260305,Hard,Benjamin Bonzi,Valentin Royer
20260305,Hard,Alex Michelsen,Daniel Merida
20260306,Hard,Juan Manuel Cerundolo,Botic Van De Zandschulp
20260306,Hard,Alejandro Tabilo,Rafael Jodar
20260306,Hard,Nuno Borges,Emilio Nava
20260306,Hard,Rinky Hijikata,Francesco Maestrelli
20260306,Hard,Sebastian Korda,Francisco Comesana
20260306,Hard,Mackenzie McDonald,Matteo Arnaldi
20260306,Hard,Vit Kopriva,Michael Zheng
20260306,Hard,Learner Tien,Adam Walton
20260306,Hard,Flavio Cobolli,Miomir Kecmanovic
20260306,Hard,Alexander Zverev,Matteo Berrettini
20260306,Hard,Ben Shelton,Reilly Opelka
20260306,Hard,Marton Fucsovics,Lorenzo Musetti
20260306,Hard,Arthur Fils,Dino Prizmic
20260306,Hard,Brandon Nakashima,Camilo Ugo Carabelli
20260306,Hard,Felix Auger-Aliassime,Gael Monfils
20260306,Hard,Frances Tiafoe,Jenson Brooksby
20260307,Hard,Denis Shapovalov,Tomas Martin Etcheverry
20260307,Hard,Alejandro Davidovich Fokina,Zachary Svajda
20260307,Hard,Jannik Sinner,Dalibor Svrcina
20260307,Hard,Tommy Paul,Zizou Bergs
20260307,Hard,Jakub Mensik,Marcos Giron
20260307,Hard,Casper Ruud,Aleksandr Shevchenko
20260307,Hard,Aleksandar Kovacevic,Corentin Moutet
20260307,Hard,Jack Draper,Roberto Bautista Agut
20260307,Hard,Francisco Cerundolo,Benjamin Bonzi
20260307,Hard,Joao Fonseca,Karen Khachanov
20260307,Hard,Gabriel Diallo,Andrey Rublev
20260307,Hard,Valentin Vacherot,Nuno Borges
20260307,Hard,Novak Djokovic,Kamil Majchrzak
20260307,Hard,Arthur Rinderknech,Juan Manuel Cerundolo
20260307,Hard,Alex de Minaur,Sebastian Korda
20260307,Hard,Rinky Hijikata,Luciano Darderi
20260308,Hard,Cameron Norrie,Mackenzie McDonald
20260308,Hard,Carlos Alcaraz,Grigor Dimitrov
20260308,Hard,Taylor Fritz,Jacob Fearnley
20260308,Hard,Sebastian Baez,Jiri Lehecka
20260308,Hard,Alexander Bublik,Vit Kopriva
20260308,Hard,Alex Michelsen,Ugo Humbert
20260308,Hard,Daniil Medvedev,Alejandro Tabilo
20260308,Hard,Alexander Zverev,Brandon Nakashima
20260308,Hard,Learner Tien,Ben Shelton
20260308,Hard,Alejandro Davidovich Fokina,Jakub Mensik
20260308,Hard,Jannik Sinner,Denis Shapovalov
20260308,Hard,Arthur Fils,Marton Fucsovics
20260309,Hard,Frances Tiafoe,Flavio Cobolli
20260309,Hard,Felix Auger-Aliassime,Gabriel Diallo
20260309,Hard,Joao Fonseca,Tommy Paul
20260309,Hard,Novak Djokovic,Aleksandar Kovacevic
20260309,Hard,Cameron Norrie,Alex de Minaur
20260309,Hard,Rinky Hijikata,Alexander Bublik
20260309,Hard,Jack Draper,Francisco Cerundolo
20260309,Hard,Alex Michelsen,Taylor Fritz
20260309,Hard,Casper Ruud,Valentin Vacherot
20260310,Hard,Carlos Alcaraz,Arthur Rinderknech
20260310,Hard,Daniil Medvedev,Sebastian Baez
20260310,Hard,Arthur Fils,Felix Auger-Aliassime
20260310,Hard,Alexander Zverev,Frances Tiafoe
20260310,Hard,Learner Tien,Alejandro Davidovich Fokina
20260311,Hard,Jannik Sinner,Joao Fonseca
20260311,Hard,Cameron Norrie,Rinky Hijikata
20260311,Hard,Daniil Medvedev,Alex Michelsen
20260311,Hard,Carlos Alcaraz,Casper Ruud
20260312,Hard,Jack Draper,Novak Djokovic
20260312,Hard,Alexander Zverev,Arthur Fils
20260312,Hard,Jannik Sinner,Learner Tien
20260313,Hard,Daniil Medvedev,Jack Draper
20260313,Hard,Carlos Alcaraz,Cameron Norrie
20260314,Hard,Jannik Sinner,Alexander Zverev
20260314,Hard,Daniil Medvedev,Carlos Alcaraz
20260315,Hard,Jannik Sinner,Daniil Medvedev
20260316,Hard,Varvara Lepchenko,Victoria Jimenez Kasintseva
20260316,Hard,Katie Volynets,Priscilla Hon
20260316,Hard,Linda Fruhvirtova,Madison Brengle
20260316,Hard,Kimberly Birrell,Viktoriya Tomova
20260316,Hard,Yuan Yue,Reese Brantmeier
20260316,Hard,Talia Gibson,Ekaterine Gorgodze
20260316,Hard,Kamilla Rakhimova,Leolia Jeanjean
20260316,Hard,Aliaksandra Sasnovich,Ayla Aksu
20260316,Hard,Rebecca Sramkova,Erika Andreeva
20260316,Hard,Anastasia Zakharova,Louisa Chirico
20260316,Hard,Renata Zarazua,Martina Trevisan
20260316,Hard,Bianca Andreescu,Suzan Lamens
20260316,Hard,Rebeka Masarova,Storm Hunter
20260316,Hard,Lulu Sun,Maria Timofeeva
20260316,Hard,Elvina Kalieva,Marina Melnikova
20260316,Hard,Diane Parry,Lucrezia Stefanini
20260316,Hard,Donna Vekic,Whitney Osuigwe
20260316,Hard,Ella Seidel,Marina Stakusic
20260316,Hard,Darja Semenistaja,Monika Ekstrand
20260316,Hard,Viktorija Golubic,Thea Frodin
20260316,Hard,Sinja Kraus,Lola Radivojevic
20260316,Hard,Nikola Bartunkova,Caroline Dolehide
20260316,Hard,Mary Stoiana,Kaja Juvan
20260316,Hard,Yuliia Starodubtseva,Maddison Inglis
20260317,Hard,Anastasia Zakharova,Rebecca Sramkova
20260317,Hard,Talia Gibson,Kamilla Rakhimova
20260317,Hard,Katie Volynets,Bianca Andreescu
20260317,Hard,Linda Fruhvirtova,Varvara Lepchenko
20260317,Hard,Kimberly Birrell,Yuan Yue
20260317,Hard,Aliaksandra Sasnovich,Renata Zarazua
20260317,Hard,Rebeka Masarova,Ella Seidel
20260317,Hard,Elsa Jacquemot,Darja Vidmanova
20260317,Hard,Lulu Sun,Donna Vekic
20260317,Hard,Ajla Tomljanovic,Simona Waltert
20260317,Hard,Elvina Kalieva,Diane Parry
20260317,Hard,Magda Linette,Varvara Gracheva
20260317,Hard,Viktorija Golubic,Nikola Bartunkova
20260317,Hard,Sinja Kraus,Darja Semenistaja
20260317,Hard,Yuliia Starodubtseva,Mary Stoiana
20260317,Hard,McCartney Kessler,Magdalena Frech
20260317,Hard,Laura Siegemund,Petra Marcinko
20260317,Hard,Katie Boulter,Jessica Bouzas Maneiro
20260317,Hard,Sorana Cirstea,Zhang Shuai
20260317,Hard,Zeynep Sonmez,Beatriz Haddad Maia
20260317,Hard,Anna Blinkova,Sofia Kenin
20260318,Hard,Camila Osorio,Katerina Siniakova
20260319,Hard,Talia Gibson,Sara Bejlek
20260319,Hard,Paula Badosa,Aliaksandra Sasnovich
20260319,Hard,Tereza Valentova,Katie Volynets
20260319,Hard,Alycia Parks,Sinja Kraus
20260319,Hard,Elvina Kalieva,Dalma Galfi
20260319,Hard,Anastasia Zakharova,Anna Bondar
20260319,Hard,Alexandra Eala,Laura Siegemund
20260319,Hard,Yuliia Starodubtseva,Eva Lys
20260319,Hard,Elisabetta Cocciaretto,Darja Semenistaja
20260319,Hard,Francesca Jones,Venus Williams
20260319,Hard,Peyton Stearns,Viktorija Golubic
20260319,Hard,Lilli Tagger,Ella Seidel
20260319,Hard,Oksana Selekhmeteva,Emiliana Arango
20260319,Hard,Yulia Putintseva,Janice Tjen
20260319,Hard,Ann Li,Kimberly Birrell
20260319,Hard,Hailey Baptiste,Tatjana Maria
20260319,Hard,Catherine McNally,Rebeka Masarova
20260319,Hard,Kamilla Rakhimova,Solana Sierra
20260319,Hard,Dayana Yastremska,Ashlyn Krueger
20260319,Hard,Magda Linette,Iga Swiatek
20260319,Hard,Taylor Townsend,Lulu Sun
20260319,Hard,Marie Bouzkova,Elsa Jacquemot
20260319,Hard,Elena-Gabriela Ruse,Antonia Ruzic
20260319,Hard,Emerson Jones,Linda Fruhvirtova
20260319,Hard,Sloane Stephens,Jennifer Brady
20260320,Hard,Mirra Andreeva,McCartney Kessler
20260320,Hard,Victoria Mboko,Anna Blinkova
20260320,Hard,Diana Shnaider,Tereza Valentova
20260320,Hard,Anastasia Zakharova,Anna Kalinskaya
20260320,Hard,Sorana Cirstea,Linda Noskova
20260320,Hard,Belinda Bencic,Zeynep Sonmez
20260320,Hard,Amanda Anisimova,Ajla Tomljanovic
20260320,Hard,Alycia Parks,Maria Sakkari
20260320,Hard,Katie Boulter,Clara Tauson
20260320,Hard,Yuliia Starodubtseva,Cristina Bucsa
20260320,Hard,Jasmine Paolini,Taylor Townsend
20260320,Hard,Karolina Muchova,Camila Osorio
20260320,Hard,Elise Mertens,Elvina Kalieva
20260320,Hard,Coco Gauff,Elisabetta Cocciaretto
20260320,Hard,Hailey Baptiste,Liudmila Samsonova
20260320,Hard,Jelena Ostapenko,Dayana Yastremska
20260320,Hard,Ekaterina Alexandrova,Lilli Tagger
20260320,Hard,Catherine McNally,Wang Xinyu
20260320,Hard,Elina Svitolina,Emerson Jones
20260321,Hard,Marta Kostyuk,Kamilla Rakhimova
20260321,Hard,Aryna Sabalenka,Ann Li
20260321,Hard,Jaqueline Cristian,Peyton Stearns
20260321,Hard,Elena Rybakina,Yulia Putintseva
20260321,Hard,Leylah Fernandez,Oksana Selekhmeteva
20260321,Hard,Iva Jovic,Paula Badosa
20260321,Hard,Jessica Pegula,Francesca Jones
20260321,Hard,Zheng Qinwen,Sloane Stephens
20260321,Hard,Madison Keys,Elena-Gabriela Ruse
20260321,Hard,Talia Gibson,Naomi Osaka
20260321,Hard,Belinda Bencic,Diana Shnaider
20260321,Hard,Mirra Andreeva,Marie Bouzkova
20260321,Hard,Amanda Anisimova,Yuliia Starodubtseva
20260321,Hard,Victoria Mboko,Anastasia Zakharova
20260321,Hard,Karolina Muchova,Katie Boulter
20260321,Hard,Sorana Cirstea,Elise Mertens
20260321,Hard,Alexandra Eala,Magda Linette
20260321,Hard,Coco Gauff,Alycia Parks
20260322,Hard,Jelena Ostapenko,Jasmine Paolini
20260322,Hard,Jaqueline Cristian,Ekaterina Alexandrova
20260322,Hard,Jessica Pegula,Leylah Fernandez
20260322,Hard,Hailey Baptiste,Elina Svitolina
20260322,Hard,Talia Gibson,Iva Jovic
20260322,Hard,Elena Rybakina,Marta Kostyuk
20260322,Hard,Zheng Qinwen,Madison Keys
20260322,Hard,Aryna Sabalenka,Catherine McNally
20260323,Hard,Karolina Muchova,Alexandra Eala
20260323,Hard,Victoria Mboko,Mirra Andreeva
20260323,Hard,Coco Gauff,Sorana Cirstea
20260323,Hard,Hailey Baptiste,Jelena Ostapenko
20260323,Hard,Aryna Sabalenka,Zheng Qinwen
20260323,Hard,Jessica Pegula,Jaqueline Cristian
20260324,Hard,Elena Rybakina,Talia Gibson
20260324,Hard,Belinda Bencic,Amanda Anisimova
20260324,Hard,Karolina Muchova,Victoria Mboko
20260324,Hard,Coco Gauff,Belinda Bencic
20260325,Hard,Elena Rybakina,Jessica Pegula
20260325,Hard,Aryna Sabalenka,Hailey Baptiste
20260326,Hard,Coco Gauff,Karolina Muchova
20260327,Hard,Aryna Sabalenka,Elena Rybakina
20260328,Hard,Aryna Sabalenka,Coco Gauff
20260316,Hard,Bu Yunchaokete,Tristan Schoolkate
20260316,Hard,Arthur Fery,Roman Andres Burruchaga
20260316,Hard,Luca Van Assche,Benjamin Willwerth
20260316,Hard,Chak Lam Coleman Wong,Jack Pinnington Jones
20260316,Hard,Ignacio Buse,Moez Echargui
20260316,Hard,Yannick Hanfmann,Leandro Riedi
20260316,Hard,Sho Shimabukuro,Alex Bolt
20260316,Hard,Christopher O'Connell,Nicolas Mejia
20260316,Hard,Jay Clarke,Shintaro Mochizuki
20260316,Hard,Liam Draxl,Cristian Garin
20260316,Hard,Nikoloz Basilashvili,Patrick Kypson
20260316,Hard,Alexander Blockx,Chun-Hsin Tseng
20260316,Hard,Thiago Agustin Tirante,Diego Dedura
20260316,Hard,Benjamin Bonzi,Guto Miguel
20260316,Hard,Rafael Jodar,Manas Dhamne
20260316,Hard,Daniel Merida,Dalibor Svrcina
20260317,Hard,Rinky Hijikata,Dane Sweeny
20260317,Hard,Murphy Cassone,Francesco Maestrelli
20260317,Hard,Martin Landaluce,Mackenzie McDonald
20260317,Hard,Adam Walton,Chris Rodesch
20260317,Hard,Tomas Barrios Vera,Nishesh Basavareddy
20260317,Hard,Mattia Bellucci,Nicolas Jarry
20260317,Hard,Yannick Hanfmann,Luca Van Assche
20260317,Hard,Arthur Fery,Bu Yunchaokete
20260317,Hard,Ignacio Buse,Chak Lam Coleman Wong
20260317,Hard,Christopher O'Connell,Alexander Blockx
20260317,Hard,Aleksandar Vukic,Billy Harris
20260317,Hard,Zachary Svajda,Colton Smith
20260317,Hard,Nikoloz Basilashvili,Sho Shimabukuro
20260317,Hard,Liam Draxl,Jay Clarke
20260317,Hard,Rafael Jodar,Benjamin Bonzi
20260317,Hard,Adam Walton,Rinky Hijikata
20260317,Hard,Mattia Bellucci,Murphy Cassone
20260317,Hard,Tomas Barrios Vera,Aleksandar Vukic
20260317,Hard,Zachary Svajda,Daniel Merida
20260317,Hard,Martin Landaluce,Thiago Agustin Tirante
20260319,Hard,Roberto Bautista Agut,James Duckworth
20260319,Hard,Moise Kouame,Zachary Svajda
20260319,Hard,Rafael Jodar,Yannick Hanfmann
20260319,Hard,Mariano Navone,Nikoloz Basilashvili
20260319,Hard,Zizou Bergs,Jenson Brooksby
20260319,Hard,Adrian Mannarino,Zhang Zhizhen
20260319,Hard,Ethan Quinn,Hubert Hurkacz
20260319,Hard,Darwin Blanch,Jan-Lennard Struff
20260319,Hard,Martin Landaluce,Marcos Giron
20260319,Hard,Camilo Ugo Carabelli,Giovanni Mpetshi Perricard
20260319,Hard,Botic Van De Zandschulp,Denis Shapovalov
20260319,Hard,Matteo Berrettini,Alexandre Muller
20260319,Hard,Reilly Opelka,Nuno Borges
20260319,Hard,Stefanos Tsitsipas,Arthur Fery
20260319,Hard,Raphael Collignon,Grigor Dimitrov
20260319,Hard,Damir Dzumhur,Ignacio Buse
20260319,Hard,Joao Fonseca,Fabian Marozsan
20260319,Hard,Marin Cilic,Alexei Popyrin
20260319,Hard,Martin Damm,Jacob Fearnley
20260319,Hard,Tomas Machac,Emilio Nava
20260319,Hard,Kamil Majchrzak,Miomir Kecmanovic
20260319,Hard,Alejandro Tabilo,Francisco Comesana
20260319,Hard,Quentin Halys,Liam Draxl
20260320,Hard,Alex Michelsen,Mattia Bellucci
20260320,Hard,Terence Atmane,Daniel Altmaier
20260320,Hard,Thiago Agustin Tirante,Valentin Royer
20260320,Hard,Rei Sakamoto,Aleksandar Kovacevic
20260320,Hard,Ethan Quinn,Casper Ruud
20260320,Hard,Marton Fucsovics,Christopher O'Connell
20260320,Hard,Tommy Paul,Adrian Mannarino
20260320,Hard,Reilly Opelka,Jack Draper
20260320,Hard,Gabriel Diallo,Wu Yibing
20260320,Hard,Adam Walton,Sebastian Baez
20260320,Hard,Aleksandr Shevchenko,Matteo Arnaldi
20260320,Hard,Matteo Berrettini,Alexander Bublik
20260320,Hard,Taylor Fritz,Botic Van De Zandschulp
20260320,Hard,Karen Khachanov,Roberto Bautista Agut
20260320,Hard,Arthur Cazaux,Tomas Barrios Vera
20260320,Hard,Arthur Fils,Darwin Blanch
20260321,Hard,Sebastian Korda,Camilo Ugo Carabelli
20260321,Hard,Carlos Alcaraz,Joao Fonseca
20260321,Hard,Raphael Collignon,Flavio Cobolli
20260321,Hard,Stefanos Tsitsipas,Alex de Minaur
20260321,Hard,Jiri Lehecka,Moise Kouame
20260321,Hard,Martin Landaluce,Luciano Darderi
20260321,Hard,Valentin Vacherot,Mariano Navone
20260321,Hard,Tomas Martin Etcheverry,Zizou Bergs
20260321,Hard,Rafael Jodar,Aleksandar Vukic
20260321,Hard,Quentin Halys,Alejandro Davidovich Fokina
20260321,Hard,Kamil Majchrzak,Learner Tien
20260321,Hard,Terence Atmane,Arthur Rinderknech
20260321,Hard,Jannik Sinner,Damir Dzumhur
20260321,Hard,Felix Auger-Aliassime,Marton Fucsovics
20260321,Hard,Corentin Moutet,Tomas Machac
20260321,Hard,Daniil Medvedev,Rei Sakamoto
20260321,Hard,Alex Michelsen,Cameron Norrie
20260321,Hard,Alejandro Tabilo,Andrey Rublev
20260321,Hard,Jakub Mensik,Adam Walton
20260321,Hard,Francisco Cerundolo,Thiago Agustin Tirante
20260321,Hard,Ugo Humbert,Gabriel Diallo
20260321,Hard,Aleksandr Shevchenko,Ben Shelton
20260321,Hard,Frances Tiafoe,Arthur Cazaux
20260322,Hard,Marin Cilic,Brandon Nakashima
20260322,Hard,Alexander Zverev,Martin Damm
20260322,Hard,Jiri Lehecka,Ethan Quinn
20260322,Hard,Taylor Fritz,Reilly Opelka
20260322,Hard,Tomas Martin Etcheverry,Rafael Jodar
20260322,Hard,Sebastian Korda,Carlos Alcaraz
20260322,Hard,Tommy Paul,Raphael Collignon
20260322,Hard,Martin Landaluce,Karen Khachanov
20260322,Hard,Valentin Vacherot,Matteo Berrettini
20260323,Hard,Arthur Fils,Stefanos Tsitsipas
20260323,Hard,Ugo Humbert,Aleksandr Shevchenko
20260323,Hard,Francisco Cerundolo,Daniil Medvedev
20260323,Hard,Terence Atmane,Felix Auger-Aliassime
20260323,Hard,Frances Tiafoe,Jakub Mensik
20260323,Hard,Alex Michelsen,Alejandro Tabilo
20260323,Hard,Alexander Zverev,Marin Cilic
20260323,Hard,Quentin Halys,Kamil Majchrzak
20260323,Hard,Jannik Sinner,Corentin Moutet
20260324,Hard,Martin Landaluce,Sebastian Korda
20260324,Hard,Jiri Lehecka,Taylor Fritz
20260324,Hard,Arthur Fils,Valentin Vacherot
20260324,Hard,Tommy Paul,Tomas Martin Etcheverry
20260324,Hard,Jannik Sinner,Alex Michelsen
20260324,Hard,Frances Tiafoe,Terence Atmane
20260325,Hard,Francisco Cerundolo,Ugo Humbert
20260325,Hard,Alexander Zverev,Quentin Halys
20260325,Hard,Jiri Lehecka,Martin Landaluce
20260326,Hard,Arthur Fils,Tommy Paul
20260326,Hard,Jannik Sinner,Frances Tiafoe
20260326,Hard,Alexander Zverev,Francisco Cerundolo
20260327,Hard,Jiri Lehecka,Arthur Fils
20260327,Hard,Jannik Sinner,Alexander Zverev
20260329,Hard,Jannik Sinner,Jiri Lehecka
20260328,Hard,Clement Tabur,Daniel Elahi Galan
20260328,Hard,Darwin Blanch,Genaro Alberto Olivieri
20260328,Hard,Jack Pinnington Jones,J.J. Wolf
20260328,Hard,Alex Bolt,Alex Rybakov
20260328,Hard,Federico Agustin Gomez,Andres Martin
20260328,Hard,Liam Draxl,Mitchell Krueger
20260328,Hard,Alexis Galarneau,Gabriel Debru
20260328,Hard,Andy Andrade,Stefan Dostanic
20260329,Hard,Jack Pinnington Jones,Darwin Blanch
20260329,Hard,Federico Agustin Gomez,Clement Tabur
20260329,Hard,Alex Bolt,Andy Andrade
20260329,Hard,Liam Draxl,Alexis Galarneau
20260330,Hard,Adolfo Daniel Vallejo,Zachary Svajda
20260330,Hard,Zhang Zhizhen,Jack Pinnington Jones
20260330,Hard,Alex Bolt,Wu Yibing
20260330,Hard,Mackenzie McDonald,Jenson Brooksby
20260331,Hard,Thiago Agustin Tirante,Colton Smith
20260331,Hard,Nishesh Basavareddy,Liam Draxl
20260331,Hard,Tomas Martin Etcheverry,Federico Agustin Gomez
20260331,Hard,Brandon Nakashima,Martin Damm
20260331,Hard,Alex Michelsen,Chak Lam Coleman Wong
20260401,Hard,Rinky Hijikata,Aleksandar Kovacevic
20260401,Hard,Alexei Popyrin,Patrick Kypson
20260401,Hard,Roman Andres Burruchaga,Adam Walton
20260401,Hard,Tomas Martin Etcheverry,Alex Bolt
20260401,Hard,Thiago Agustin Tirante,Mackenzie McDonald
20260401,Hard,Ben Shelton,Zhang Zhizhen
20260402,Hard,Tommy Paul,Adolfo Daniel Vallejo
20260402,Hard,Roman Andres Burruchaga,Brandon Nakashima
20260402,Hard,Learner Tien,Nishesh Basavareddy
20260403,Hard,Frances Tiafoe,Rinky Hijikata
20260403,Hard,Alexei Popyrin,Alex Michelsen
20260403,Hard,Roman Andres Burruchaga,Learner Tien
20260403,Hard,Thiago Agustin Tirante,Ben Shelton
20260403,Hard,Tommy Paul,Tomas Martin Etcheverry
20260403,Hard,Frances Tiafoe,Alexei Popyrin
20260404,Hard,Roman Andres Burruchaga,Thiago Agustin Tirante
20260404,Hard,Tommy Paul,Frances Tiafoe
20260405,Hard,Tommy Paul,Roman Andres Burruchaga
20260329,Hard,Lloyd Harris,Pierre-Hugues Herbert
20260329,Hard,Dusan Lajovic,Jakub Paul
20260329,Hard,Moez Echargui,Younes Lalami
20260329,Hard,Timofey Skatov,Andrea Pellegrino
20260329,Hard,Nicolai Budkov Kjaer,Ilya Ivashka
20260329,Hard,Marco Trungelliti,Hynek Barton
20260329,Hard,Rei Sakamoto,Amine Jamji
20260329,Hard,Henrique Rocha,David Jorda Sanchis
20260330,Hard,Dusan Lajovic,Lloyd Harris
20260330,Hard,Timofey Skatov,Moez Echargui
20260330,Hard,Marco Trungelliti,Rei Sakamoto
20260330,Hard,Henrique Rocha,Nicolai Budkov Kjaer
20260330,Hard,Taha Baadi,Aleksandar Vukic
20260330,Hard,Karim Bennani,Quentin Halys
20260330,Hard,Yannick Hanfmann,Jesper de Jong
20260331,Hard,Kamil Majchrzak,Juan Manuel Cerundolo
20260331,Hard,Alexandre Muller,Federico Cina
20260331,Hard,Mattia Bellucci,Reda Bennani
20260331,Hard,Marco Trungelliti,Henrique Rocha
20260331,Hard,Ignacio Buse,Matteo Berrettini
20260331,Hard,Camilo Ugo Carabelli,Timofey Skatov
20260331,Hard,Luca Van Assche,Hugo Gaston
20260331,Hard,Rafael Jodar,Dusan Lajovic
20260401,Hard,Vit Kopriva,Hamad Medjedovic
20260401,Hard,Marco Trungelliti,Kamil Majchrzak
20260401,Hard,Corentin Moutet,Taha Baadi
20260401,Hard,Luciano Darderi,Mattia Bellucci
20260401,Hard,Yannick Hanfmann,Karim Bennani
20260402,Hard,Alexandre Muller,Vit Kopriva
20260402,Hard,Rafael Jodar,Tomas Machac
20260402,Hard,Camilo Ugo Carabelli,Ignacio Buse
20260402,Hard,Luca Van Assche,Tallon Griekspoor
20260402,Hard,Luciano Darderi,Yannick Hanfmann
20260403,Hard,Marco Trungelliti,Corentin Moutet
20260403,Hard,Rafael Jodar,Alexandre Muller
20260403,Hard,Camilo Ugo Carabelli,Luca Van Assche
20260404,Hard,Marco Trungelliti,Luciano Darderi
20260404,Hard,Rafael Jodar,Camilo Ugo Carabelli
20260405,Hard,Rafael Jodar,Marco Trungelliti
20260330,Hard,Stefanos Sakellaridis,Chun-Hsin Tseng
20260330,Hard,Nikoloz Basilashvili,Daniel Michalski
20260330,Hard,Jurij Rodionov,George Loffhagen
20260330,Hard,Dimitar Kuzmanov,Stefano Travaglia
20260330,Hard,Alex Molcan,Billy Harris
20260330,Hard,Jay Clarke,Gabriel Ghetu
20260330,Hard,Joel Josef Schwaerzler,Stefan Horia Haita
20260330,Hard,Daniel Merida,Saba Purtseladze
20260330,Hard,Nikoloz Basilashvili,Jurij Rodionov
20260331,Hard,Mariano Navone,Christopher O'Connell
20260331,Hard,Aleksandr Shevchenko,Radu David Turcanu
20260331,Hard,Elmer Moller,Gabi Adrian Boitan
20260331,Hard,Daniel Merida,Joel Josef Schwaerzler
20260331,Hard,Alex Molcan,Jay Clarke
20260331,Hard,Stefanos Sakellaridis,Dimitar Kuzmanov
20260331,Hard,Titouan Droguet,Roberto Bautista Agut
20260331,Hard,Botic Van De Zandschulp,Francesco Maestrelli
20260331,Hard,Damir Dzumhur,Filip Cristian Jianu
20260331,Hard,Stefanos Sakellaridis,Jan Choinski
20260331,Hard,Dino Prizmic,Nikoloz Basilashvili
20260331,Hard,Alex Molcan,Matteo Arnaldi
20260331,Hard,Daniel Merida,Otto Virtanen
20260331,Hard,Sebastian Baez,Vilius Gaubas
20260331,Hard,Daniel Altmaier,Pedro Martinez
20260401,Hard,Botic Van De Zandschulp,Aleksandr Shevchenko
20260401,Hard,Mariano Navone,Elmer Moller
20260401,Hard,Damir Dzumhur,Nuno Borges
20260401,Hard,Alex Molcan,Gabriel Diallo
20260403,Hard,Titouan Droguet,Sebastian Baez
20260403,Hard,Daniel Merida,Adrian Mannarino
20260403,Hard,Fabian Marozsan,Stefanos Sakellaridis
20260403,Hard,Daniel Altmaier,Dino Prizmic
20260403,Hard,Botic Van De Zandschulp,Damir Dzumhur
20260403,Hard,Mariano Navone,Alex Molcan
20260403,Hard,Daniel Merida,Titouan Droguet
20260403,Hard,Fabian Marozsan,Daniel Altmaier
20260404,Hard,Mariano Navone,Botic Van De Zandschulp
20260404,Hard,Daniel Merida,Fabian Marozsan
20260405,Hard,Mariano Navone,Daniel Merida
20260404,Hard,Emilio Nava,Quentin Halys
20260404,Hard,Pedro Martinez,Aleksandar Vukic
20260404,Hard,Juan Manuel Cerundolo,Hugo Nys
20260404,Hard,Roberto Bautista Agut,Benjamin Bonzi
20260404,Hard,David Goffin,Ignacio Buse
20260404,Hard,Nikoloz Basilashvili,Jan-Lennard Struff
20260404,Hard,Cristian Garin,Jesper de Jong
20260404,Hard,Francisco Comesana,Romain Arneodo
20260404,Hard,Ethan Quinn,Otto Virtanen
20260404,Hard,Alexander Blockx,Francesco Maestrelli
20260404,Hard,Aleksandr Shevchenko,Andrea Pellegrino
20260404,Hard,Matteo Arnaldi,Vit Kopriva
20260404,Hard,Alexandre Muller,Jan Choinski
20260404,Hard,Damir Dzumhur,Nicolai Budkov Kjaer
20260405,Hard,Cristian Garin,Nikoloz Basilashvili
20260405,Hard,Emilio Nava,David Goffin
20260405,Hard,Juan Manuel Cerundolo,Pedro Martinez
20260405,Hard,Francisco Comesana,Ethan Quinn
20260405,Hard,Alexander Blockx,Damir Dzumhur
20260405,Hard,Aleksandr Shevchenko,Roberto Bautista Agut
20260405,Hard,Cameron Norrie,Miomir Kecmanovic
20260405,Hard,Alexandre Muller,Matteo Arnaldi
20260405,Hard,Gael Monfils,Tallon Griekspoor
20260405,Hard,Alejandro Tabilo,Marton Fucsovics
20260405,Hard,Ugo Humbert,Moise Kouame
20260406,Hard,Arthur Rinderknech,Karen Khachanov
20260406,Hard,Andrey Rublev,Nuno Borges
20260406,Hard,Zizou Bergs,Adrian Mannarino
20260406,Hard,Sebastian Baez,Stan Wawrinka
20260406,Hard,Jiri Lehecka,Emilio Nava
20260406,Hard,Cristian Garin,Matteo Arnaldi
20260406,Hard,Francisco Cerundolo,Stefanos Tsitsipas
20260406,Hard,Tomas Machac,Daniel Altmaier
20260406,Hard,Alexander Blockx,Denis Shapovalov
20260406,Hard,Joao Fonseca,Gabriel Diallo
20260406,Hard,Valentin Vacherot,Juan Manuel Cerundolo
20260406,Hard,Flavio Cobolli,Francisco Comesana
20260407,Hard,Hubert Hurkacz,Luciano Darderi
20260407,Hard,Matteo Berrettini,Roberto Bautista Agut
20260407,Hard,Tomas Martin Etcheverry,Grigor Dimitrov
20260407,Hard,Jannik Sinner,Ugo Humbert
20260407,Hard,Marin Cilic,Aleksandr Shevchenko
20260407,Hard,Fabian Marozsan,Damir Dzumhur
20260407,Hard,Terence Atmane,Ethan Quinn
20260407,Hard,Carlos Alcaraz,Sebastian Baez
20260407,Hard,Casper Ruud,Alexei Popyrin
20260407,Hard,Corentin Moutet,Alexandre Muller
20260407,Hard,Alexander Bublik,Gael Monfils
20260407,Hard,Alex de Minaur,Cameron Norrie
20260408,Hard,Jiri Lehecka,Alejandro Tabilo
20260408,Hard,Matteo Berrettini,Daniil Medvedev
20260408,Hard,Zizou Bergs,Andrey Rublev
20260408,Hard,Alexander Zverev,Cristian Garin
20260408,Hard,Joao Fonseca,Arthur Rinderknech
20260408,Hard,Tomas Machac,Francisco Cerundolo
20260408,Hard,Felix Auger-Aliassime,Marin Cilic
20260408,Hard,Casper Ruud,Corentin Moutet
20260408,Hard,Tomas Martin Etcheverry,Terence Atmane
20260408,Hard,Alexander Blockx,Flavio Cobolli
20260408,Hard,Valentin Vacherot,Lorenzo Musetti
20260408,Hard,Hubert Hurkacz,Fabian Marozsan
20260409,Hard,Joao Fonseca,Matteo Berrettini
20260409,Hard,Alexander Zverev,Zizou Bergs
20260409,Hard,Felix Auger-Aliassime,Casper Ruud
20260409,Hard,Jannik Sinner,Tomas Machac
20260409,Hard,Alexander Bublik,Jiri Lehecka
20260409,Hard,Carlos Alcaraz,Tomas Martin Etcheverry
20260409,Hard,Alex de Minaur,Alexander Blockx
20260409,Hard,Valentin Vacherot,Hubert Hurkacz
20260410,Hard,Alexander Zverev,Joao Fonseca
20260410,Hard,Jannik Sinner,Felix Auger-Aliassime
20260410,Hard,Carlos Alcaraz,Alexander Bublik
20260410,Hard,Valentin Vacherot,Alex de Minaur
20260411,Hard,Jannik Sinner,Alexander Zverev
20260411,Hard,Carlos Alcaraz,Valentin Vacherot
20260412,Hard,Jannik Sinner,Carlos Alcaraz
20260411,Hard,Marc-Andrea Huesler,Jan Choinski
20260411,Hard,Vitaliy Sachko,Damir Dzumhur
20260411,Hard,Marko Topo,Ugo Blanchet
20260411,Hard,Aleksandr Shevchenko,Diego Dedura
20260411,Hard,Max Hans Rehberg,Arthur Fery
20260411,Hard,Alex Molcan,Roberto Carballes Baena
20260411,Hard,Emilio Nava,David Goffin
20260411,Hard,Sumit Nagal,Lorenzo Giustino
20260412,Hard,Marc-Andrea Huesler,Marko Topo
20260412,Hard,Vitaliy Sachko,Max Hans Rehberg
20260412,Hard,Alex Molcan,Emilio Nava
20260412,Hard,Diego Dedura,Sumit Nagal
20260413,Hard,Botic Van De Zandschulp,Marc-Andrea Huesler
20260413,Hard,Arthur Rinderknech,Alex Michelsen
20260413,Hard,Francisco Cerundolo,Sumit Nagal
20260413,Hard,Gabriel Diallo,Vitaliy Sachko
20260413,Hard,Ben Shelton,Emilio Nava
20260413,Hard,Alexander Blockx,Yannick Hanfmann
20260414,Hard,Luciano Darderi,Zhang Zhizhen
20260414,Hard,Denis Shapovalov,Tallon Griekspoor
20260414,Hard,Joao Fonseca,Alejandro Tabilo
20260414,Hard,Alexander Zverev,Miomir Kecmanovic
20260414,Hard,Vit Kopriva,Justin Engel
20260414,Hard,Flavio Cobolli,Diego Dedura
20260414,Hard,Daniel Altmaier,Marin Cilic
20260414,Hard,Alex Molcan,Alexander Bublik
20260414,Hard,Zizou Bergs,Marko Topo
20260415,Hard,Joao Fonseca,Arthur Rinderknech
20260415,Hard,Fabian Marozsan,Stefanos Tsitsipas
20260415,Hard,Ben Shelton,Alexander Blockx
20260415,Hard,Flavio Cobolli,Zizou Bergs
20260415,Hard,Vit Kopriva,Luciano Darderi
20260416,Hard,Francisco Cerundolo,Botic Van De Zandschulp
20260416,Hard,Alex Molcan,Daniel Altmaier
20260416,Hard,Alexander Zverev,Gabriel Diallo
20260416,Hard,Denis Shapovalov,Fabian Marozsan
20260417,Hard,Flavio Cobolli,Vit Kopriva
20260417,Hard,Alexander Zverev,Francisco Cerundolo
20260417,Hard,Ben Shelton,Joao Fonseca
20260417,Hard,Alex Molcan,Denis Shapovalov
20260418,Hard,Flavio Cobolli,Alexander Zverev
20260418,Hard,Ben Shelton,Alex Molcan
20260419,Hard,Ben Shelton,Flavio Cobolli
20260411,Hard,Otto Virtanen,Aleksandar Vukic
20260411,Hard,Daniel Merida,Francesco Maestrelli
20260411,Hard,Ethan Quinn,Nikoloz Basilashvili
20260411,Hard,Marco Trungelliti,Nicolai Budkov Kjaer
20260411,Hard,Jesper de Jong,Benjamin Bonzi
20260411,Hard,Alexandre Muller,Max Alcala Gurri
20260411,Hard,Sebastian Ofner,Alejo Sanchez Quilez
20260411,Hard,Pedro Martinez,Pablo Carreno Busta
20260411,Hard,Juan Manuel Cerundolo,Giulio Zeppieri
20260411,Hard,Patrick Kypson,Arthur Gea
20260411,Hard,Quentin Halys,Matteo Arnaldi
20260411,Hard,Hamad Medjedovic,Vilius Gaubas
20260412,Hard,Otto Virtanen,Alexandre Muller
20260412,Hard,Ethan Quinn,Daniel Merida
20260412,Hard,Juan Manuel Cerundolo,Jesper de Jong
20260412,Hard,Sebastian Ofner,Patrick Kypson
20260412,Hard,Hamad Medjedovic,Quentin Halys
20260412,Hard,Pedro Martinez,Marco Trungelliti
20260413,Hard,Corentin Moutet,Ignacio Buse
20260413,Hard,Tomas Martin Etcheverry,Jack Draper
20260413,Hard,Ethan Quinn,Reilly Opelka
20260413,Hard,Cameron Norrie,Stan Wawrinka
20260413,Hard,Hamad Medjedovic,Marco Trungelliti
20260413,Hard,Nuno Borges,Adrian Mannarino
20260413,Hard,Rafael Jodar,Jaume Munar
20260414,Hard,Alex de Minaur,Sebastian Ofner
20260414,Hard,Lorenzo Sonego,Pedro Martinez
20260414,Hard,Lorenzo Musetti,Martin Landaluce
20260414,Hard,Camilo Ugo Carabelli,Karen Khachanov
20260414,Hard,Tomas Machac,Sebastian Baez
20260414,Hard,Carlos Alcaraz,Otto Virtanen
20260414,Hard,Brandon Nakashima,Juan Manuel Cerundolo
20260414,Hard,Andrey Rublev,Mariano Navone
20260414,Hard,Arthur Fils,Terence Atmane
20260415,Hard,Nuno Borges,Tomas Martin Etcheverry
20260415,Hard,Hamad Medjedovic,Alex de Minaur
20260415,Hard,Rafael Jodar,Camilo Ugo Carabelli
20260415,Hard,Cameron Norrie,Ethan Quinn
20260416,Hard,Tomas Machac,Carlos Alcaraz
20260416,Hard,Andrey Rublev,Lorenzo Sonego
20260416,Hard,Lorenzo Musetti,Corentin Moutet
20260416,Hard,Arthur Fils,Brandon Nakashima
20260417,Hard,Hamad Medjedovic,Nuno Borges
20260417,Hard,Andrey Rublev,Tomas Machac
20260417,Hard,Arthur Fils,Lorenzo Musetti
20260417,Hard,Rafael Jodar,Cameron Norrie
20260418,Hard,Andrey Rublev,Hamad Medjedovic
20260418,Hard,Arthur Fils,Rafael Jodar
20260419,Hard,Arthur Fils,Andrey Rublev
20260420,Hard,Martin Damm,Andrea Pellegrino
20260420,Hard,Rei Sakamoto,Zachary Svajda
20260420,Hard,Vilius Gaubas,Arthur Gea
20260420,Hard,Cristian Garin,Ugo Blanchet
20260420,Hard,Titouan Droguet,Otto Virtanen
20260420,Hard,Elmer Moller,Hugo Gaston
20260420,Hard,Wu Yibing,Manas Dhamne
20260420,Hard,Pablo Llamas Ruiz,Aleksandar Vukic
20260420,Hard,Lloyd Harris,Mackenzie McDonald
20260420,Hard,Marco Trungelliti,Borna Gojo
20260420,Hard,Jaime Faria,Quentin Halys
20260420,Hard,Daniel Merida,Billy Harris
20260420,Hard,Diego Dedura,Luca Van Assche
20260420,Hard,Benjamin Bonzi,Darwin Blanch
20260420,Hard,Adolfo Daniel Vallejo,Pedro Martinez
20260420,Hard,Moez Echargui,Aleksandar Kovacevic
20260420,Hard,Henrique Rocha,Jan Choinski
20260420,Hard,Chris Rodesch,Rinky Hijikata
20260420,Hard,Dusan Lajovic,Matteo Arnaldi
20260420,Hard,Dino Prizmic,Christopher O'Connell
20260420,Hard,Nikoloz Basilashvili,Stefano Travaglia
20260420,Hard,Nicolai Budkov Kjaer,Francesco Maestrelli
20260420,Hard,Patrick Kypson,Moise Kouame
20260420,Hard,Zsombor Piros,Tomas Barrios Vera
20260421,Hard,Martin Damm,Cristian Garin
20260421,Hard,Vilius Gaubas,Rei Sakamoto
20260421,Hard,Elmer Moller,Pablo Llamas Ruiz
20260421,Hard,Daniel Merida,Marco Trungelliti
20260421,Hard,Titouan Droguet,Wu Yibing
20260421,Hard,Jaime Faria,Lloyd Harris
20260421,Hard,Benjamin Bonzi,Diego Dedura
20260421,Hard,Dusan Lajovic,Chris Rodesch
20260421,Hard,Nikoloz Basilashvili,Patrick Kypson
20260421,Hard,Adolfo Daniel Vallejo,Henrique Rocha
20260421,Hard,Nicolai Budkov Kjaer,Moez Echargui
20260421,Hard,Dino Prizmic,Zsombor Piros
20260422,Hard,Vit Kopriva,Zhang Zhizhen
20260422,Hard,Emilio Nava,Jenson Brooksby
20260422,Hard,Marin Cilic,Zizou Bergs
20260422,Hard,Ignacio Buse,Adrian Mannarino
20260422,Hard,Damir Dzumhur,Mattia Bellucci
20260422,Hard,Dino Prizmic,Matteo Berrettini
20260422,Hard,Jan-Lennard Struff,Alexandre Muller
20260422,Hard,Dusan Lajovic,Lorenzo Sonego
20260422,Hard,Sebastian Ofner,Nikoloz Basilashvili
20260422,Hard,Thiago Agustin Tirante,Roberto Bautista Agut
20260422,Hard,Elmer Moller,Federico Cina
20260422,Hard,Hubert Hurkacz,Jaime Faria
20260422,Hard,Benjamin Bonzi,Titouan Droguet
20260422,Hard,Tomas Machac,Francisco Comesana
20260422,Hard,Rafael Jodar,Jesper de Jong
20260422,Hard,Alejandro Tabilo,Valentin Royer
20260423,Hard,Terence Atmane,Miomir Kecmanovic
20260423,Hard,Yannick Hanfmann,Marcos Giron
20260423,Hard,Pablo Carreno Busta,Marton Fucsovics
20260423,Hard,Alexander Blockx,Cristian Garin
20260423,Hard,Fabian Marozsan,Ethan Quinn
20260423,Hard,Jaume Munar,Aleksandr Shevchenko
20260423,Hard,Mariano Navone,Nuno Borges
20260423,Hard,Martin Damm,Alexei Popyrin
20260423,Hard,Adolfo Daniel Vallejo,Grigor Dimitrov
20260423,Hard,Stefanos Tsitsipas,Patrick Kypson
20260423,Hard,Vilius Gaubas,Sebastian Baez
20260423,Hard,Juan Manuel Cerundolo,Daniel Altmaier
20260423,Hard,Camilo Ugo Carabelli,Gael Monfils
20260423,Hard,Daniel Merida,Marco Trungelliti
20260423,Hard,Adam Walton,Martin Landaluce
20260423,Hard,Nicolai Budkov Kjaer,Reilly Opelka
20260424,Hard,Alex Michelsen,Jan-Lennard Struff
20260424,Hard,Lorenzo Musetti,Hubert Hurkacz
20260424,Hard,Emilio Nava,Valentin Vacherot
20260424,Hard,Tallon Griekspoor,Damir Dzumhur
20260424,Hard,Arthur Rinderknech,Dusan Lajovic
20260424,Hard,Elmer Moller,Gabriel Diallo
20260424,Hard,Dino Prizmic,Ben Shelton
20260424,Hard,Jiri Lehecka,Alejandro Tabilo
20260424,Hard,Arthur Fils,Ignacio Buse
20260424,Hard,Jannik Sinner,Benjamin Bonzi
20260424,Hard,Tomas Martin Etcheverry,Sebastian Ofner
20260424,Hard,Vit Kopriva,Andrey Rublev
20260424,Hard,Cameron Norrie,Tomas Machac
20260424,Hard,Joao Fonseca,Marin Cilic
20260424,Hard,Rafael Jodar,Alex de Minaur
20260424,Hard,Thiago Agustin Tirante,Tommy Paul
20260425,Hard,Alejandro Davidovich Fokina,Pablo Carreno Busta
20260425,Hard,Francisco Cerundolo,Yannick Hanfmann
20260425,Hard,Karen Khachanov,Adam Walton
20260425,Hard,Jakub Mensik,Martin Damm
20260425,Hard,Luciano Darderi,Juan Manuel Cerundolo
20260425,Hard,Casper Ruud,Jaume Munar
20260425,Hard,Alexander Blockx,Brandon Nakashima
20260425,Hard,Terence Atmane,Ugo Humbert
20260425,Hard,Felix Auger-Aliassime,Vilius Gaubas
20260425,Hard,Alexander Zverev,Mariano Navone
20260425,Hard,Flavio Cobolli,Camilo Ugo Carabelli
20260425,Hard,Adolfo Daniel Vallejo,Learner Tien
20260425,Hard,Daniil Medvedev,Fabian Marozsan
20260425,Hard,Daniel Merida,Corentin Moutet
20260425,Hard,Nicolai Budkov Kjaer,Denis Shapovalov
20260425,Hard,Stefanos Tsitsipas,Alexander Bublik
20260426,Hard,Jiri Lehecka,Alex Michelsen
20260426,Hard,Lorenzo Musetti,Tallon Griekspoor
20260426,Hard,Tomas Martin Etcheverry,Dino Prizmic
20260426,Hard,Jannik Sinner,Elmer Moller
20260426,Hard,Arthur Fils,Emilio Nava
20260426,Hard,Cameron Norrie,Thiago Agustin Tirante
20260426,Hard,Vit Kopriva,Arthur Rinderknech
20260426,Hard,Rafael Jodar,Joao Fonseca
20260427,Hard,Casper Ruud,Alejandro Davidovich Fokina
20260427,Hard,Stefanos Tsitsipas,Daniel Merida
20260427,Hard,Francisco Cerundolo,Luciano Darderi
20260427,Hard,Daniil Medvedev,Nicolai Budkov Kjaer
20260427,Hard,Alexander Blockx,Felix Auger-Aliassime
20260427,Hard,Alexander Zverev,Terence Atmane
20260427,Hard,Flavio Cobolli,Adolfo Daniel Vallejo
20260427,Hard,Jakub Mensik,Karen Khachanov
20260428,Hard,Jannik Sinner,Cameron Norrie
20260428,Hard,Arthur Fils,Tomas Martin Etcheverry
20260428,Hard,Jiri Lehecka,Lorenzo Musetti
20260428,Hard,Casper Ruud,Stefanos Tsitsipas
20260428,Hard,Rafael Jodar,Vit Kopriva
20260428,Hard,Alexander Blockx,Francisco Cerundolo
20260428,Hard,Flavio Cobolli,Daniil Medvedev
20260428,Hard,Alexander Zverev,Jakub Mensik
20260429,Hard,Jannik Sinner,Rafael Jodar
20260429,Hard,Arthur Fils,Jiri Lehecka
20260430,Hard,Alexander Blockx,Casper Ruud
20260430,Hard,Alexander Zverev,Flavio Cobolli
20260501,Hard,Jannik Sinner,Arthur Fils
20260501,Hard,Alexander Zverev,Alexander Blockx
20260503,Hard,Jannik Sinner,Alexander Zverev
20260420,Hard,Dominika Salkova,Ruth Roura Llaverias
20260420,Hard,Nikola Bartunkova,Katarzyna Kawa
20260420,Hard,Alina Charaeva,Aliaksandra Sasnovich
20260420,Hard,Simona Waltert,Despina Papamichail
20260420,Hard,Anna Blinkova,Nuria Brancaccio
20260420,Hard,Elvina Kalieva,Suzan Lamens
20260420,Hard,Leolia Jeanjean,Donna Vekic
20260420,Hard,Rebeka Masarova,Rebecca Sramkova
20260420,Hard,Tyra Caterina Grant,Veronika Erjavec
20260420,Hard,Katie Volynets,Oceane Dodin
20260420,Hard,Tamara Korpatsch,Sara Sorribes Tormo
20260420,Hard,Panna Udvardy,Julieta Pareja
20260420,Hard,Darja Vidmanova,Lola Radivojevic
20260420,Hard,Anastasia Pavlyuchenkova,Viktoriya Tomova
20260420,Hard,Yuliia Starodubtseva,Lucrezia Stefanini
20260420,Hard,Dalma Galfi,Leyre Romero Gormaz
20260420,Hard,Daria Snigur,Nauhany Vitoria Leme Da Silva
20260420,Hard,Sloane Stephens,Diane Parry
20260420,Hard,Hanne Vandewinkel,Linda Fruhvirtova
20260420,Hard,Anhelina Kalinina,Marina Bassols Ribera
20260420,Hard,Alycia Parks,Elina Avanesyan
20260420,Hard,Anastasia Potapova,Teodora Kostovic
20260420,Hard,Sinja Kraus,Martina Trevisan
20260420,Hard,Ksenia Efremova,Lulu Sun
20260421,Hard,Laura Samson,Tatjana Maria
20260421,Hard,Petra Marcinko,Victoria Jimenez Kasintseva
20260421,Hard,Leolia Jeanjean,Rebeka Masarova
20260421,Hard,Simona Waltert,Dominika Salkova
20260421,Hard,Alina Charaeva,Nikola Bartunkova
20260421,Hard,Elvina Kalieva,Anna Blinkova
20260421,Hard,Laura Siegemund,Irina-Camelia Begu
20260421,Hard,Jessica Bouzas Maneiro,Beatriz Haddad Maia
20260421,Hard,Tyra Caterina Grant,Panna Udvardy
20260421,Hard,Katie Volynets,Tamara Korpatsch
20260421,Hard,Julia Grabher,Paula Badosa
20260421,Hard,Anna Bondar,Viktorija Golubic
20260421,Hard,Anastasia Pavlyuchenkova,Yuliia Starodubtseva
20260421,Hard,Daria Snigur,Hanne Vandewinkel
20260421,Hard,Magda Linette,Robin Montgomery
20260421,Hard,Kaitlin Quevedo,Venus Williams
20260421,Hard,Dalma Galfi,Darja Vidmanova
20260421,Hard,Anhelina Kalinina,Sloane Stephens
20260421,Hard,Camila Osorio,Anastasia Zakharova
20260421,Hard,Sinja Kraus,Anastasia Potapova
20260421,Hard,Alycia Parks,Ksenia Efremova
20260421,Hard,Peyton Stearns,Lois Boisson
20260422,Hard,Panna Udvardy,Kimberly Birrell
20260422,Hard,Zeynep Sonmez,Carlota Martinez Cirez
20260422,Hard,Elena-Gabriela Ruse,Antonia Ruzic
20260422,Hard,Zhang Shuai,Eva Lys
20260422,Hard,Daria Snigur,Daria Kasatkina
20260422,Hard,Dalma Galfi,Ajla Tomljanovic
20260422,Hard,Yuliia Starodubtseva,Moyuka Uchijima
20260422,Hard,Alycia Parks,Elisabetta Cocciaretto
20260422,Hard,Alexandra Eala,Anastasia Pavlyuchenkova
20260422,Hard,Anhelina Kalinina,Kamilla Rakhimova
20260422,Hard,Emiliana Arango,Talia Gibson
20260422,Hard,Yulia Putintseva,Tereza Valentova
20260422,Hard,Janice Tjen,Alina Charaeva
20260422,Hard,Solana Sierra,Dayana Yastremska
20260422,Hard,Simona Waltert,Oleksandra Oliynykova
20260422,Hard,Karolina Pliskova,Sinja Kraus
20260422,Hard,Leolia Jeanjean,Oksana Selekhmeteva
20260422,Hard,Sofia Kenin,Ashlyn Krueger
20260422,Hard,Katie Boulter,Taylor Townsend
20260422,Hard,Katerina Siniakova,Elvina Kalieva
20260422,Hard,Catherine McNally,Katie Volynets
20260422,Hard,Tyra Caterina Grant,Elsa Jacquemot
20260423,Hard,Belinda Bencic,Petra Marcinko
20260423,Hard,Jaqueline Cristian,Yuliia Starodubtseva
20260423,Hard,Anna Bondar,Elina Svitolina
20260423,Hard,Laura Samson,Wang Xinyu
20260423,Hard,Diana Shnaider,Jessica Bouzas Maneiro
20260423,Hard,Iga Swiatek,Daria Snigur
20260423,Hard,Anhelina Kalinina,Marie Bouzkova
20260423,Hard,Dalma Galfi,Anna Kalinskaya
20260423,Hard,Jasmine Paolini,Laura Siegemund
20260423,Hard,Aryna Sabalenka,Peyton Stearns
20260423,Hard,Ann Li,Alycia Parks
20260423,Hard,Naomi Osaka,Camila Osorio
20260423,Hard,Iva Jovic,Magda Linette
20260423,Hard,Leylah Fernandez,Julia Grabher
20260423,Hard,Mirra Andreeva,Panna Udvardy
20260423,Hard,Hailey Baptiste,Kaitlin Quevedo
20260424,Hard,Solana Sierra,Magdalena Frech
20260424,Hard,Anastasia Potapova,Zhang Shuai
20260424,Hard,Karolina Pliskova,Maria Sakkari
20260424,Hard,Zheng Qinwen,Sofia Kenin
20260424,Hard,Zeynep Sonmez,Cristina Bucsa
20260424,Hard,Liudmila Samsonova,Janice Tjen
20260424,Hard,Elise Mertens,Alexandra Eala
20260424,Hard,Elena Rybakina,Elena-Gabriela Ruse
20260424,Hard,Jelena Ostapenko,Simona Waltert
20260424,Hard,Sorana Cirstea,Tyra Caterina Grant
20260424,Hard,Linda Noskova,Emiliana Arango
20260424,Hard,Marta Kostyuk,Yulia Putintseva
20260424,Hard,Katerina Siniakova,Anna Blinkova
20260424,Hard,Coco Gauff,Leolia Jeanjean
20260424,Hard,Catherine McNally,Victoria Mboko
20260424,Hard,Jessica Pegula,Katie Boulter
20260425,Hard,Belinda Bencic,Diana Shnaider
20260425,Hard,Anna Bondar,Laura Samson
20260425,Hard,Leylah Fernandez,Iva Jovic
20260425,Hard,Mirra Andreeva,Dalma Galfi
20260425,Hard,Ann Li,Iga Swiatek
20260425,Hard,Hailey Baptiste,Jasmine Paolini
20260425,Hard,Aryna Sabalenka,Jaqueline Cristian
20260425,Hard,Naomi Osaka,Anhelina Kalinina
20260426,Hard,Solana Sierra,Zeynep Sonmez
20260426,Hard,Coco Gauff,Sorana Cirstea
20260426,Hard,Catherine McNally,Katerina Siniakova
20260426,Hard,Linda Noskova,Liudmila Samsonova
20260426,Hard,Karolina Pliskova,Elise Mertens
20260426,Hard,Marta Kostyuk,Jessica Pegula
20260426,Hard,Elena Rybakina,Zheng Qinwen
20260426,Hard,Anastasia Potapova,Jelena Ostapenko
20260427,Hard,Leylah Fernandez,Ann Li
20260427,Hard,Hailey Baptiste,Belinda Bencic
20260427,Hard,Aryna Sabalenka,Naomi Osaka
20260427,Hard,Karolina Pliskova,Solana Sierra
20260427,Hard,Mirra Andreeva,Anna Bondar
20260427,Hard,Linda Noskova,Coco Gauff
20260427,Hard,Marta Kostyuk,Catherine McNally
20260427,Hard,Anastasia Potapova,Elena Rybakina
20260428,Hard,Mirra Andreeva,Leylah Fernandez
20260428,Hard,Hailey Baptiste,Aryna Sabalenka
20260429,Hard,Anastasia Potapova,Karolina Pliskova
20260429,Hard,Marta Kostyuk,Linda Noskova
20260430,Hard,Mirra Andreeva,Hailey Baptiste
20260430,Hard,Marta Kostyuk,Anastasia Potapova
20260502,Hard,Marta Kostyuk,Mirra Andreeva
20260504,Hard,Daniel Merida,Mackenzie McDonald
20260504,Hard,Tomas Barrios Vera,Jacopo Vasami
20260504,Hard,Jesper de Jong,Pedro Martinez
20260504,Hard,Francisco Comesana,Billy Harris
20260504,Hard,Cristian Garin,Moez Echargui
20260504,Hard,Pablo Carreno Busta,Martin Damm
20260504,Hard,Stan Wawrinka,Stefano Travaglia
20260504,Hard,Hugo Dellien,Luca Van Assche
20260504,Hard,Leandro Riedi,Vilius Gaubas
20260504,Hard,Jan Choinski,Dusan Lajovic
20260504,Hard,Patrick Kypson,Jack Pinnington Jones
20260504,Hard,Titouan Droguet,Juan Cruz Martin Manzano
20260504,Hard,Andrea Pellegrino,Hugo Gaston
20260504,Hard,Nicolai Budkov Kjaer,Otto Virtanen
20260504,Hard,Martin Landaluce,Christopher O'Connell
20260504,Hard,Federico Bondioli,Emilio Nava
20260504,Hard,Jacob Fearnley,Shintaro Mochizuki
20260504,Hard,Dino Prizmic,Chris Rodesch
20260504,Hard,Aleksandar Kovacevic,Lorenzo Carboni
20260504,Hard,Dalibor Svrcina,Benjamin Bonzi
20260504,Hard,Pablo Llamas Ruiz,Henrique Rocha
20260504,Hard,Jaime Faria,Adolfo Daniel Vallejo
20260504,Hard,Nikoloz Basilashvili,Elmer Moller
20260504,Hard,Rinky Hijikata,Pierluigi Basile
20260505,Hard,Pablo Carreno Busta,Stan Wawrinka
20260505,Hard,Cristian Garin,Jan Choinski
20260505,Hard,Daniel Merida,Tomas Barrios Vera
20260505,Hard,Francisco Comesana,Leandro Riedi
20260505,Hard,Patrick Kypson,Titouan Droguet
20260505,Hard,Dalibor Svrcina,Nicolai Budkov Kjaer
20260505,Hard,Jesper de Jong,Hugo Dellien
20260505,Hard,Jacob Fearnley,Aleksandar Kovacevic
20260505,Hard,Dino Prizmic,Federico Bondioli
20260505,Hard,Pablo Llamas Ruiz,Jaime Faria
20260505,Hard,Andrea Pellegrino,Martin Landaluce
20260505,Hard,Nikoloz Basilashvili,Rinky Hijikata
20260506,Hard,Vit Kopriva,Fabian Marozsan
20260506,Hard,Sebastian Baez,Jenson Brooksby
20260506,Hard,Damir Dzumhur,Adrian Mannarino
20260506,Hard,Daniel Altmaier,Zhang Zhizhen
20260506,Hard,Zachary Svajda,Marco Trungelliti
20260506,Hard,Aleksandr Shevchenko,Camilo Ugo Carabelli
20260506,Hard,Yannick Hanfmann,Hubert Hurkacz
20260506,Hard,Botic Van De Zandschulp,Alexandre Muller
20260506,Hard,Jan-Lennard Struff,Francisco Comesana
20260506,Hard,Matteo Arnaldi,Jaume Munar
20260506,Hard,Aleksandar Vukic,Patrick Kypson
20260506,Hard,Nuno Borges,Jesper de Jong
20260506,Hard,Alejandro Tabilo,Pablo Carreno Busta
20260507,Hard,Miomir Kecmanovic,Dalibor Svrcina
20260507,Hard,Terence Atmane,Zizou Bergs
20260507,Hard,Nikoloz Basilashvili,Daniel Merida
20260507,Hard,Alexei Popyrin,Matteo Berrettini
20260507,Hard,Dino Prizmic,Marton Fucsovics
20260507,Hard,Giovanni Mpetshi Perricard,Jacob Fearnley
20260507,Hard,Marin Cilic,Marcos Giron
20260507,Hard,Alexander Blockx,Federico Cina
20260507,Hard,Mattia Bellucci,Roman Andres Burruchaga
20260507,Hard,Roberto Bautista Agut,Francesco Maestrelli
20260507,Hard,Pablo Llamas Ruiz,Ethan Quinn
20260507,Hard,Cristian Garin,Juan Manuel Cerundolo
20260507,Hard,Tomas Machac,Stefanos Tsitsipas
20260507,Hard,Thiago Agustin Tirante,Gianluca Cadenasso
20260507,Hard,Hamad Medjedovic,Valentin Royer
20260507,Hard,Ignacio Buse,Lorenzo Sonego
20260507,Hard,Sebastian Ofner,Alex Michelsen
20260507,Hard,Andrea Pellegrino,Luca Nardi
20260507,Hard,Mariano Navone,Denis Shapovalov
20260508,Hard,Rafael Jodar,Nuno Borges
20260508,Hard,Matteo Arnaldi,Alex de Minaur
20260508,Hard,Karen Khachanov,Aleksandr Shevchenko
20260508,Hard,Jiri Lehecka,Jan-Lennard Struff
20260508,Hard,Botic Van De Zandschulp,Aleksandar Kovacevic
20260508,Hard,Casper Ruud,Zachary Svajda
20260508,Hard,Alexander Zverev,Daniel Altmaier
20260508,Hard,Francisco Cerundolo,Alejandro Tabilo
20260508,Hard,Learner Tien,Damir Dzumhur
20260508,Hard,Alexander Blockx,Tallon Griekspoor
20260508,Hard,Dino Prizmic,Novak Djokovic
20260508,Hard,Alexander Bublik,Sebastian Baez
20260508,Hard,Tommy Paul,Aleksandar Vukic
20260508,Hard,Ugo Humbert,Vit Kopriva
20260508,Hard,Lorenzo Musetti,Giovanni Mpetshi Perricard
20260508,Hard,Luciano Darderi,Yannick Hanfmann
20260509,Hard,Daniil Medvedev,Tomas Machac
20260509,Hard,Thiago Agustin Tirante,Cameron Norrie
20260509,Hard,Pablo Llamas Ruiz,Corentin Moutet
20260509,Hard,Andrey Rublev,Miomir Kecmanovic
20260509,Hard,Martin Landaluce,Marin Cilic
20260509,Hard,Mariano Navone,Felix Auger-Aliassime
20260509,Hard,Alejandro Davidovich Fokina,Cristian Garin
20260509,Hard,Mattia Bellucci,Tomas Martin Etcheverry
20260509,Hard,Brandon Nakashima,Roberto Bautista Agut
20260509,Hard,Flavio Cobolli,Terence Atmane
20260509,Hard,Nikoloz Basilashvili,Ben Shelton
20260509,Hard,Frances Tiafoe,Ignacio Buse
20260509,Hard,Jannik Sinner,Sebastian Ofner
20260509,Hard,Hamad Medjedovic,Joao Fonseca
20260509,Hard,Andrea Pellegrino,Arthur Fils
20260509,Hard,Alexei Popyrin,Jakub Mensik
20260510,Hard,Casper Ruud,Jiri Lehecka
20260510,Hard,Alexander Zverev,Alexander Blockx
20260510,Hard,Dino Prizmic,Ugo Humbert
20260510,Hard,Lorenzo Musetti,Francisco Cerundolo
20260510,Hard,Karen Khachanov,Botic Van De Zandschulp
20260510,Hard,Learner Tien,Alexander Bublik
20260510,Hard,Luciano Darderi,Tommy Paul
20260510,Hard,Rafael Jodar,Matteo Arnaldi
20260511,Hard,Andrey Rublev,Alejandro Davidovich Fokina
20260511,Hard,Martin Landaluce,Mattia Bellucci
20260511,Hard,Nikoloz Basilashvili,Brandon Nakashima
20260511,Hard,Andrea Pellegrino,Frances Tiafoe
20260511,Hard,Hamad Medjedovic,Mariano Navone
20260511,Hard,Jannik Sinner,Alexei Popyrin
20260511,Hard,Daniil Medvedev,Pablo Llamas Ruiz
20260511,Hard,Thiago Agustin Tirante,Flavio Cobolli
20260512,Hard,Casper Ruud,Lorenzo Musetti
20260512,Hard,Karen Khachanov,Dino Prizmic
20260512,Hard,Rafael Jodar,Learner Tien
20260512,Hard,Luciano Darderi,Alexander Zverev
20260512,Hard,Jannik Sinner,Andrea Pellegrino
20260512,Hard,Andrey Rublev,Nikoloz Basilashvili
20260512,Hard,Martin Landaluce,Hamad Medjedovic
20260512,Hard,Daniil Medvedev,Thiago Agustin Tirante
20260513,Hard,Casper Ruud,Karen Khachanov
20260513,Hard,Luciano Darderi,Rafael Jodar
20260514,Hard,Jannik Sinner,Andrey Rublev
20260514,Hard,Daniil Medvedev,Martin Landaluce
20260515,Hard,Casper Ruud,Luciano Darderi
20260516,Hard,Jannik Sinner,Daniil Medvedev
20260517,Hard,Jannik Sinner,Casper Ruud
20260504,Hard,Leolia Jeanjean,Diane Parry
20260504,Hard,Ajla Tomljanovic,Marta Lombardini
20260504,Hard,Anastasia Potapova,Irina-Camelia Begu
20260504,Hard,Nikola Bartunkova,Ashlyn Krueger
20260504,Hard,Sinja Kraus,Dominika Salkova
20260504,Hard,Julia Grabher,Aliaksandra Sasnovich
20260504,Hard,Elena-Gabriela Ruse,Oceane Dodin
20260504,Hard,Daria Snigur,Samira De Stefano
20260504,Hard,Simona Waltert,Giorgia Pedone
20260504,Hard,Alina Korneeva,Ella Seidel
20260504,Hard,Lilli Tagger,Suzan Lamens
20260504,Hard,Yuan Yue,Kimberly Birrell
20260504,Hard,Dalma Galfi,Alycia Parks
20260504,Hard,Anhelina Kalinina,Camila Osorio
20260504,Hard,Noemi Basiletti,Emiliana Arango
20260504,Hard,Victoria Jimenez Kasintseva,Lulu Sun
20260504,Hard,Mayar Sherif,Anna Blinkova
20260504,Hard,Federica Urgesi,Renata Zarazua
20260504,Hard,Veronika Erjavec,Anastasia Pavlyuchenkova
20260504,Hard,Katie Volynets,Darja Semenistaja
20260504,Hard,Tamara Korpatsch,Beatrice Ricci
20260504,Hard,Jil Teichmann,Hanne Vandewinkel
20260504,Hard,Rebeka Masarova,Moyuka Uchijima
20260504,Hard,Taylor Townsend,Rebecca Sramkova
20260505,Hard,Dalma Galfi,Julia Grabher
20260505,Hard,Leolia Jeanjean,Ajla Tomljanovic
20260505,Hard,Anastasia Potapova,Nikola Bartunkova
20260505,Hard,Sinja Kraus,Elena-Gabriela Ruse
20260505,Hard,Simona Waltert,Yuan Yue
20260505,Hard,Barbora Krejcikova,Elsa Jacquemot
20260505,Hard,Alina Korneeva,Lilli Tagger
20260505,Hard,Zheng Qinwen,Anna Bondar
20260505,Hard,Oleksandra Oliynykova,Petra Marcinko
20260505,Hard,Noemi Basiletti,Daria Snigur
20260505,Hard,Bianca Andreescu,Sofia Kenin
20260505,Hard,Antonia Ruzic,Kamilla Rakhimova
20260505,Hard,Federica Urgesi,Veronika Erjavec
20260505,Hard,Anastasia Zakharova,Dayana Yastremska
20260505,Hard,McCartney Kessler,Lucia Bronzetti
20260505,Hard,Rebeka Masarova,Jil Teichmann
20260505,Hard,Tamara Korpatsch,Mayar Sherif
20260505,Hard,Taylor Townsend,Victoria Jimenez Kasintseva
20260505,Hard,Anhelina Kalinina,Katie Volynets
20260505,Hard,Zeynep Sonmez,Jennifer Ruggeri
20260505,Hard,Talia Gibson,Martina Trevisan
20260505,Hard,Ann Li,Zhang Shuai
20260506,Hard,Alexandra Eala,Magdalena Frech
20260506,Hard,Tatjana Maria,Magda Linette
20260506,Hard,Jelena Ostapenko,Lucrezia Stefanini
20260506,Hard,Panna Udvardy,Alina Korneeva
20260506,Hard,Leolia Jeanjean,Beatriz Haddad Maia
20260506,Hard,Katerina Siniakova,Lois Boisson
20260506,Hard,Tyra Caterina Grant,Lisa Pigato
20260506,Hard,Viktorija Golubic,Federica Urgesi
20260506,Hard,Laura Siegemund,Sara Bejlek
20260506,Hard,Taylor Townsend,Nuria Brancaccio
20260506,Hard,Peyton Stearns,Janice Tjen
20260506,Hard,Solana Sierra,Tamara Korpatsch
20260506,Hard,Maria Sakkari,Lilli Tagger
20260506,Hard,Tereza Valentova,Yulia Putintseva
20260506,Hard,Rebeka Masarova,Oksana Selekhmeteva
20260506,Hard,Anastasia Potapova,Dalma Galfi
20260506,Hard,Eva Lys,Katie Boulter
20260506,Hard,Karolina Pliskova,Jessica Bouzas Maneiro
20260506,Hard,Elisabetta Cocciaretto,Sinja Kraus
20260506,Hard,Catherine McNally,Daria Kasatkina
20260507,Hard,Mirra Andreeva,Antonia Ruzic
20260507,Hard,Zheng Qinwen,Cristina Bucsa
20260507,Hard,Elise Mertens,Panna Udvardy
20260507,Hard,Noemi Basiletti,Ajla Tomljanovic
20260507,Hard,Jasmine Paolini,Leolia Jeanjean
20260507,Hard,Simona Waltert,Yuliia Starodubtseva
20260507,Hard,Linda Noskova,Anastasia Zakharova
20260507,Hard,Sorana Cirstea,Tatjana Maria
20260507,Hard,Oleksandra Oliynykova,Clara Tauson
20260507,Hard,Viktorija Golubic,Maya Joint
20260507,Hard,Anna Kalinskaya,Katerina Siniakova
20260507,Hard,Coco Gauff,Tereza Valentova
20260507,Hard,Jelena Ostapenko,Elena-Gabriela Ruse
20260507,Hard,Belinda Bencic,Bianca Andreescu
20260507,Hard,Taylor Townsend,Marie Bouzkova
20260507,Hard,Solana Sierra,Anhelina Kalinina
20260507,Hard,Aryna Sabalenka,Barbora Krejcikova
20260507,Hard,Iva Jovic,McCartney Kessler
20260508,Hard,Iga Swiatek,Catherine McNally
20260508,Hard,Diana Shnaider,Talia Gibson
20260508,Hard,Alexandra Eala,Wang Xinyu
20260508,Hard,Liudmila Samsonova,Ann Li
20260508,Hard,Anastasia Potapova,Karolina Muchova
20260508,Hard,Madison Keys,Peyton Stearns
20260508,Hard,Naomi Osaka,Eva Lys
20260508,Hard,Jessica Pegula,Zeynep Sonmez
20260508,Hard,Laura Siegemund,Ekaterina Alexandrova
20260508,Hard,Hailey Baptiste,Simona Waltert
20260508,Hard,Nikola Bartunkova,Tyra Caterina Grant
20260508,Hard,Elina Svitolina,Noemi Basiletti
20260508,Hard,Karolina Pliskova,Jaqueline Cristian
20260508,Hard,Rebeka Masarova,Leylah Fernandez
20260508,Hard,Elisabetta Cocciaretto,Emma Navarro
20260508,Hard,Elena Rybakina,Maria Sakkari
20260509,Hard,Coco Gauff,Solana Sierra
20260509,Hard,Linda Noskova,Oleksandra Oliynykova
20260509,Hard,Elise Mertens,Jasmine Paolini
20260509,Hard,Jelena Ostapenko,Zheng Qinwen
20260509,Hard,Sorana Cirstea,Aryna Sabalenka
20260509,Hard,Mirra Andreeva,Viktorija Golubic
20260509,Hard,Iva Jovic,Taylor Townsend
20260509,Hard,Anna Kalinskaya,Belinda Bencic
20260510,Hard,Nikola Bartunkova,Madison Keys
20260510,Hard,Elina Svitolina,Hailey Baptiste
20260510,Hard,Jessica Pegula,Rebeka Masarova
20260510,Hard,Anastasia Potapova,Liudmila Samsonova
20260510,Hard,Naomi Osaka,Diana Shnaider
20260510,Hard,Elena Rybakina,Alexandra Eala
20260510,Hard,Iga Swiatek,Elisabetta Cocciaretto
20260510,Hard,Karolina Pliskova,Laura Siegemund
20260511,Hard,Sorana Cirstea,Linda Noskova
20260511,Hard,Coco Gauff,Iva Jovic
20260511,Hard,Jelena Ostapenko,Anna Kalinskaya
20260511,Hard,Mirra Andreeva,Elise Mertens
20260511,Hard,Elina Svitolina,Nikola Bartunkova
20260511,Hard,Jessica Pegula,Anastasia Potapova
20260511,Hard,Iga Swiatek,Naomi Osaka
20260511,Hard,Elena Rybakina,Karolina Pliskova
20260512,Hard,Sorana Cirstea,Jelena Ostapenko
20260512,Hard,Coco Gauff,Mirra Andreeva
20260513,Hard,Iga Swiatek,Jessica Pegula
20260513,Hard,Elina Svitolina,Elena Rybakina
20260514,Hard,Coco Gauff,Sorana Cirstea
20260514,Hard,Elina Svitolina,Iga Swiatek
20260516,Hard,Elina Svitolina,Coco Gauff
20260516,Hard,Edas Butvilas,Alexandre Muller
20260516,Hard,James Duckworth,Miguel Damas
20260516,Hard,Kilian Feldbausch,Sebastian Ofner
20260516,Hard,Nishesh Basavareddy,Daniel Elahi Galan
20260516,Hard,Raul Brancaccio,Tyler Zink
20260516,Hard,Francisco Comesana,Henry Bernet
20260516,Hard,Max Hans Rehberg,Zachary Svajda
20260516,Hard,Clement Tabur,Marc-Andrea Huesler
20260517,Hard,Nishesh Basavareddy,Kilian Feldbausch
20260517,Hard,Edas Butvilas,James Duckworth
20260517,Hard,Clement Tabur,Raul Brancaccio
20260517,Hard,Francisco Comesana,Max Hans Rehberg
20260517,Hard,Mariano Navone,Marco Trungelliti
20260518,Hard,Alex Michelsen,Sebastian Baez
20260518,Hard,Arthur Rinderknech,Thiago Agustin Tirante
20260518,Hard,Francisco Comesana,Valentin Royer
20260518,Hard,Stefanos Tsitsipas,Giovanni Mpetshi Perricard
20260518,Hard,Stan Wawrinka,Raul Brancaccio
20260518,Hard,Edas Butvilas,Lorenzo Sonego
20260519,Hard,Alexei Popyrin,Clement Tabur
20260519,Hard,Jaume Munar,Nishesh Basavareddy
20260519,Hard,Casper Ruud,Jenson Brooksby
20260519,Hard,Raphael Collignon,Adrian Mannarino
20260519,Hard,Laslo Djere,James Duckworth
20260520,Hard,Learner Tien,Stefanos Tsitsipas
20260520,Hard,Mariano Navone,Cameron Norrie
20260520,Hard,Alexei Popyrin,Taylor Fritz
20260520,Hard,Jaume Munar,Francisco Comesana
20260520,Hard,Casper Ruud,Raphael Collignon
20260520,Hard,Arthur Rinderknech,Laslo Djere
20260520,Hard,Alex Michelsen,Stan Wawrinka
20260520,Hard,Alexander Bublik,Edas Butvilas
20260521,Hard,Mariano Navone,Jaume Munar
20260521,Hard,Casper Ruud,Alexei Popyrin
20260521,Hard,Learner Tien,Alex Michelsen
20260521,Hard,Alexander Bublik,Arthur Rinderknech
20260522,Hard,Mariano Navone,Casper Ruud
20260522,Hard,Learner Tien,Alexander Bublik
20260523,Hard,Learner Tien,Mariano Navone
20260516,Hard,Henri Squire,Cristian Garin
20260516,Hard,Max Schoenhaus,Luca Van Assche
20260516,Hard,Rinky Hijikata,Taro Daniel
20260516,Hard,Marcos Giron,Sumit Nagal
20260516,Hard,Ignacio Buse,Niels McDonald
20260516,Hard,Aleksandar Kovacevic,Zhang Zhizhen
20260516,Hard,Arthur Gea,Mika Petkovic
20260516,Hard,Hugo Gaston,Marko Topo
20260517,Hard,Max Schoenhaus,Marcos Giron
20260517,Hard,Rinky Hijikata,Henri Squire
20260517,Hard,Ignacio Buse,Hugo Gaston
20260517,Hard,Arthur Gea,Aleksandar Kovacevic
20260517,Hard,Frances Tiafoe,Diego Dedura
20260517,Hard,Tommy Paul,Ethan Quinn
20260518,Hard,Camilo Ugo Carabelli,Kamil Majchrzak
20260518,Hard,Alex de Minaur,Francisco Cerundolo
20260518,Hard,Alejandro Davidovich Fokina,Corentin Moutet
20260518,Hard,Tomas Martin Etcheverry,Terence Atmane
20260518,Hard,Yannick Hanfmann,Max Schoenhaus
20260518,Hard,Daniel Altmaier,Rinky Hijikata
20260518,Hard,Ben Shelton,Marcos Giron
20260518,Hard,Jakub Mensik,Jan-Lennard Struff
20260519,Hard,Ignacio Buse,Flavio Cobolli
20260519,Hard,Aleksandar Kovacevic,Arthur Gea
20260519,Hard,Luciano Darderi,Roman Andres Burruchaga
20260519,Hard,Felix Auger-Aliassime,Vit Kopriva
20260519,Hard,Karen Khachanov,Hugo Gaston
20260519,Hard,Ugo Humbert,Justin Engel
20260519,Hard,Daniel Altmaier,Ben Shelton
20260520,Hard,Aleksandar Kovacevic,Felix Auger-Aliassime
20260520,Hard,Ignacio Buse,Jakub Mensik
20260520,Hard,Tommy Paul,Tomas Martin Etcheverry
20260520,Hard,Ugo Humbert,Karen Khachanov
20260520,Hard,Camilo Ugo Carabelli,Frances Tiafoe
20260520,Hard,Alex de Minaur,Alejandro Davidovich Fokina
20260520,Hard,Luciano Darderi,Yannick Hanfmann
20260521,Hard,Ignacio Buse,Ugo Humbert
20260521,Hard,Tommy Paul,Daniel Altmaier
20260521,Hard,Aleksandar Kovacevic,Camilo Ugo Carabelli
20260521,Hard,Alex de Minaur,Luciano Darderi
20260522,Hard,Ignacio Buse,Aleksandar Kovacevic
20260522,Hard,Tommy Paul,Alex de Minaur
20260523,Hard,Ignacio Buse,Tommy Paul
20260518,Hard,Guo Hanyu,Miriam Bulgaru
20260518,Hard,Sofia Costoulas,Tereza Mrdeza
20260518,Hard,Mai Hontama,Taylah Preston
20260518,Hard,Elena Pridankina,Victoria Jimenez Kasintseva
20260518,Hard,Julia Avdeeva,Eleejah Inisan
20260518,Hard,Despina Papamichail,Lanlana Tararudee
20260518,Hard,Kathinka von Deichmann,Joanna Garland
20260518,Hard,Himeno Sakatsume,Manon Leonard
20260518,Hard,Carole Monnet,Polina Iatcenko
20260518,Hard,Tamara Zidansek,Ekaterine Gorgodze
20260518,Hard,Maja Chwalinska,Alice Rame
20260518,Hard,Suzan Lamens,Lina Gjorcheska
20260518,Hard,Sinja Kraus,Celine Naef
20260518,Hard,Irina-Camelia Begu,Elizara Yaneva
20260518,Hard,Martina Trevisan,Gabriela Knutson
20260518,Hard,Mayar Sherif,Andrea Lazaro Garcia
20260518,Hard,Leyre Romero Gormaz,Ana Sofia Sanchez
20260518,Hard,Harriet Dart,Yuan Yue
20260518,Hard,Anna-Lena Friedsam,Mona Barthel
20260518,Hard,Lisa Pigato,Aliona Falei
20260518,Hard,Sloane Stephens,Carol Young Suh Lee
20260518,Hard,Noma Noha Akugue,Tatiana Prozorova
20260518,Hard,Greet Minnen,Anastasia Gasanova
20260518,Hard,Mary Stoiana,Selena Janicijevic
20260518,Hard,Lola Radivojevic,Linda Klimovicova
20260518,Hard,Alina Korneeva,Nao Hibino
20260518,Hard,Matilde Jorge,Elvina Kalieva
20260518,Hard,Jazmin Ortenzi,Arantxa Rus
20260518,Hard,Dominika Salkova,Veronika Podrez
20260518,Hard,Susan Bandecchi,Chloe Paquet
20260518,Hard,Aliaksandra Sasnovich,Whitney Osuigwe
20260518,Hard,Oceane Dodin,Kayla Day
20260519,Hard,Bianca Andreescu,Daphnée Mpetshi Perricard
20260519,Hard,Ashlyn Krueger,Margaux Rouvroy
20260519,Hard,Luisina Giovannini,Eva Guerrero Alvarez
20260519,Hard,Viktoria Hruncakova,Katherine Sebov
20260519,Hard,Karolina Pliskova,Yeonwoo Ku
20260519,Hard,Marina Bassols Ribera,Amandine Monnot
20260519,Hard,Julia Riera,Laura Samson
20260519,Hard,Robin Montgomery,Maddison Inglis
20260519,Hard,Guiomar Maristany Zuleta De Reales,Julie Belgraver
20260519,Hard,Kaitlin Quevedo,Nuria Brancaccio
20260519,Hard,Teodora Kostovic,Elizabeth Mandlik
20260519,Hard,Aoi Ito,Jeline Vandromme
20260519,Hard,Lulu Sun,Ma YeXin
20260519,Hard,Kaja Juvan,Anna Siskova
20260519,Hard,Claire Liu,Laura Pigossi
20260519,Hard,Darja Semenistaja,Iryna Shymanovich
20260519,Hard,Jessika Ponchet,Priscilla Hon
20260519,Hard,Katarzyna Kawa,Ayana Akli
20260519,Hard,Katarina Zavatska,Carol Zhao
20260519,Hard,Wang Xiyu,Kristina Mladenovic
20260519,Hard,Harmony Tan,Karman Thandi
20260519,Hard,Linda Fruhvirtova,Lucie Havlickova
20260519,Hard,Gao Xinyu,Darja Vidmanova
20260519,Hard,Maria Lourdes Carle,Rebeka Masarova
20260519,Hard,Lucia Bronzetti,Varvara Lepchenko
20260519,Hard,Maria Timofeeva,Cadence Brace
20260519,Hard,Storm Hunter,Tahlia Kokkinis
20260519,Hard,Lucrezia Stefanini,Alina Charaeva
20260519,Hard,Viktoriya Tomova,Irene Burillo
20260519,Hard,Polina Kudermetova,Anouk Koevermans
20260519,Hard,Francisca Jorge,You Xiaodi
20260519,Hard,Rebecca Sramkova,Kayla Cross
20260520,Hard,Sofia Costoulas,Mai Hontama
20260520,Hard,Guo Hanyu,Despina Papamichail
20260520,Hard,Maja Chwalinska,Carole Monnet
20260520,Hard,Sinja Kraus,Noma Noha Akugue
20260520,Hard,Anna-Lena Friedsam,Tamara Zidansek
20260520,Hard,Suzan Lamens,Irina-Camelia Begu
20260520,Hard,Sloane Stephens,Lisa Pigato
20260520,Hard,Kaitlin Quevedo,Teodora Kostovic
20260520,Hard,Greet Minnen,Lola Radivojevic
20260520,Hard,Leyre Romero Gormaz,Harriet Dart
20260520,Hard,Mayar Sherif,Martina Trevisan
20260520,Hard,Elena Pridankina,Julia Avdeeva
20260520,Hard,Himeno Sakatsume,Kathinka von Deichmann
20260520,Hard,Guiomar Maristany Zuleta De Reales,Kaja Juvan
20260520,Hard,Viktoria Hruncakova,Bianca Andreescu
20260520,Hard,Julia Riera,Robin Montgomery
20260520,Hard,Alina Korneeva,Jazmin Ortenzi
20260520,Hard,Mary Stoiana,Matilde Jorge
20260520,Hard,Marina Bassols Ribera,Karolina Pliskova
20260520,Hard,Ashlyn Krueger,Luisina Giovannini
20260520,Hard,Susan Bandecchi,Dominika Salkova
20260520,Hard,Wang Xiyu,Storm Hunter
20260520,Hard,Aliaksandra Sasnovich,Oceane Dodin
20260520,Hard,Linda Fruhvirtova,Jessika Ponchet
20260520,Hard,Lulu Sun,Aoi Ito
20260520,Hard,Harmony Tan,Gao Xinyu
20260520,Hard,Katarina Zavatska,Darja Semenistaja
20260520,Hard,Claire Liu,Katarzyna Kawa
20260520,Hard,Maria Lourdes Carle,Maria Timofeeva
20260520,Hard,Polina Kudermetova,Viktoriya Tomova
20260520,Hard,Lucia Bronzetti,Lucrezia Stefanini
20260520,Hard,Rebecca Sramkova,Francisca Jorge
20260521,Hard,Sinja Kraus,Anna-Lena Friedsam
20260521,Hard,Maja Chwalinska,Suzan Lamens
20260521,Hard,Sloane Stephens,Leyre Romero Gormaz
20260521,Hard,Mayar Sherif,Greet Minnen
20260521,Hard,Guo Hanyu,Sofia Costoulas
20260521,Hard,Elena Pridankina,Himeno Sakatsume
20260521,Hard,Alina Korneeva,Julia Riera
20260521,Hard,Ashlyn Krueger,Mary Stoiana
20260522,Hard,Linda Fruhvirtova,Harmony Tan
20260522,Hard,Marina Bassols Ribera,Aliaksandra Sasnovich
20260522,Hard,Susan Bandecchi,Viktoria Hruncakova
20260522,Hard,Kaitlin Quevedo,Guiomar Maristany Zuleta De Reales
20260522,Hard,Lucia Bronzetti,Katarina Zavatska
20260522,Hard,Claire Liu,Lulu Sun
20260522,Hard,Rebecca Sramkova,Maria Lourdes Carle
20260522,Hard,Wang Xiyu,Polina Kudermetova
20260524,Hard,Marta Kostyuk,Oksana Selekhmeteva
20260524,Hard,Wang Xinyu,Lilli Tagger
20260524,Hard,Catherine McNally,Ajla Tomljanovic
20260524,Hard,Marie Bouzkova,Lucia Bronzetti
20260524,Hard,Belinda Bencic,Sinja Kraus
20260524,Hard,Katie Volynets,Clara Burel
20260524,Hard,Yuliia Starodubtseva,Anna Blinkova
20260524,Hard,Wang Xiyu,Danka Kovinic
20260524,Hard,Magda Linette,Tereza Valentova
20260524,Hard,Hailey Baptiste,Barbora Krejcikova
20260524,Hard,Tamara Korpatsch,Sara Sorribes Tormo
20260524,Hard,Francesca Jones,Beatriz Haddad Maia
20260524,Hard,Magdalena Frech,Elena-Gabriela Ruse
20260524,Hard,Mirra Andreeva,Fiona Ferro
20260524,Hard,Solana Sierra,Emma Raducanu
20260524,Hard,Daria Snigur,Clara Tauson
20260524,Hard,Sara Bejlek,Sloane Stephens
20260524,Hard,Peyton Stearns,Sofia Kenin
20260524,Hard,Marina Bassols Ribera,Emiliana Arango
20260524,Hard,Sorana Cirstea,Ksenia Efremova
20260525,Hard,Daria Kasatkina,Zeynep Sonmez
20260525,Hard,Jasmine Paolini,Dayana Yastremska
20260525,Hard,Jil Teichmann,Liudmila Samsonova
20260525,Hard,Susan Bandecchi,Cristina Bucsa
20260525,Hard,Maja Chwalinska,Zheng Qinwen
20260525,Hard,Iga Swiatek,Emerson Jones
20260525,Hard,Julia Grabher,Rebecca Sramkova
20260525,Hard,Elise Mertens,Tatjana Maria
20260525,Hard,Elena Rybakina,Veronika Erjavec
20260525,Hard,Eva Lys,Petra Marcinko
20260525,Hard,Elina Svitolina,Anna Bondar
20260525,Hard,Anastasia Potapova,Maya Joint
20260525,Hard,Yulia Putintseva,Talia Gibson
20260525,Hard,Kaitlin Quevedo,Leolia Jeanjean
20260525,Hard,Viktorija Golubic,Panna Udvardy
20260525,Hard,Amanda Anisimova,Tiantsoa Rakotomanga Rajaonah
20260525,Hard,Kamilla Rakhimova,Jaqueline Cristian
20260525,Hard,Jelena Ostapenko,Ella Seidel
20260525,Hard,Katie Boulter,Akasha Urhobo
20260525,Hard,Camila Osorio,Ekaterina Alexandrova
20260525,Hard,McCartney Kessler,Guo Hanyu
20260525,Hard,Diana Shnaider,Renata Zarazua
20260525,Hard,Alycia Parks,Leylah Fernandez
20260525,Hard,Karolina Muchova,Anastasia Zakharova
20260526,Hard,Iva Jovic,Alexandra Eala
20260526,Hard,Emma Navarro,Janice Tjen
20260526,Hard,Donna Vekic,Alice Tubello
20260526,Hard,Claire Liu,Moyuka Uchijima
20260526,Hard,Aryna Sabalenka,Jessica Bouzas Maneiro
20260526,Hard,Maria Sakkari,Linda Noskova
20260526,Hard,Ann Li,Zhang Shuai
20260526,Hard,Mayar Sherif,Dalma Galfi
20260526,Hard,Naomi Osaka,Laura Siegemund
20260526,Hard,Coco Gauff,Taylor Townsend
20260526,Hard,Antonia Ruzic,Ashlyn Krueger
20260526,Hard,Elsa Jacquemot,Linda Fruhvirtova
20260526,Hard,Alina Korneeva,Elisabetta Cocciaretto
20260526,Hard,Diane Parry,Anhelina Kalinina
20260526,Hard,Anna Kalinskaya,Lois Boisson
20260526,Hard,Katerina Siniakova,Simona Waltert
20260526,Hard,Oleksandra Oliynykova,Elena Pridankina
20260526,Hard,Madison Keys,Hanne Vandewinkel
20260526,Hard,Victoria Mboko,Nikola Bartunkova
20260526,Hard,Kimberly Birrell,Jessica Pegula
20260527,Hard,Belinda Bencic,Catherine McNally
20260527,Hard,Tamara Korpatsch,Wang Xinyu
20260527,Hard,Iga Swiatek,Sara Bejlek
20260527,Hard,Peyton Stearns,Daria Snigur
20260527,Hard,Magda Linette,Jelena Ostapenko
20260527,Hard,Elina Svitolina,Kaitlin Quevedo
20260527,Hard,Viktorija Golubic,Alycia Parks
20260527,Hard,Marta Kostyuk,Katie Volynets
20260527,Hard,Marie Bouzkova,Francesca Jones
20260527,Hard,Yuliia Starodubtseva,Elena Rybakina
20260527,Hard,Jil Teichmann,Magdalena Frech
20260527,Hard,Solana Sierra,Jasmine Paolini
20260527,Hard,Wang Xiyu,Hailey Baptiste
20260527,Hard,Sorana Cirstea,Eva Lys
20260527,Hard,Mirra Andreeva,Marina Bassols Ribera
20260527,Hard,Karolina Muchova,Kamilla Rakhimova
20260528,Hard,Oleksandra Oliynykova,Kimberly Birrell
20260528,Hard,Naomi Osaka,Donna Vekic
20260528,Hard,Iva Jovic,Emma Navarro
20260528,Hard,Diana Shnaider,McCartney Kessler
20260528,Hard,Maja Chwalinska,Elise Mertens
20260528,Hard,Camila Osorio,Yulia Putintseva
20260528,Hard,Maria Sakkari,Claire Liu
20260528,Hard,Anna Kalinskaya,Alina Korneeva
20260528,Hard,Daria Kasatkina,Susan Bandecchi
20260528,Hard,Diane Parry,Ann Li
20260528,Hard,Amanda Anisimova,Julia Grabher
20260528,Hard,Coco Gauff,Mayar Sherif
20260528,Hard,Madison Keys,Antonia Ruzic
20260528,Hard,Aryna Sabalenka,Elsa Jacquemot
20260528,Hard,Anastasia Potapova,Katie Boulter
20260528,Hard,Victoria Mboko,Katerina Siniakova
20260529,Hard,Marta Kostyuk,Viktorija Golubic
20260529,Hard,Wang Xiyu,Yuliia Starodubtseva
20260529,Hard,Iga Swiatek,Magda Linette
20260529,Hard,Mirra Andreeva,Marie Bouzkova
20260529,Hard,Jil Teichmann,Karolina Muchova
20260529,Hard,Sorana Cirstea,Solana Sierra
20260529,Hard,Elina Svitolina,Tamara Korpatsch
20260529,Hard,Belinda Bencic,Peyton Stearns
20260530,Hard,Maja Chwalinska,Maria Sakkari
20260530,Hard,Naomi Osaka,Iva Jovic
20260530,Hard,Diana Shnaider,Oleksandra Oliynykova
20260530,Hard,Diane Parry,Amanda Anisimova
20260530,Hard,Aryna Sabalenka,Daria Kasatkina
20260530,Hard,Anna Kalinskaya,Camila Osorio
20260530,Hard,Anastasia Potapova,Coco Gauff
20260530,Hard,Madison Keys,Victoria Mboko
20260531,Hard,Sorana Cirstea,Wang Xiyu
20260531,Hard,Marta Kostyuk,Iga Swiatek
20260531,Hard,Elina Svitolina,Belinda Bencic
20260531,Hard,Mirra Andreeva,Jil Teichmann
20260601,Hard,Anna Kalinskaya,Anastasia Potapova
20260601,Hard,Diana Shnaider,Madison Keys
20260601,Hard,Maja Chwalinska,Diane Parry
20260601,Hard,Aryna Sabalenka,Naomi Osaka
20260602,Hard,Mirra Andreeva,Sorana Cirstea
20260602,Hard,Marta Kostyuk,Elina Svitolina
20260603,Hard,Maja Chwalinska,Anna Kalinskaya
20260603,Hard,Diana Shnaider,Aryna Sabalenka
20260604,Hard,Mirra Andreeva,Marta Kostyuk
20260604,Hard,Maja Chwalinska,Diana Shnaider
20260606,Hard,Mirra Andreeva,Maja Chwalinska
20260518,Hard,Jesper de Jong,Sun Fajing
20260518,Hard,Lloyd Harris,Hugo Grenier
20260518,Hard,Stefano Travaglia,Juan Pablo Ficovich
20260518,Hard,Michael Zheng,Antoine Ghibaudo
20260518,Hard,Liam Draxl,Ilia Simakin
20260518,Hard,Andrea Pellegrino,Nicolas Moreno De Alboran
20260518,Hard,August Holmgren,Otto Virtanen
20260518,Hard,Thomas Faurel,Genaro Alberto Olivieri
20260518,Hard,Stefanos Sakellaridis,Sho Shimabukuro
20260518,Hard,Daniel Jade,Daniel Evans
20260518,Hard,Facundo Diaz Acosta,Christopher O'Connell
20260518,Hard,Remy Bertola,Shintaro Mochizuki
20260518,Hard,Marco Cecchinato,Max Houkes
20260518,Hard,Jay Clarke,Dane Sweeny
20260518,Hard,David Goffin,Chun-Hsin Tseng
20260518,Hard,Daniil Glinka,Robin Bertrand
20260518,Hard,Dalibor Svrcina,Guy Den Ouden
20260518,Hard,Toby Samuel,Martin Damm
20260518,Hard,Federico Agustin Gomez,Frederico Ferreira Silva
20260518,Hard,Pedro Boscardin Dias,Nikoloz Basilashvili
20260518,Hard,Juan Carlos Prado Angelo,Mackenzie McDonald
20260518,Hard,Alexis Galarneau,Alex Barrena
20260518,Hard,Federico Cina,Yosuke Watanuki
20260518,Hard,Gonzalo Bueno,Florent Bax
20260518,Hard,Lukas Neumayer,Alex Bolt
20260518,Hard,Pablo Llamas Ruiz,Nicolas Mejia
20260518,Hard,Ugo Blanchet,Charles Broom
20260518,Hard,Alejandro Moro Canas,Stefano Napolitano
20260518,Hard,Bernard Tomic,Moez Echargui
20260518,Hard,Vitaliy Sachko,Jack Pinnington Jones
20260518,Hard,Vilius Gaubas,Federico Coria
20260518,Hard,Joao Lucas Reis Da Silva,Calvin Hemery
20260519,Hard,Jurij Rodionov,Dusan Lajovic
20260519,Hard,Borna Gojo,Sascha Gueymard Wayenburg
20260519,Hard,Colton Smith,Alvaro Guillen Meza
20260519,Hard,Zdenek Kolar,James McCabe
20260519,Hard,Chak Lam Coleman Wong,Billy Harris
20260519,Hard,Gustavo Heide,Dan Added
20260519,Hard,Jaime Faria,Grigor Dimitrov
20260519,Hard,Alex Molcan,Oliver Crawford
20260519,Hard,Francesco Maestrelli,Rio Noguchi
20260519,Hard,Roberto Carballes Baena,Lautaro Midon
20260519,Hard,Matej Dodig,Zhou Yi
20260519,Hard,Hugo Dellien,Sean Cuenin
20260519,Hard,Felix Gill,Aziz Dougaz
20260519,Hard,Pierre-Hugues Herbert,Kaichi Uchida
20260519,Hard,Kyrian Jacquet,Lorenzo Giustino
20260519,Hard,Henrique Rocha,Zsombor Piros
20260519,Hard,Leandro Riedi,Chris Rodesch
20260519,Hard,Jan Choinski,Andy Andrade
20260519,Hard,Roman Safiullin,Mark Lajal
20260519,Hard,Pedro Martinez,Rei Sakamoto
20260519,Hard,Nerman Fatic,Luka Mikrut
20260519,Hard,Thiago Seyboth Wild,Yu Hsiou Hsu
20260519,Hard,Gianluca Cadenasso,Liam Broady
20260519,Hard,Joel Josef Schwaerzler,Clement Chidekh
20260519,Hard,Emilio Nava,Bu Yunchaokete
20260519,Hard,Tomas Barrios Vera,Harold Mayot
20260519,Hard,Arthur Fery,Elias Ymer
20260519,Hard,Luka Pavlovic,Harry Wendelken
20260519,Hard,Tristan Schoolkate,Kimmer Coppejans
20260519,Hard,Nicolai Budkov Kjaer,Gilles Arnaud Bailly
20260519,Hard,Tom Gentzsch,Jerome Kym
20260519,Hard,Darwin Blanch,Timofey Skatov
20260520,Hard,Dalibor Svrcina,Federico Agustin Gomez
20260520,Hard,Marco Cecchinato,Stefanos Sakellaridis
20260520,Hard,Facundo Diaz Acosta,Remy Bertola
20260520,Hard,Jesper de Jong,Liam Draxl
20260520,Hard,Michael Zheng,Stefano Travaglia
20260520,Hard,Thomas Faurel,Jay Clarke
20260520,Hard,Andrea Pellegrino,Lloyd Harris
20260520,Hard,August Holmgren,Daniel Jade
20260520,Hard,Federico Cina,Bernard Tomic
20260520,Hard,Pablo Llamas Ruiz,Ugo Blanchet
20260520,Hard,Toby Samuel,David Goffin
20260520,Hard,Gonzalo Bueno,Vitaliy Sachko
20260520,Hard,Juan Carlos Prado Angelo,Daniil Glinka
20260520,Hard,Lukas Neumayer,Alejandro Moro Canas
20260520,Hard,Alexis Galarneau,Pedro Boscardin Dias
20260520,Hard,Jurij Rodionov,Gustavo Heide
20260520,Hard,Jaime Faria,Colton Smith
20260520,Hard,Roberto Carballes Baena,Francesco Maestrelli
20260520,Hard,Chak Lam Coleman Wong,Zdenek Kolar
20260520,Hard,Borna Gojo,Henrique Rocha
20260520,Hard,Felix Gill,Alex Molcan
20260520,Hard,Pedro Martinez,Arthur Fery
20260520,Hard,Kyrian Jacquet,Nerman Fatic
20260520,Hard,Hugo Dellien,Matej Dodig
20260520,Hard,Pierre-Hugues Herbert,Jan Choinski
20260520,Hard,Vilius Gaubas,Joao Lucas Reis Da Silva
20260520,Hard,Tom Gentzsch,Nicolai Budkov Kjaer
20260520,Hard,Roman Safiullin,Joel Josef Schwaerzler
20260520,Hard,Emilio Nava,Thiago Seyboth Wild
20260520,Hard,Luka Pavlovic,Tomas Barrios Vera
20260520,Hard,Leandro Riedi,Gianluca Cadenasso
20260520,Hard,Darwin Blanch,Tristan Schoolkate
20260521,Hard,Michael Zheng,Jesper de Jong
20260521,Hard,Andrea Pellegrino,Marco Cecchinato
20260521,Hard,Facundo Diaz Acosta,August Holmgren
20260521,Hard,Toby Samuel,Gonzalo Bueno
20260521,Hard,Thomas Faurel,Dalibor Svrcina
20260521,Hard,Juan Carlos Prado Angelo,Chak Lam Coleman Wong
20260521,Hard,Jaime Faria,Lukas Neumayer
20260522,Hard,Hugo Dellien,Roberto Carballes Baena
20260522,Hard,Jurij Rodionov,Borna Gojo
20260522,Hard,Pablo Llamas Ruiz,Vilius Gaubas
20260522,Hard,Roman Safiullin,Tom Gentzsch
20260522,Hard,Emilio Nava,Pedro Martinez
20260522,Hard,Luka Pavlovic,Darwin Blanch
20260522,Hard,Kyrian Jacquet,Felix Gill
20260524,Hard,Karen Khachanov,Arthur Gea
20260524,Hard,James Duckworth,Gabriel Diallo
20260524,Hard,Alejandro Davidovich Fokina,Damir Dzumhur
20260524,Hard,Thiago Agustin Tirante,Pablo Llamas Ruiz
20260524,Hard,Miomir Kecmanovic,Fabian Marozsan
20260524,Hard,Marco Trungelliti,Kyrian Jacquet
20260524,Hard,Tomas Machac,Zizou Bergs
20260524,Hard,Alexander Zverev,Benjamin Bonzi
20260524,Hard,Jakub Mensik,Titouan Droguet
20260524,Hard,Federico Cina,Reilly Opelka
20260524,Hard,Nuno Borges,Tomas Martin Etcheverry
20260524,Hard,Dino Prizmic,Michael Zheng
20260524,Hard,Joao Fonseca,Luka Pavlovic
20260524,Hard,Quentin Halys,Mattia Bellucci
20260524,Hard,Nishesh Basavareddy,Taylor Fritz
20260524,Hard,Alexander Blockx,Chak Lam Coleman Wong
20260524,Hard,Hamad Medjedovic,Yannick Hanfmann
20260524,Hard,Lorenzo Sonego,Pierre-Hugues Herbert
20260524,Hard,Valentin Royer,Hugo Dellien
20260524,Hard,Novak Djokovic,Giovanni Mpetshi Perricard
20260525,Hard,Alex Michelsen,Aleksandr Shevchenko
20260525,Hard,Arthur Rinderknech,Jurij Rodionov
20260525,Hard,Pablo Carreno Busta,Jiri Lehecka
20260525,Hard,Matteo Berrettini,Marton Fucsovics
20260525,Hard,Alex de Minaur,Toby Samuel
20260525,Hard,Luca Van Assche,Vilius Gaubas
20260525,Hard,Frances Tiafoe,Eliot Spizzirri
20260525,Hard,Rafael Jodar,Aleksandar Kovacevic
20260525,Hard,Jesper de Jong,Stan Wawrinka
20260525,Hard,Brandon Nakashima,Roberto Bautista Agut
20260525,Hard,Thanasi Kokkinakis,Terence Atmane
20260525,Hard,Mariano Navone,Jenson Brooksby
20260525,Hard,Camilo Ugo Carabelli,Emilio Nava
20260525,Hard,Ugo Humbert,Adrian Mannarino
20260525,Hard,Hubert Hurkacz,Jaume Munar
20260525,Hard,Tommy Paul,Rinky Hijikata
20260525,Hard,Andrey Rublev,Ignacio Buse
20260525,Hard,Casper Ruud,Roman Safiullin
20260525,Hard,Raphael Collignon,Aleksandar Vukic
20260525,Hard,Francisco Cerundolo,Botic Van De Zandschulp
20260525,Hard,Flavio Cobolli,Andrea Pellegrino
20260525,Hard,Wu Yibing,Marcos Giron
20260525,Hard,Ben Shelton,Daniel Merida
20260525,Hard,Hugo Gaston,Gael Monfils
20260526,Hard,Adam Walton,Daniil Medvedev
20260526,Hard,Moise Kouame,Marin Cilic
20260526,Hard,Alejandro Tabilo,Kamil Majchrzak
20260526,Hard,Matteo Arnaldi,Tallon Griekspoor
20260526,Hard,Zachary Svajda,Alexei Popyrin
20260526,Hard,Valentin Vacherot,Thomas Faurel
20260526,Hard,Martin Landaluce,Juan Carlos Prado Angelo
20260526,Hard,Facundo Diaz Acosta,Zhang Zhizhen
20260526,Hard,Stefanos Tsitsipas,Alexandre Muller
20260526,Hard,Vit Kopriva,Corentin Moutet
20260526,Hard,Adolfo Daniel Vallejo,Cameron Norrie
20260526,Hard,Roman Andres Burruchaga,Sebastian Baez
20260526,Hard,Learner Tien,Cristian Garin
20260526,Hard,Jan-Lennard Struff,Alexander Bublik
20260526,Hard,Jaime Faria,Denis Shapovalov
20260526,Hard,Juan Manuel Cerundolo,Jacob Fearnley
20260526,Hard,Francisco Comesana,Ethan Quinn
20260526,Hard,Luciano Darderi,Sebastian Ofner
20260526,Hard,Felix Auger-Aliassime,Daniel Altmaier
20260526,Hard,Jannik Sinner,Clement Tabur
20260527,Hard,Alex de Minaur,Alexander Blockx
20260527,Hard,Thiago Agustin Tirante,Alejandro Davidovich Fokina
20260527,Hard,Karen Khachanov,Marco Trungelliti
20260527,Hard,Jesper de Jong,Federico Cina
20260527,Hard,Andrey Rublev,Camilo Ugo Carabelli
20260527,Hard,Jakub Mensik,Mariano Navone
20260527,Hard,Pablo Carreno Busta,Thanasi Kokkinakis
20260527,Hard,Nuno Borges,Miomir Kecmanovic
20260527,Hard,Novak Djokovic,Valentin Royer
20260527,Hard,Rafael Jodar,James Duckworth
20260527,Hard,Alex Michelsen,Nishesh Basavareddy
20260527,Hard,Quentin Halys,Ugo Humbert
20260527,Hard,Joao Fonseca,Dino Prizmic
20260527,Hard,Tommy Paul,Lorenzo Sonego
20260527,Hard,Alexander Zverev,Tomas Machac
20260527,Hard,Casper Ruud,Hamad Medjedovic
20260528,Hard,Moise Kouame,Adolfo Daniel Vallejo
20260528,Hard,Jaime Faria,Jan-Lennard Struff
20260528,Hard,Learner Tien,Facundo Diaz Acosta
20260528,Hard,Flavio Cobolli,Wu Yibing
20260528,Hard,Zachary Svajda,Adam Walton
20260528,Hard,Juan Manuel Cerundolo,Jannik Sinner
20260528,Hard,Frances Tiafoe,Hubert Hurkacz
20260528,Hard,Francisco Cerundolo,Hugo Gaston
20260528,Hard,Martin Landaluce,Vit Kopriva
20260528,Hard,Alejandro Tabilo,Valentin Vacherot
20260528,Hard,Felix Auger-Aliassime,Roman Andres Burruchaga
20260528,Hard,Francisco Comesana,Luciano Darderi
20260528,Hard,Brandon Nakashima,Luca Van Assche
20260528,Hard,Raphael Collignon,Ben Shelton
20260528,Hard,Matteo Arnaldi,Stefanos Tsitsipas
20260528,Hard,Matteo Berrettini,Arthur Rinderknech
20260529,Hard,Andrey Rublev,Nuno Borges
20260529,Hard,Pablo Carreno Busta,Thiago Agustin Tirante
20260529,Hard,Rafael Jodar,Alex Michelsen
20260529,Hard,Joao Fonseca,Novak Djokovic
20260529,Hard,Jesper de Jong,Karen Khachanov
20260529,Hard,Jakub Mensik,Alex de Minaur
20260529,Hard,Casper Ruud,Tommy Paul
20260529,Hard,Alexander Zverev,Quentin Halys
20260530,Hard,Zachary Svajda,Francisco Cerundolo
20260530,Hard,Flavio Cobolli,Learner Tien
20260530,Hard,Matteo Berrettini,Francisco Comesana
20260530,Hard,Juan Manuel Cerundolo,Martin Landaluce
20260530,Hard,Alejandro Tabilo,Moise Kouame
20260530,Hard,Matteo Arnaldi,Raphael Collignon
20260530,Hard,Frances Tiafoe,Jaime Faria
20260530,Hard,Felix Auger-Aliassime,Brandon Nakashima
20260531,Hard,Rafael Jodar,Pablo Carreno Busta
20260531,Hard,Alexander Zverev,Jesper de Jong
20260531,Hard,Jakub Mensik,Andrey Rublev
20260531,Hard,Joao Fonseca,Casper Ruud
20260601,Hard,Flavio Cobolli,Zachary Svajda
20260601,Hard,Matteo Berrettini,Juan Manuel Cerundolo
20260601,Hard,Felix Auger-Aliassime,Alejandro Tabilo
20260601,Hard,Matteo Arnaldi,Frances Tiafoe
20260602,Hard,Alexander Zverev,Rafael Jodar
20260602,Hard,Jakub Mensik,Joao Fonseca
20260603,Hard,Flavio Cobolli,Felix Auger-Aliassime
20260603,Hard,Matteo Arnaldi,Matteo Berrettini
20260605,Hard,Alexander Zverev,Jakub Mensik
20260605,Hard,Flavio Cobolli,Matteo Arnaldi
20260607,Hard,Alexander Zverev,Flavio Cobolli
20260606,Hard,Marc-Andrea Huesler,Nikoloz Basilashvili
20260606,Hard,Gauthier Onclin,Orlando Luz
20260606,Hard,Jurij Rodionov,Luca Castelnuovo
20260606,Hard,Sho Shimabukuro,Stefanos Sakellaridis
20260606,Hard,Pierre-Hugues Herbert,Daniil Glinka
20260606,Hard,Alexis Galarneau,Yu Hsiou Hsu
20260606,Hard,Mert Alkaya,Michalis Sakellaridis
20260606,Hard,Roman Safiullin,Petr Bar Biryukov
20260607,Hard,Sho Shimabukuro,Jurij Rodionov
20260607,Hard,Gauthier Onclin,Marc-Andrea Huesler
20260607,Hard,Pierre-Hugues Herbert,Mert Alkaya
20260607,Hard,Alexis Galarneau,Roman Safiullin
20260608,Hard,Mattia Bellucci,Alejandro Davidovich Fokina
20260608,Hard,Martin Landaluce,Pierre-Hugues Herbert
20260608,Hard,Gauthier Onclin,Fabian Marozsan
20260609,Hard,Yannick Hanfmann,Aleksandar Kovacevic
20260609,Hard,Marcos Giron,Roberto Bautista Agut
20260609,Hard,Sho Shimabukuro,Quentin Halys
20260609,Hard,Giovanni Mpetshi Perricard,Roman Safiullin
20260609,Hard,Jan-Lennard Struff,Alexis Galarneau
20260609,Hard,Rinky Hijikata,Tom Gentzsch
20260609,Hard,Frances Tiafoe,Daniel Altmaier
20260609,Hard,James Duckworth,Diego Dedura
20260609,Hard,Nick Kyrgios,Corentin Moutet
20260610,Hard,Mattia Bellucci,Yannick Hanfmann
20260610,Hard,Giovanni Mpetshi Perricard,Gauthier Onclin
20260610,Hard,Alexander Bublik,Jan-Lennard Struff
20260611,Hard,Jiri Lehecka,James Duckworth
20260611,Hard,Frances Tiafoe,Rinky Hijikata
20260611,Hard,Sho Shimabukuro,Nick Kyrgios
20260611,Hard,Taylor Fritz,Martin Landaluce
20260612,Hard,Ben Shelton,Marcos Giron
20260612,Hard,Alexander Bublik,Giovanni Mpetshi Perricard
20260612,Hard,Taylor Fritz,Mattia Bellucci
20260612,Hard,Jiri Lehecka,Frances Tiafoe
20260613,Hard,Ben Shelton,Sho Shimabukuro
20260613,Hard,Taylor Fritz,Alexander Bublik
20260613,Hard,Ben Shelton,Jiri Lehecka
20260614,Hard,Ben Shelton,Taylor Fritz
20260606,Hard,Benjamin Bonzi,Marc Polmans
20260606,Hard,Martin Damm,Max Houkes
20260606,Hard,Juan Pablo Ficovich,Thijmen Loof
20260606,Hard,Niels Visker,Mackenzie McDonald
20260606,Hard,Elias Ymer,Mac Visser
20260606,Hard,Bernard Tomic,Alec Deckers
20260606,Hard,Sander Jong,Shintaro Mochizuki
20260606,Hard,James McCabe,Chak Lam Coleman Wong
20260607,Hard,Martin Damm,Juan Pablo Ficovich
20260607,Hard,Elias Ymer,Niels Visker
20260607,Hard,Benjamin Bonzi,Bernard Tomic
20260607,Hard,James McCabe,Sander Jong
20260608,Hard,Nuno Borges,Terence Atmane
20260608,Hard,Benjamin Bonzi,Mees Rottgering
20260608,Hard,Marin Cilic,Denis Shapovalov
20260608,Hard,Ugo Humbert,Elias Ymer
20260609,Hard,Martin Damm,Jaume Munar
20260609,Hard,Adrian Mannarino,Gabriel Diallo
20260609,Hard,Zhang Zhizhen,Jenson Brooksby
20260610,Hard,James McCabe,Zizou Bergs
20260610,Hard,Thijs Boogaard,Wu Yibing
20260610,Hard,Kamil Majchrzak,Otto Virtanen
20260610,Hard,Marton Fucsovics,Hubert Hurkacz
20260610,Hard,Tallon Griekspoor,Botic Van De Zandschulp
20260610,Hard,Alex de Minaur,Martin Damm
20260611,Hard,Benjamin Bonzi,Ugo Humbert
20260611,Hard,Adrian Mannarino,Arthur Rinderknech
20260611,Hard,Zhang Zhizhen,Tallon Griekspoor
20260611,Hard,Kamil Majchrzak,James McCabe
20260611,Hard,Felix Auger-Aliassime,Marton Fucsovics
20260612,Hard,Adrian Mannarino,Zhang Zhizhen
20260612,Hard,Daniil Medvedev,Thijs Boogaard
20260612,Hard,Marin Cilic,Nuno Borges
20260612,Hard,Alex de Minaur,Benjamin Bonzi
20260612,Hard,Kamil Majchrzak,Felix Auger-Aliassime
20260613,Hard,Daniil Medvedev,Marin Cilic
20260613,Hard,Alex de Minaur,Adrian Mannarino
20260613,Hard,Kamil Majchrzak,Daniil Medvedev
20260614,Hard,Kamil Majchrzak,Alex de Minaur
20260606,Hard,Greet Minnen,Viktoriya Tomova
20260606,Hard,Katie Volynets,Nao Hibino
20260606,Hard,Ella Seidel,Claire Liu
20260606,Hard,Zhu Lin,Carol Young Suh Lee
20260606,Hard,Hanne Vandewinkel,Mona Barthel
20260606,Hard,Robin Montgomery,Yuan Yue
20260607,Hard,Hanne Vandewinkel,Anouk Koevermans
20260607,Hard,Greet Minnen,Ella Seidel
20260607,Hard,Katie Volynets,Zhu Lin
20260607,Hard,Robin Montgomery,Joanna Garland
20260608,Hard,Panna Udvardy,Ekaterina Alexandrova
20260608,Hard,Magda Linette,Kimberly Birrell
20260608,Hard,Robin Montgomery,Daria Kasatkina
20260608,Hard,Elise Mertens,Bianca Andreescu
20260608,Hard,Daria Snigur,Paula Badosa
20260608,Hard,Mia Pohankova,Clara Tauson
20260609,Hard,Dayana Yastremska,Sara Bejlek
20260609,Hard,Zeynep Sonmez,Katie Volynets
20260609,Hard,Greet Minnen,Janice Tjen
20260609,Hard,Barbora Krejcikova,Renata Zarazua
20260609,Hard,Elena-Gabriela Ruse,Tamara Korpatsch
20260610,Hard,Solana Sierra,Lois Boisson
20260610,Hard,Anastasia Potapova,Suzan Lamens
20260610,Hard,Hanne Vandewinkel,Nikola Bartunkova
20260610,Hard,Ajla Tomljanovic,Jessica Bouzas Maneiro
20260610,Hard,Catherine McNally,Emma Navarro
20260611,Hard,Elena-Gabriela Ruse,Elise Mertens
20260611,Hard,Robin Montgomery,Greet Minnen
20260611,Hard,Zeynep Sonmez,Anastasia Potapova
20260611,Hard,Magda Linette,Mia Pohankova
20260611,Hard,Daria Snigur,Panna Udvardy
20260611,Hard,Barbora Krejcikova,Hanne Vandewinkel
20260612,Hard,Catherine McNally,Solana Sierra
20260612,Hard,Barbora Krejcikova,Elena-Gabriela Ruse
20260612,Hard,Ajla Tomljanovic,Dayana Yastremska
20260612,Hard,Magda Linette,Zeynep Sonmez
20260612,Hard,Robin Montgomery,Daria Snigur
20260613,Hard,Ajla Tomljanovic,Catherine McNally
20260613,Hard,Barbora Krejcikova,Magda Linette
20260613,Hard,Robin Montgomery,Ajla Tomljanovic
20260614,Hard,Robin Montgomery,Barbora Krejcikova
20260613,Hard,Nikoloz Basilashvili,Diego Dedura
20260613,Hard,Lorenzo Sonego,Filip Cristian Jianu
20260613,Hard,Tom Gentzsch,Tiago Pereira
20260613,Hard,Alex Bolt,Jamie Mackenzie
20260613,Hard,Roberto Bautista Agut,Benito Sanchez Martinez
20260613,Hard,Martin Landaluce,Marc-Andrea Huesler
20260613,Hard,Mattia Bellucci,Mikhail Kukushkin
20260613,Hard,Raphael Collignon,Aziz Dougaz
20260614,Hard,Raphael Collignon,Roberto Bautista Agut
20260614,Hard,Nikoloz Basilashvili,Lorenzo Sonego
20260614,Hard,Mattia Bellucci,Alex Bolt
20260615,Hard,Learner Tien,Max Schoenhaus
20260615,Hard,Daniel Altmaier,Nikoloz Basilashvili
20260615,Hard,Terence Atmane,Martin Landaluce
20260615,Hard,Felix Auger-Aliassime,Nuno Borges
20260615,Hard,Frances Tiafoe,Flavio Cobolli
20260616,Hard,Mattia Bellucci,Alexander Bublik
20260616,Hard,Raphael Collignon,Alexei Popyrin
20260616,Hard,Ethan Quinn,Karen Khachanov
20260616,Hard,Sho Shimabukuro,Tallon Griekspoor
20260616,Hard,Yannick Hanfmann,Joao Fonseca
20260616,Hard,Hubert Hurkacz,Andrey Rublev
20260616,Hard,Alexander Zverev,Vit Kopriva
20260616,Hard,Fabian Marozsan,Miomir Kecmanovic
20260616,Hard,Daniil Medvedev,Tomas Martin Etcheverry
20260617,Hard,Taylor Fritz,Zizou Bergs
20260617,Hard,Frances Tiafoe,Sho Shimabukuro
20260617,Hard,Ben Shelton,Lorenzo Sonego
20260617,Hard,Daniel Altmaier,Hubert Hurkacz
20260617,Hard,Felix Auger-Aliassime,Learner Tien
20260617,Hard,Daniil Medvedev,Terence Atmane
20260618,Hard,Taylor Fritz,Fabian Marozsan
20260618,Hard,Ben Shelton,Ethan Quinn
20260618,Hard,Alexander Zverev,Yannick Hanfmann
20260618,Hard,Raphael Collignon,Mattia Bellucci
20260619,Hard,Taylor Fritz,Ben Shelton
20260619,Hard,Alexander Zverev,Raphael Collignon
20260619,Hard,Daniel Altmaier,Daniil Medvedev
20260619,Hard,Frances Tiafoe,Felix Auger-Aliassime
20260620,Hard,Taylor Fritz,Alexander Zverev
20260620,Hard,Frances Tiafoe,Daniel Altmaier
20260621,Hard,Frances Tiafoe,Taylor Fritz
20260613,Hard,Zachary Svajda,Liam Broady
20260613,Hard,Aleksandar Vukic,James Duckworth
20260613,Hard,Harry Wendelken,Adam Walton
20260613,Hard,Aleksandar Kovacevic,Michael Mmoh
20260613,Hard,Rinky Hijikata,Dino Prizmic
20260613,Hard,Giovanni Mpetshi Perricard,Johannus Monday
20260614,Hard,Martin Damm,Zachary Svajda
20260614,Hard,Harry Wendelken,Aleksandar Vukic
20260614,Hard,Rinky Hijikata,Marcos Giron
20260614,Hard,Giovanni Mpetshi Perricard,Aleksandar Kovacevic
20260615,Hard,Botic Van De Zandschulp,Harry Wendelken
20260615,Hard,Tommy Paul,Zachary Svajda
20260615,Hard,Denis Shapovalov,Jack Pinnington Jones
20260616,Hard,Brandon Nakashima,Marton Fucsovics
20260616,Hard,Adrian Mannarino,Jakub Mensik
20260616,Hard,Ignacio Buse,Marcos Giron
20260616,Hard,Arthur Fery,Toby Samuel
20260616,Hard,Francisco Cerundolo,Aleksandar Kovacevic
20260616,Hard,Corentin Moutet,Giovanni Mpetshi Perricard
20260616,Hard,Jenson Brooksby,Martin Damm
20260616,Hard,Alex de Minaur,Gabriel Diallo
20260616,Hard,Hamad Medjedovic,Arthur Rinderknech
20260616,Hard,Ugo Humbert,Marin Cilic
20260616,Hard,Rinky Hijikata,Alejandro Tabilo
20260616,Hard,Alejandro Davidovich Fokina,Cameron Norrie
20260616,Hard,Jiri Lehecka,Kamil Majchrzak
20260617,Hard,Brandon Nakashima,Ignacio Buse
20260617,Hard,Alex de Minaur,Denis Shapovalov
20260617,Hard,Arthur Fery,Adrian Mannarino
20260617,Hard,Francisco Cerundolo,Jenson Brooksby
20260618,Hard,Alejandro Davidovich Fokina,Corentin Moutet
20260618,Hard,Tommy Paul,Botic Van De Zandschulp
20260618,Hard,Rinky Hijikata,Jiri Lehecka
20260619,Hard,Brandon Nakashima,Alex de Minaur
20260619,Hard,Ugo Humbert,Hamad Medjedovic
20260619,Hard,Francisco Cerundolo,Arthur Fery
20260619,Hard,Tommy Paul,Alejandro Davidovich Fokina
20260619,Hard,Ugo Humbert,Rinky Hijikata
20260620,Hard,Francisco Cerundolo,Brandon Nakashima
20260620,Hard,Tommy Paul,Ugo Humbert
20260621,Hard,Francisco Cerundolo,Tommy Paul
20260620,Hard,Toby Samuel,Quentin Halys
20260620,Hard,Matteo Arnaldi,Alastair Gray
20260620,Hard,Aleksandar Vukic,Harry Wendelken
20260620,Hard,Hamish Stewart,Emilio Nava
20260620,Hard,Marco Trungelliti,Felix Gill
20260620,Hard,Giles Hussey,James Duckworth
20260620,Hard,Marcos Giron,Charles Broom
20260620,Hard,Jan Choinski,Wu Yibing
20260621,Hard,Aleksandar Vukic,Hamish Stewart
20260621,Hard,Matteo Arnaldi,Toby Samuel
20260621,Hard,Giles Hussey,Marco Trungelliti
20260621,Hard,Jan Choinski,Marcos Giron
20260622,Hard,Gabriel Diallo,Terence Atmane
20260622,Hard,Jack Pinnington Jones,Marco Trungelliti
20260622,Hard,Jack Draper,Marcos Giron
20260622,Hard,Juan Manuel Cerundolo,Raphael Collignon
20260622,Hard,Jan Choinski,Alexei Popyrin
20260622,Hard,Zizou Bergs,Jaume Munar
20260623,Hard,Jenson Brooksby,Aleksandar Vukic
20260623,Hard,Thiago Agustin Tirante,Hamish Stewart
20260623,Hard,Giles Hussey,Matteo Arnaldi
20260623,Hard,Arthur Fery,Roman Andres Burruchaga
20260623,Hard,Daniel Altmaier,Aleksandar Kovacevic
20260623,Hard,Ugo Humbert,Mattia Bellucci
20260624,Hard,Toby Samuel,Thiago Agustin Tirante
20260624,Hard,Quentin Halys,Giles Hussey
20260624,Hard,Juan Manuel Cerundolo,Arthur Fery
20260624,Hard,Zizou Bergs,Daniel Altmaier
20260624,Hard,Ugo Humbert,Jenson Brooksby
20260624,Hard,Jan Choinski,Felix Gill
20260624,Hard,Jack Draper,Jack Pinnington Jones
20260624,Hard,Gabriel Diallo,Tomas Martin Etcheverry
20260625,Hard,Toby Samuel,Juan Manuel Cerundolo
20260625,Hard,Zizou Bergs,Jan Choinski
20260625,Hard,Jack Draper,Gabriel Diallo
20260625,Hard,Ugo Humbert,Quentin Halys
20260626,Hard,Zizou Bergs,Toby Samuel
20260626,Hard,Ugo Humbert,Jack Draper
20260628,Hard,Zizou Bergs,Ugo Humbert
20260620,Hard,Elsa Jacquemot,Mimi Xu
20260620,Hard,Ajla Tomljanovic,Camila Osorio
20260620,Hard,Veronika Erjavec,Lanlana Tararudee
20260620,Hard,Zeynep Sonmez,Hanne Vandewinkel
20260620,Hard,Peyton Stearns,Emily Appleton
20260620,Hard,Anastasia Zakharova,Lilli Tagger
20260620,Hard,Kimberly Birrell,Indianna Spink
20260620,Hard,Sofia Johnson,Oleksandra Oliynykova
20260620,Hard,Petra Marcinko,Simona Waltert
20260620,Hard,Emiliana Arango,Alycia Parks
20260620,Hard,Daria Snigur,Sofia Kenin
20260620,Hard,Oksana Selekhmeteva,Kamilla Rakhimova
20260621,Hard,Ajla Tomljanovic,Veronika Erjavec
20260621,Hard,Anastasia Zakharova,Oksana Selekhmeteva
20260621,Hard,Zeynep Sonmez,Elsa Jacquemot
20260621,Hard,Kimberly Birrell,Peyton Stearns
20260621,Hard,Emiliana Arango,Sofia Johnson
20260621,Hard,Daria Snigur,Petra Marcinko
20260622,Hard,Tereza Valentova,Hannah Klugman
20260622,Hard,Anhelina Kalinina,Daria Snigur
20260622,Hard,Petra Marcinko,Antonia Ruzic
20260622,Hard,Emiliana Arango,Maya Joint
20260622,Hard,Ajla Tomljanovic,Elisabetta Cocciaretto
20260622,Hard,Jelena Ostapenko,Francesca Jones
20260622,Hard,McCartney Kessler,Daria Kasatkina
20260623,Hard,Tatjana Maria,Jasmine Paolini
20260623,Hard,Catherine McNally,Janice Tjen
20260623,Hard,Jessica Bouzas Maneiro,Alicia Dudeney
20260623,Hard,Anastasia Zakharova,Yuliia Starodubtseva
20260623,Hard,Sara Bejlek,Laura Siegemund
20260623,Hard,Madison Keys,Talia Gibson
20260623,Hard,Panna Udvardy,Anna Bondar
20260623,Hard,Zeynep Sonmez,Harriet Dart
20260623,Hard,Kimberly Birrell,Barbora Krejcikova
20260624,Hard,Tatjana Maria,Anastasia Zakharova
20260624,Hard,Madison Keys,Jessica Bouzas Maneiro
20260624,Hard,Jelena Ostapenko,Panna Udvardy
20260624,Hard,McCartney Kessler,Anhelina Kalinina
20260624,Hard,Tereza Valentova,Ajla Tomljanovic
20260624,Hard,Zeynep Sonmez,Sara Bejlek
20260624,Hard,Catherine McNally,Emiliana Arango
20260624,Hard,Petra Marcinko,Kimberly Birrell
20260625,Hard,Jelena Ostapenko,Zeynep Sonmez
20260625,Hard,Madison Keys,McCartney Kessler
20260625,Hard,Tatjana Maria,Tereza Valentova
20260625,Hard,Petra Marcinko,Catherine McNally
20260626,Hard,Tatjana Maria,Jelena Ostapenko
20260626,Hard,Madison Keys,Petra Marcinko
20260627,Hard,Madison Keys,Tatjana Maria
20260620,Hard,Alex Molcan,Ziga Sesko
20260620,Hard,Antoine Ghibaudo,Petr Bar Biryukov
20260620,Hard,Adam Walton,Federico Bondioli
20260620,Hard,Abdullah Shelbayh,Aleksandr Shevchenko
20260620,Hard,Murphy Cassone,Filippo Romano
20260620,Hard,Damir Dzumhur,Mikhail Kukushkin
20260620,Hard,Marc Polmans,Jamie Mackenzie
20260620,Hard,Zachary Svajda,Marc-Andrea Huesler
20260621,Hard,Alex Molcan,Murphy Cassone
20260621,Hard,Adam Walton,Antoine Ghibaudo
20260621,Hard,Nuno Borges,Adrian Mannarino
20260621,Hard,Marc Polmans,Abdullah Shelbayh
20260621,Hard,Damir Dzumhur,Zachary Svajda
20260621,Hard,Lorenzo Sonego,Mariano Navone
20260621,Hard,Yannick Hanfmann,Adolfo Daniel Vallejo
20260622,Hard,Ethan Quinn,Valentin Royer
20260622,Hard,Abdullah Shelbayh,Corentin Moutet
20260622,Hard,Fabian Marozsan,Alex Molcan
20260622,Hard,Jan-Lennard Struff,Martin Landaluce
20260622,Hard,Miomir Kecmanovic,Antoine Ghibaudo
20260622,Hard,Adam Walton,Nick Kyrgios
20260623,Hard,Vit Kopriva,Damir Dzumhur
20260623,Hard,Fabian Marozsan,Alejandro Tabilo
20260623,Hard,Grigor Dimitrov,Marc Polmans
20260623,Hard,Miomir Kecmanovic,Lorenzo Sonego
20260623,Hard,Nuno Borges,Jan-Lennard Struff
20260623,Hard,Ignacio Buse,Stefanos Tsitsipas
20260623,Hard,Luciano Darderi,Yannick Hanfmann
20260624,Hard,Ethan Quinn,Murphy Cassone
20260624,Hard,Vit Kopriva,Ignacio Buse
20260624,Hard,Alejandro Davidovich Fokina,Adam Walton
20260624,Hard,Grigor Dimitrov,Abdullah Shelbayh
20260625,Hard,Ethan Quinn,Vit Kopriva
20260625,Hard,Nuno Borges,Luciano Darderi
20260625,Hard,Fabian Marozsan,Miomir Kecmanovic
20260625,Hard,Alejandro Davidovich Fokina,Grigor Dimitrov
20260626,Hard,Ethan Quinn,Nuno Borges
20260626,Hard,Alejandro Davidovich Fokina,Fabian Marozsan
20260627,Hard,Alejandro Davidovich Fokina,Ethan Quinn
20260622,Hard,Zsombor Piros,Ivan Ivanov
20260622,Hard,Billy Harris,Stefano Napolitano
20260622,Hard,Jaime Faria,Hugo Grenier
20260622,Hard,Rei Sakamoto,Anton Matusevich
20260622,Hard,Laslo Djere,Max Houkes
20260622,Hard,Kimmer Coppejans,Daniil Glinka
20260622,Hard,Clement Tabur,Federico Agustin Gomez
20260622,Hard,Hugo Gaston,Lautaro Midon
20260622,Hard,Michael Zheng,Henri Squire
20260622,Hard,Colton Smith,Andy Andrade
20260622,Hard,Luka Pavlovic,Mark Lajal
20260622,Hard,Aziz Dougaz,Clement Chidekh
20260622,Hard,Roman Safiullin,James McCabe
20260622,Hard,Federico Cina,Gianluca Cadenasso
20260622,Hard,Borna Gojo,Chak Lam Coleman Wong
20260622,Hard,Bu Yunchaokete,Hugo Dellien
20260622,Hard,SoonWoo Kwon,Nikolas Sanchez Izquierdo
20260622,Hard,Alejandro Moro Canas,Francisco Comesana
20260622,Hard,Keegan Smith,Juan Pablo Ficovich
20260622,Hard,Gauthier Onclin,Lorenzo Giustino
20260622,Hard,Harold Mayot,Nicolas Moreno De Alboran
20260622,Hard,Andrea Guerrieri,David Goffin
20260622,Hard,Tristan Schoolkate,Johannus Monday
20260622,Hard,Arthur Gea,Raul Brancaccio
20260622,Hard,Oliver Tarvet,Alex Bolt
20260622,Hard,Stefanos Sakellaridis,Yu Hsiou Hsu
20260622,Hard,Timofey Skatov,Alex Barrena
20260622,Hard,Kyrian Jacquet,Pedro Boscardin Dias
20260622,Hard,Daniel Evans,Juan Carlos Prado Angelo
20260622,Hard,Moez Echargui,Edas Butvilas
20260622,Hard,Shintaro Mochizuki,Vitaliy Sachko
20260622,Hard,Elias Ymer,Nikoloz Basilashvili
20260622,Hard,Darwin Blanch,Filip Cristian Jianu
20260622,Hard,Pablo Llamas Ruiz,Dan Added
20260622,Hard,Jerome Kym,Gonzalo Bueno
20260622,Hard,Zhou Yi,Guy Den Ouden
20260622,Hard,Nicolai Budkov Kjaer,Joao Lucas Reis Da Silva
20260622,Hard,Otto Virtanen,Pedro Martinez
20260622,Hard,Andrea Pellegrino,Jay Clarke
20260622,Hard,Stefano Travaglia,Luka Mikrut
20260622,Hard,Alexis Galarneau,Facundo Diaz Acosta
20260622,Hard,Tristan Boyer,Genaro Alberto Olivieri
20260622,Hard,August Holmgren,Liam Broady
20260622,Hard,Pol Martin Tiffon,Gilles Arnaud Bailly
20260622,Hard,Dane Sweeny,Franco Roncadelli
20260622,Hard,Federico Coria,Oliver Bonding
20260622,Hard,Max Basing,Francesco Maestrelli
20260622,Hard,Luca Nardi,Rio Noguchi
20260622,Hard,Nicolas Mejia,Henrique Rocha
20260622,Hard,Chris Rodesch,Florent Bax
20260622,Hard,Tomas Barrios Vera,Marco Cecchinato
20260622,Hard,Matej Dodig,Frederico Ferreira Silva
20260622,Hard,Jurij Rodionov,Oliver Crawford
20260622,Hard,Gustavo Heide,Chun-Hsin Tseng
20260622,Hard,Remy Bertola,Liam Draxl
20260622,Hard,Dusan Lajovic,Lukas Neumayer
20260622,Hard,Henry Searle,Zhang Zhizhen
20260622,Hard,Roberto Carballes Baena,Mark Ceban
20260622,Hard,Vilius Gaubas,Michael Mmoh
20260622,Hard,Christopher O'Connell,Joel Josef Schwaerzler
20260622,Hard,Bernard Tomic,Kaichi Uchida
20260622,Hard,Paul Jubb,Pierre-Hugues Herbert
20260622,Hard,Mackenzie McDonald,Felipe Meligeni Alves
20260622,Hard,Tom Gentzsch,Zdenek Kolar
20260624,Hard,Remy Bertola,Jurij Rodionov
20260624,Hard,Zhou Yi,Stefano Travaglia
20260624,Hard,Billy Harris,Zsombor Piros
20260624,Hard,Clement Tabur,Bu Yunchaokete
20260624,Hard,Oliver Tarvet,Alexis Galarneau
20260624,Hard,Stefanos Sakellaridis,Federico Coria
20260624,Hard,Nicolas Mejia,Gustavo Heide
20260624,Hard,Max Basing,Tom Gentzsch
20260624,Hard,Tristan Schoolkate,Daniel Evans
20260624,Hard,Shintaro Mochizuki,Gauthier Onclin
20260624,Hard,Tomas Barrios Vera,Paul Jubb
20260624,Hard,Dane Sweeny,Darwin Blanch
20260624,Hard,Mackenzie McDonald,Roberto Carballes Baena
20260624,Hard,Christopher O'Connell,Bernard Tomic
20260624,Hard,Colton Smith,Borna Gojo
20260624,Hard,Jerome Kym,August Holmgren
20260624,Hard,Hugo Gaston,Federico Cina
20260624,Hard,Michael Zheng,Laslo Djere
20260624,Hard,Roman Safiullin,Kimmer Coppejans
20260624,Hard,Moez Echargui,Keegan Smith
20260624,Hard,Otto Virtanen,Luca Nardi
20260624,Hard,Jaime Faria,Luka Pavlovic
20260624,Hard,Pablo Llamas Ruiz,Pol Martin Tiffon
20260624,Hard,Tristan Boyer,Andrea Pellegrino
20260624,Hard,Timofey Skatov,Elias Ymer
20260624,Hard,Dusan Lajovic,Chris Rodesch
20260624,Hard,SoonWoo Kwon,Arthur Gea
20260624,Hard,Vilius Gaubas,Henry Searle
20260624,Hard,Kyrian Jacquet,Andrea Guerrieri
20260624,Hard,Alejandro Moro Canas,Harold Mayot
20260624,Hard,Rei Sakamoto,Aziz Dougaz
20260624,Hard,Nicolai Budkov Kjaer,Matej Dodig
20260625,Hard,Shintaro Mochizuki,Clement Tabur
20260625,Hard,Dane Sweeny,Tomas Barrios Vera
20260625,Hard,Billy Harris,Zhou Yi
20260625,Hard,Mackenzie McDonald,Christopher O'Connell
20260625,Hard,Tristan Boyer,Pablo Llamas Ruiz
20260625,Hard,Roman Safiullin,Jerome Kym
20260625,Hard,Michael Zheng,Colton Smith
20260625,Hard,Nicolas Mejia,Tristan Schoolkate
20260625,Hard,Oliver Tarvet,Stefanos Sakellaridis
20260625,Hard,Max Basing,Remy Bertola
20260625,Hard,Vilius Gaubas,Dusan Lajovic
20260625,Hard,Kyrian Jacquet,Timofey Skatov
20260625,Hard,Jaime Faria,Rei Sakamoto
20260625,Hard,SoonWoo Kwon,Alejandro Moro Canas
20260625,Hard,Otto Virtanen,Nicolai Budkov Kjaer
20260625,Hard,Hugo Gaston,Moez Echargui
20260629,Hard,Rafael Jodar,Felix Gill
20260629,Hard,Pablo Carreno Busta,Denis Shapovalov
20260629,Hard,Ignacio Buse,Emilio Nava
20260629,Hard,Jenson Brooksby,Aleksandar Vukic
20260629,Hard,Martin Damm,Marco Trungelliti
20260629,Hard,Botic Van De Zandschulp,Aleksandar Kovacevic
20260629,Hard,Learner Tien,Dalibor Svrcina
20260629,Hard,Roman Safiullin,Andrey Rublev
20260629,Hard,Marton Fucsovics,Luca Van Assche
20260629,Hard,Shintaro Mochizuki,Max Basing
20260629,Hard,Tommy Paul,Alexandre Muller
20260629,Hard,Michael Zheng,Cameron Norrie
20260629,Hard,Daniel Merida,Camilo Ugo Carabelli
20260629,Hard,Hubert Hurkacz,Casper Ruud
20260629,Hard,Sebastian Ofner,Hamad Medjedovic
20260629,Hard,Jannik Sinner,Miomir Kecmanovic
20260629,Hard,Joao Fonseca,Roberto Bautista Agut
20260629,Hard,Nuno Borges,Tristan Boyer
20260629,Hard,Arthur Rinderknech,Oliver Tarvet
20260629,Hard,Dino Prizmic,Adam Walton
20260629,Hard,Ethan Quinn,Luciano Darderi
20260629,Hard,Jan-Lennard Struff,Sebastian Baez
20260629,Hard,SoonWoo Kwon,Martin Landaluce
20260629,Hard,Stefanos Tsitsipas,Hugo Gaston
20260629,Hard,Fabian Marozsan,Thiago Agustin Tirante
20260629,Hard,Daniil Medvedev,Marin Cilic
20260629,Hard,Nicolas Mejia,Adolfo Daniel Vallejo
20260629,Hard,Alejandro Davidovich Fokina,Juan Manuel Cerundolo
20260629,Hard,Felix Auger-Aliassime,Aleksandr Shevchenko
20260629,Hard,Novak Djokovic,Wu Yibing
20260630,Hard,Jaime Faria,Sho Shimabukuro
20260630,Hard,Valentin Royer,Harry Wendelken
20260630,Hard,Kamil Majchrzak,Alejandro Tabilo
20260630,Hard,Yannick Hanfmann,Giovanni Mpetshi Perricard
20260630,Hard,Adrian Mannarino,Titouan Droguet
20260630,Hard,Otto Virtanen,Ben Shelton
20260630,Hard,Jacob Fearnley,Alex Michelsen
20260630,Hard,Alex de Minaur,Roman Andres Burruchaga
20260630,Hard,Quentin Halys,Matteo Arnaldi
20260630,Hard,Arthur Fery,Damir Dzumhur
20260630,Hard,Jesper de Jong,Rinky Hijikata
20260630,Hard,Gabriel Diallo,Benjamin Bonzi
20260630,Hard,Zachary Svajda,Pablo Llamas Ruiz
20260630,Hard,Taylor Fritz,Dusan Lajovic
20260630,Hard,Alexander Bublik,Thanasi Kokkinakis
20260630,Hard,Zizou Bergs,Ugo Humbert
20260630,Hard,Brandon Nakashima,Jack Pinnington Jones
20260630,Hard,Kyrian Jacquet,Vilius Gaubas
20260630,Hard,Jaume Munar,Francisco Cerundolo
20260630,Hard,Jakub Mensik,Toby Samuel
20260630,Hard,Karen Khachanov,Billy Harris
20260630,Hard,Patrick Kypson,Mackenzie McDonald
20260630,Hard,Lorenzo Sonego,Tomas Martin Etcheverry
20260630,Hard,Marcos Giron,Corentin Moutet
20260630,Hard,Alexander Zverev,Alexander Blockx
20260630,Hard,Arthur Fils,Raphael Collignon
20260630,Hard,James Duckworth,Tallon Griekspoor
20260630,Hard,Matteo Berrettini,Stan Wawrinka
20260630,Hard,Grigor Dimitrov,Dane Sweeny
20260630,Hard,Jiri Lehecka,Alexei Popyrin
20260630,Hard,Jan Choinski,Vit Kopriva
20260701,Hard,Hubert Hurkacz,Sebastian Ofner
20260701,Hard,Tommy Paul,SoonWoo Kwon
20260701,Hard,Marton Fucsovics,Learner Tien
20260701,Hard,Jenson Brooksby,Ignacio Buse
20260701,Hard,Alex Molcan,Daniel Altmaier
20260701,Hard,Michael Zheng,Nicolas Mejia
20260701,Hard,Flavio Cobolli,Mariano Navone
20260701,Hard,Alejandro Davidovich Fokina,Fabian Marozsan
20260701,Hard,Jannik Sinner,Nuno Borges
20260701,Hard,Roman Safiullin,Botic Van De Zandschulp
20260701,Hard,Arthur Rinderknech,Martin Damm
20260701,Hard,Daniil Medvedev,Daniel Merida
20260701,Hard,Joao Fonseca,Jesper de Jong
20260701,Hard,Frances Tiafoe,Terence Atmane
20260701,Hard,Shintaro Mochizuki,Ethan Quinn
20260701,Hard,Felix Auger-Aliassime,Dino Prizmic
20260701,Hard,Novak Djokovic,Stefanos Tsitsipas
20260702,Hard,Arthur Fery,Otto Virtanen
20260702,Hard,Alex de Minaur,Adrian Mannarino
20260702,Hard,Lorenzo Sonego,Gabriel Diallo
20260702,Hard,Taylor Fritz,Patrick Kypson
20260702,Hard,Zizou Bergs,Jaime Faria
20260702,Hard,Zachary Svajda,Kamil Majchrzak
20260702,Hard,Rafael Jodar,Pablo Carreno Busta
20260702,Hard,Jan-Lennard Struff,Brandon Nakashima
20260702,Hard,Marcos Giron,Quentin Halys
20260702,Hard,Jaume Munar,Jacob Fearnley
20260702,Hard,Alexander Zverev,Valentin Royer
20260702,Hard,Matteo Berrettini,Arthur Fils
20260702,Hard,Flavio Cobolli,James Duckworth
20260702,Hard,Karen Khachanov,Yannick Hanfmann
20260702,Hard,Jiri Lehecka,Alex Molcan
20260702,Hard,Grigor Dimitrov,Jakub Mensik
20260702,Hard,Frances Tiafoe,Jan Choinski
20260702,Hard,Alexander Bublik,Kyrian Jacquet
20260703,Hard,Roman Safiullin,Joao Fonseca
20260703,Hard,Novak Djokovic,Arthur Rinderknech
20260703,Hard,Shintaro Mochizuki,Rafael Jodar
20260703,Hard,Jan-Lennard Struff,Daniil Medvedev
20260703,Hard,Jannik Sinner,Jenson Brooksby
20260703,Hard,Hubert Hurkacz,Tommy Paul
20260703,Hard,Alejandro Davidovich Fokina,Marton Fucsovics
20260703,Hard,Felix Auger-Aliassime,Michael Zheng
20260704,Hard,Alex de Minaur,Zachary Svajda
20260704,Hard,Flavio Cobolli,Karen Khachanov
20260704,Hard,Arthur Fery,Zizou Bergs
20260704,Hard,Jiri Lehecka,Jaume Munar
20260704,Hard,Alexander Zverev,Marcos Giron
20260704,Hard,Taylor Fritz,Lorenzo Sonego
20260704,Hard,Alexander Bublik,Frances Tiafoe
20260704,Hard,Grigor Dimitrov,Matteo Berrettini
20260705,Hard,Novak Djokovic,Roman Safiullin
20260705,Hard,Felix Auger-Aliassime,Alejandro Davidovich Fokina
20260705,Hard,Jan-Lennard Struff,Hubert Hurkacz
20260705,Hard,Jannik Sinner,Shintaro Mochizuki
20260706,Hard,Flavio Cobolli,Alex de Minaur
20260706,Hard,Arthur Fery,Grigor Dimitrov
20260706,Hard,Taylor Fritz,Alexander Bublik
20260707,Hard,Jannik Sinner,Jan-Lennard Struff
20260707,Hard,Alexander Zverev,Jiri Lehecka
20260707,Hard,Novak Djokovic,Felix Auger-Aliassime
20260708,Hard,Arthur Fery,Flavio Cobolli
20260708,Hard,Alexander Zverev,Taylor Fritz
20260710,Hard,Alexander Zverev,Arthur Fery
20260710,Hard,Jannik Sinner,Novak Djokovic
20260712,Hard,Jannik Sinner,Alexander Zverev
20260623,Hard,Andrea Lazaro Garcia,Nuria Brancaccio
20260623,Hard,Alina Korneeva,Alexandra Shubladze
20260623,Hard,Julia Riera,Daniella Britton
20260623,Hard,Harmony Tan,Mia Pohankova
20260623,Hard,Lulu Sun,Linda Klimovicova
20260623,Hard,Tyra Caterina Grant,Taylah Preston
20260623,Hard,Greet Minnen,Fiona Ferro
20260623,Hard,Iryna Shymanovich,Dominika Salkova
20260623,Hard,Noma Noha Akugue,Lisa Pigato
20260623,Hard,Oceane Dodin,Laura Pigossi
20260623,Hard,Mary Stoiana,Kayla Cross
20260623,Hard,Esther Adeshina,Moyuka Uchijima
20260623,Hard,Joanna Garland,Celine Naef
20260623,Hard,Fiona Crawley,Himeno Sakatsume
20260623,Hard,Katherine Sebov,Jazmin Ortenzi
20260623,Hard,Mananchaya Sawangkaew,Anouk Koevermans
20260623,Hard,Francisca Jorge,Dalma Galfi
20260623,Hard,Elena Pridankina,Alice Tubello
20260623,Hard,Lina Gjorcheska,Angela Fita Boluda
20260623,Hard,Lucia Bronzetti,Maddison Inglis
20260623,Hard,Erika Andreeva,Ma YeXin
20260623,Hard,Katarzyna Kawa,Susan Bandecchi
20260623,Hard,Kayla Day,Cadence Brace
20260623,Hard,Emerson Jones,Linda Fruhvirtova
20260623,Hard,Lucrezia Stefanini,Luisina Giovannini
20260623,Hard,Justina Mikulskyte,Carol Zhao
20260623,Hard,Claire Liu,Despina Papamichail
20260623,Hard,Kaitlin Quevedo,Sayaka Ishii
20260623,Hard,Suzan Lamens,Amelia Rajecki
20260623,Hard,Anastasia Gasanova,Varvara Lepchenko
20260623,Hard,Darja Semenistaja,Anna Siskova
20260623,Hard,Caroline Werner,Alice Rame
20260623,Hard,Jil Teichmann,Rebeka Masarova
20260623,Hard,Ekaterine Gorgodze,Vendula Valdmannova
20260623,Hard,Storm Hunter,Sofia Costoulas
20260623,Hard,Nao Hibino,Priscilla Hon
20260623,Hard,Ashlyn Krueger,Gabriela Knutson
20260623,Hard,Bai Zhuoxuan,Tamara Zidansek
20260623,Hard,Katie Volynets,Laura Samson
20260623,Hard,Polina Kudermetova,Jessika Ponchet
20260623,Hard,Bianca Andreescu,Polona Hercog
20260623,Hard,Polina Iatcenko,Leyre Romero Gormaz
20260623,Hard,Elizara Yaneva,Yuriko Lily Miyazaki
20260623,Hard,Aliaksandra Sasnovich,Katy Dunne
20260623,Hard,Alina Charaeva,Elizabeth Mandlik
20260623,Hard,Mai Hontama,Akasha Urhobo
20260623,Hard,Marina Bassols Ribera,Lola Radivojevic
20260623,Hard,Tatiana Prozorova,Carole Monnet
20260623,Hard,Teodora Kostovic,Yeonwoo Ku
20260623,Hard,Rebecca Sramkova,Viktoria Hruncakova
20260623,Hard,Robin Montgomery,Caroline Dolehide
20260623,Hard,Leolia Jeanjean,You Xiaodi
20260623,Hard,Mariam Bolkvadze,Julia Grabher
20260623,Hard,Heather Watson,Mayar Sherif
20260623,Hard,Clervie Ngounoue,Anna-Lena Friedsam
20260623,Hard,Maria Timofeeva,Whitney Osuigwe
20260623,Hard,Zhu Lin,Mona Barthel
20260623,Hard,Veronika Podrez,Arantxa Rus
20260623,Hard,Maria Lourdes Carle,Lucie Havlickova
20260623,Hard,Wang Xiyu,Guo Hanyu
20260623,Hard,Elvina Kalieva,Ella McDonald
20260623,Hard,Hayu Kinoshita,Viktoriya Tomova
20260623,Hard,Tiantsoa Rakotomanga Rajaonah,Carol Young Suh Lee
20260623,Hard,Jeline Vandromme,Yuan Yue
20260624,Hard,Oceane Dodin,Lulu Sun
20260624,Hard,Iryna Shymanovich,Greet Minnen
20260624,Hard,Harmony Tan,Esther Adeshina
20260624,Hard,Tyra Caterina Grant,Joanna Garland
20260624,Hard,Mananchaya Sawangkaew,Mary Stoiana
20260624,Hard,Katherine Sebov,Noma Noha Akugue
20260624,Hard,Claire Liu,Kaitlin Quevedo
20260624,Hard,Fiona Crawley,Julia Riera
20260624,Hard,Alina Korneeva,Andrea Lazaro Garcia
20260624,Hard,Kayla Day,Erika Andreeva
20260624,Hard,Elena Pridankina,Suzan Lamens
20260624,Hard,Katarzyna Kawa,Lucrezia Stefanini
20260624,Hard,Anastasia Gasanova,Emerson Jones
20260624,Hard,Lina Gjorcheska,Francisca Jorge
20260624,Hard,Zhu Lin,Tiantsoa Rakotomanga Rajaonah
20260624,Hard,Lucia Bronzetti,Justina Mikulskyte
20260624,Hard,Leolia Jeanjean,Ekaterine Gorgodze
20260624,Hard,Darja Semenistaja,Nao Hibino
20260624,Hard,Aliaksandra Sasnovich,Storm Hunter
20260624,Hard,Bianca Andreescu,Jil Teichmann
20260624,Hard,Katie Volynets,Elizara Yaneva
20260624,Hard,Teodora Kostovic,Rebecca Sramkova
20260624,Hard,Heather Watson,Tatiana Prozorova
20260624,Hard,Ashlyn Krueger,Mai Hontama
20260624,Hard,Jeline Vandromme,Maria Lourdes Carle
20260624,Hard,Robin Montgomery,Elvina Kalieva
20260624,Hard,Polina Kudermetova,Clervie Ngounoue
20260624,Hard,Marina Bassols Ribera,Wang Xiyu
20260624,Hard,Alina Charaeva,Caroline Werner
20260624,Hard,Maria Timofeeva,Veronika Podrez
20260624,Hard,Polina Iatcenko,Bai Zhuoxuan
20260624,Hard,Mariam Bolkvadze,Hayu Kinoshita
20260625,Hard,Alina Korneeva,Fiona Crawley
20260625,Hard,Kayla Day,Katarzyna Kawa
20260625,Hard,Tyra Caterina Grant,Harmony Tan
20260625,Hard,Iryna Shymanovich,Katherine Sebov
20260625,Hard,Mananchaya Sawangkaew,Oceane Dodin
20260625,Hard,Claire Liu,Elena Pridankina
20260625,Hard,Polina Kudermetova,Alina Charaeva
20260625,Hard,Teodora Kostovic,Zhu Lin
20260625,Hard,Ashlyn Krueger,Polina Iatcenko
20260625,Hard,Anastasia Gasanova,Darja Semenistaja
20260625,Hard,Mariam Bolkvadze,Jeline Vandromme
20260625,Hard,Maria Timofeeva,Heather Watson
20260625,Hard,Leolia Jeanjean,Katie Volynets
20260625,Hard,Bianca Andreescu,Aliaksandra Sasnovich
20260625,Hard,Robin Montgomery,Marina Bassols Ribera
20260625,Hard,Lina Gjorcheska,Lucia Bronzetti
20260629,Hard,Belinda Bencic,Mika Stojsavljevic
20260629,Hard,Iva Jovic,Jaqueline Cristian
20260629,Hard,Sara Sorribes Tormo,Victoria Jimenez Kasintseva
20260629,Hard,Jessica Pegula,Darja Vidmanova
20260629,Hard,Mananchaya Sawangkaew,Maja Chwalinska
20260629,Hard,Wang Xinyu,Elisabetta Cocciaretto
20260629,Hard,Zeynep Sonmez,Ann Li
20260629,Hard,Jelena Ostapenko,Harriet Dart
20260629,Hard,Tatjana Maria,Yulia Putintseva
20260629,Hard,Zhang Shuai,Bianca Andreescu
20260629,Hard,Alycia Parks,Alicia Dudeney
20260629,Hard,Antonia Ruzic,Darja Semenistaja
20260629,Hard,Claire Liu,Hanne Vandewinkel
20260629,Hard,Naomi Osaka,Elsa Jacquemot
20260629,Hard,Lanlana Tararudee,Lilli Tagger
20260629,Hard,Nikola Bartunkova,Peyton Stearns
20260629,Hard,Janice Tjen,Leylah Fernandez
20260629,Hard,Daria Kasatkina,Mimi Xu
20260629,Hard,Aryna Sabalenka,Teodora Kostovic
20260629,Hard,Barbora Krejcikova,Hannah Klugman
20260629,Hard,Anna Kalinskaya,Magdalena Frech
20260629,Hard,McCartney Kessler,Oleksandra Oliynykova
20260629,Hard,Dayana Yastremska,Aoi Ito
20260629,Hard,Solana Sierra,Anna Bondar
20260629,Hard,Mirra Andreeva,Magda Linette
20260629,Hard,Katerina Siniakova,Zheng Qinwen
20260629,Hard,Karolina Muchova,Anastasia Zakharova
20260629,Hard,Ekaterina Alexandrova,Panna Udvardy
20260629,Hard,Coco Gauff,Tamara Korpatsch
20260629,Hard,Anastasia Gasanova,Emiliana Arango
20260629,Hard,Diane Parry,Francesca Jones
20260629,Hard,Jessica Bouzas Maneiro,Anastasia Potapova
20260630,Hard,Maria Sakkari,Clara Tauson
20260630,Hard,Marie Bouzkova,Talia Gibson
20260630,Hard,Tyra Caterina Grant,Katie Boulter
20260630,Hard,Jasmine Paolini,Robin Montgomery
20260630,Hard,Kamilla Rakhimova,Anhelina Kalinina
20260630,Hard,Madison Keys,Kayla Day
20260630,Hard,Katie Swan,Irina-Camelia Begu
20260630,Hard,Karolina Pliskova,Tereza Valentova
20260630,Hard,Sofia Kenin,Petra Marcinko
20260630,Hard,Amanda Anisimova,Lina Gjorcheska
20260630,Hard,Viktorija Golubic,Iryna Shymanovich
20260630,Hard,Iga Swiatek,Taylor Townsend
20260630,Hard,Kimberly Birrell,Alina Korneeva
20260630,Hard,Maria Timofeeva,Beatriz Haddad Maia
20260630,Hard,Leolia Jeanjean,Veronika Erjavec
20260630,Hard,Elena Rybakina,Lois Boisson
20260630,Hard,Anna Blinkova,Yuliia Starodubtseva
20260630,Hard,Emma Navarro,Paula Badosa
20260630,Hard,Catherine McNally,Elena-Gabriela Ruse
20260630,Hard,Oksana Selekhmeteva,Sinja Kraus
20260630,Hard,Elise Mertens,Laura Siegemund
20260630,Hard,Daria Snigur,Elina Svitolina
20260630,Hard,Mariam Bolkvadze,Ajla Tomljanovic
20260630,Hard,Alexandra Eala,Renata Zarazua
20260630,Hard,Sorana Cirstea,Sara Bejlek
20260630,Hard,Ashlyn Krueger,Donna Vekic
20260630,Hard,Linda Noskova,Ella Seidel
20260630,Hard,Liudmila Samsonova,Polina Kudermetova
20260630,Hard,Diana Shnaider,Eva Lys
20260630,Hard,Marta Kostyuk,Nadia Podoroska
20260630,Hard,Camila Osorio,Simona Waltert
20260630,Hard,Maya Joint,Serena Williams
20260701,Hard,Jelena Ostapenko,Antonia Ruzic
20260701,Hard,Mananchaya Sawangkaew,Alycia Parks
20260701,Hard,Daria Kasatkina,Janice Tjen
20260701,Hard,Naomi Osaka,Anastasia Gasanova
20260701,Hard,Claire Liu,Zeynep Sonmez
20260701,Hard,Aryna Sabalenka,McCartney Kessler
20260701,Hard,Jessica Bouzas Maneiro,Dayana Yastremska
20260701,Hard,Karolina Muchova,Zhang Shuai
20260701,Hard,Anna Kalinskaya,Diane Parry
20260701,Hard,Coco Gauff,Solana Sierra
20260701,Hard,Nikola Bartunkova,Katerina Siniakova
20260701,Hard,Barbora Krejcikova,Mirra Andreeva
20260701,Hard,Jessica Pegula,Sara Sorribes Tormo
20260701,Hard,Iva Jovic,Tatjana Maria
20260701,Hard,Belinda Bencic,Wang Xinyu
20260701,Hard,Ekaterina Alexandrova,Lanlana Tararudee
20260702,Hard,Emma Navarro,Oksana Selekhmeteva
20260702,Hard,Liudmila Samsonova,Diana Shnaider
20260702,Hard,Daria Snigur,Leolia Jeanjean
20260702,Hard,Marie Bouzkova,Tyra Caterina Grant
20260702,Hard,Ashlyn Krueger,Mariam Bolkvadze
20260702,Hard,Madison Keys,Katie Swan
20260702,Hard,Alexandra Eala,Maya Joint
20260702,Hard,Iga Swiatek,Karolina Pliskova
20260702,Hard,Marta Kostyuk,Anna Blinkova
20260702,Hard,Amanda Anisimova,Sofia Kenin
20260702,Hard,Maria Sakkari,Kamilla Rakhimova
20260702,Hard,Elise Mertens,Maria Timofeeva
20260702,Hard,Jasmine Paolini,Viktorija Golubic
20260702,Hard,Sorana Cirstea,Kimberly Birrell
20260702,Hard,Elena Rybakina,Catherine McNally
20260702,Hard,Linda Noskova,Camila Osorio
20260703,Hard,Belinda Bencic,Anna Kalinskaya
20260703,Hard,Naomi Osaka,Daria Kasatkina
20260703,Hard,Iva Jovic,Ekaterina Alexandrova
20260703,Hard,Jessica Pegula,Jessica Bouzas Maneiro
20260703,Hard,Barbora Krejcikova,Nikola Bartunkova
20260703,Hard,Aryna Sabalenka,Jelena Ostapenko
20260703,Hard,Coco Gauff,Claire Liu
20260703,Hard,Karolina Muchova,Mananchaya Sawangkaew
20260704,Hard,Marta Kostyuk,Emma Navarro
20260704,Hard,Marie Bouzkova,Liudmila Samsonova
20260704,Hard,Ashlyn Krueger,Daria Snigur
20260704,Hard,Elise Mertens,Elena Rybakina
20260704,Hard,Alexandra Eala,Iga Swiatek
20260704,Hard,Jasmine Paolini,Maria Sakkari
20260704,Hard,Linda Noskova,Sorana Cirstea
20260704,Hard,Madison Keys,Amanda Anisimova
20260705,Hard,Jessica Pegula,Iva Jovic
20260705,Hard,Karolina Muchova,Barbora Krejcikova
20260705,Hard,Naomi Osaka,Aryna Sabalenka
20260705,Hard,Coco Gauff,Belinda Bencic
20260706,Hard,Marta Kostyuk,Ashlyn Krueger
20260706,Hard,Elise Mertens,Marie Bouzkova
20260706,Hard,Jasmine Paolini,Alexandra Eala
20260706,Hard,Linda Noskova,Madison Keys
20260707,Hard,Coco Gauff,Jessica Pegula
20260707,Hard,Karolina Muchova,Naomi Osaka
20260708,Hard,Linda Noskova,Elise Mertens
20260708,Hard,Marta Kostyuk,Jasmine Paolini
20260709,Hard,Karolina Muchova,Coco Gauff
20260709,Hard,Linda Noskova,Marta Kostyuk
20260711,Hard,Linda Noskova,Karolina Muchova
20260706,Hard,Miriam Bulgaru,Valeriya Strakhova
20260706,Hard,Moyuka Uchijima,Oleksandra Oliynykova
20260706,Hard,Irene Burillo,Noma Noha Akugue
20260706,Hard,Leyre Romero Gormaz,Darja Semenistaja
20260706,Hard,Yulia Putintseva,Martha Matoula
20260706,Hard,Emiliana Arango,Lea Nilsson
20260706,Hard,Simona Waltert,Katarzyna Kawa
20260706,Hard,Paula Badosa,Marina Bassols Ribera
20260706,Hard,Kaitlin Quevedo,Tiana Tian Deng
20260707,Hard,Caijsa Hennemann,June Bjork
20260707,Hard,Aneta Laboutkova,Grace Bernstein
20260707,Hard,Lola Radivojevic,Mona Barthel
20260707,Hard,Sinja Kraus,Claire Liu
20260707,Hard,Tamara Korpatsch,Linea Bajraliu
20260707,Hard,Kajsa Rinaldo Persson,Dalma Galfi
20260707,Hard,Varvara Lepchenko,Lisa Zaar
20260708,Hard,Yulia Putintseva,Lola Radivojevic
20260708,Hard,Sinja Kraus,Caijsa Hennemann
20260708,Hard,Leyre Romero Gormaz,Miriam Bulgaru
20260708,Hard,Simona Waltert,Aneta Laboutkova
20260708,Hard,Paula Badosa,Emiliana Arango
20260708,Hard,Varvara Lepchenko,Tamara Korpatsch
20260708,Hard,Kaitlin Quevedo,Kajsa Rinaldo Persson
20260708,Hard,Irene Burillo,Moyuka Uchijima
20260709,Hard,Simona Waltert,Leyre Romero Gormaz
20260709,Hard,Kaitlin Quevedo,Irene Burillo
20260709,Hard,Paula Badosa,Varvara Lepchenko
20260709,Hard,Yulia Putintseva,Sinja Kraus
20260710,Hard,Simona Waltert,Kaitlin Quevedo
20260710,Hard,Paula Badosa,Yulia Putintseva
20260711,Hard,Paula Badosa,Simona Waltert
20260712,Hard,Igor Ribeiro Marcondes,Gonzalo Bueno
20260712,Hard,Martin Krumich,Frederico Ferreira Silva
20260712,Hard,Lautaro Midon,William Rejchtman Vinciguerra
20260712,Hard,Francesco Passaro,Maks Kasnikowski
20260712,Hard,Taro Daniel,Federico Coria
20260712,Hard,Thomas Faurel,Elmer Moller
20260712,Hard,Miguel Damas,Nikola Slavic
20260712,Hard,Carlos Sanchez Jover,Roberto Carballes Baena
20260713,Hard,Lautaro Midon,Igor Ribeiro Marcondes
20260713,Hard,Martin Krumich,Francesco Passaro
20260713,Hard,Taro Daniel,Carlos Sanchez Jover
20260713,Hard,Miguel Damas,Thomas Faurel
20260713,Hard,Jesper de Jong,Vilius Gaubas
20260714,Hard,Andrea Pellegrino,Nicolai Budkov Kjaer
20260714,Hard,Thiago Agustin Tirante,Sebastian Ofner
20260714,Hard,Lautaro Midon,Facundo Diaz Acosta
20260714,Hard,Adolfo Daniel Vallejo,Miguel Damas
20260714,Hard,Grigor Dimitrov,Dalibor Svrcina
20260714,Hard,Botic Van De Zandschulp,Taro Daniel
20260714,Hard,Nikoloz Basilashvili,Jan Choinski
20260714,Hard,Stefano Travaglia,Martin Krumich
20260714,Hard,Daniel Altmaier,Hugo Gaston
20260714,Hard,Nuno Borges,Moise Kouame
20260714,Hard,Sebastian Baez,Max Dahlin
20260715,Hard,Adolfo Daniel Vallejo,Botic Van De Zandschulp
20260715,Hard,Nuno Borges,Grigor Dimitrov
20260715,Hard,Stefano Travaglia,Mariano Navone
20260715,Hard,Luciano Darderi,Daniel Altmaier
20260716,Hard,Thiago Agustin Tirante,Nikoloz Basilashvili
20260716,Hard,Andrey Rublev,Andrea Pellegrino
20260716,Hard,Alejandro Tabilo,Lautaro Midon
20260716,Hard,Sebastian Baez,Jesper de Jong
20260717,Hard,Adolfo Daniel Vallejo,Stefano Travaglia
20260717,Hard,Luciano Darderi,Nuno Borges
20260717,Hard,Andrey Rublev,Sebastian Baez
20260717,Hard,Alejandro Tabilo,Thiago Agustin Tirante
20260718,Hard,Luciano Darderi,Adolfo Daniel Vallejo
20260718,Hard,Andrey Rublev,Alejandro Tabilo
20260719,Hard,Andrey Rublev,Luciano Darderi
20260711,Hard,Marc-Andrea Huesler,Edas Butvilas
20260711,Hard,Clement Tabur,Hendrik Jebens
20260711,Hard,Thiago Monteiro,Pierre-Hugues Herbert
20260711,Hard,Calvin Hemery,Daniel Michalski
20260711,Hard,Dylan Dietrich,Otto Virtanen
20260711,Hard,Federico Cina,Patrick Zahraj
20260711,Hard,Vitaliy Sachko,Manas Dhamne
20260711,Hard,Timofey Skatov,Anirudh Chandrasekar
20260712,Hard,Clement Tabur,Marc-Andrea Huesler
20260712,Hard,Federico Cina,Calvin Hemery
20260712,Hard,Timofey Skatov,Vitaliy Sachko
20260712,Hard,Dylan Dietrich,Thiago Monteiro
20260713,Hard,Lorenzo Sonego,Joel Josef Schwaerzler
20260713,Hard,Clement Tabur,Jurij Rodionov
20260713,Hard,Miomir Kecmanovic,Kilian Feldbausch
20260713,Hard,Raphael Collignon,Timofey Skatov
20260713,Hard,Dominic Stricker,Jaume Munar
20260714,Hard,Juan Manuel Cerundolo,Zdenek Kolar
20260714,Hard,Yannick Hanfmann,Pedro Martinez
20260714,Hard,Jerome Kym,Dylan Dietrich
20260714,Hard,Quentin Halys,Federico Cina
20260714,Hard,Stefanos Tsitsipas,Ignacio Buse
20260714,Hard,Aleksandr Shevchenko,Alexandre Muller
20260714,Hard,Jaime Faria,Stan Wawrinka
20260715,Hard,Raphael Collignon,Lorenzo Sonego
20260715,Hard,Arthur Rinderknech,Clement Tabur
20260715,Hard,Valentin Vacherot,Yannick Hanfmann
20260716,Hard,Juan Manuel Cerundolo,Miomir Kecmanovic
20260716,Hard,Casper Ruud,Jaime Faria
20260716,Hard,Stefanos Tsitsipas,Jerome Kym
20260717,Hard,Raphael Collignon,Valentin Vacherot
20260717,Hard,Aleksandr Shevchenko,Dominic Stricker
20260717,Hard,Quentin Halys,Alexander Bublik
20260717,Hard,Juan Manuel Cerundolo,Casper Ruud
20260717,Hard,Aleksandr Shevchenko,Quentin Halys
20260717,Hard,Stefanos Tsitsipas,Arthur Rinderknech
20260718,Hard,Raphael Collignon,Juan Manuel Cerundolo
20260718,Hard,Stefanos Tsitsipas,Aleksandr Shevchenko
20260719,Hard,Stefanos Tsitsipas,Raphael Collignon
20260711,Hard,Marco Cecchinato,Duje Ajdukovic
20260711,Hard,Marko Topo,Pol Martin Tiffon
20260711,Hard,Andrea Guerrieri,Luca Nardi
20260711,Hard,Genaro Alberto Olivieri,Noa Vukadin
20260711,Hard,Federico Agustin Gomez,Raul Brancaccio
20260711,Hard,Lukas Neumayer,Mili Poljicak
20260711,Hard,Nikolas Sanchez Izquierdo,Norbert Gombos
20260711,Hard,Juan Carlos Prado Angelo,Marc Majdandzic
20260712,Hard,Juan Carlos Prado Angelo,Nikolas Sanchez Izquierdo
20260712,Hard,Marko Topo,Lukas Neumayer
20260712,Hard,Marco Cecchinato,Genaro Alberto Olivieri
20260712,Hard,Federico Agustin Gomez,Andrea Guerrieri
20260713,Hard,Damir Dzumhur,Henrique Rocha
20260713,Hard,Luca Van Assche,Dusan Lajovic
20260713,Hard,Marco Trungelliti,Kyrian Jacquet
20260713,Hard,Dino Prizmic,Vit Kopriva
20260714,Hard,Camilo Ugo Carabelli,Marko Topo
20260714,Hard,Alex Molcan,Valentin Royer
20260714,Hard,Pablo Carreno Busta,Matej Dodig
20260714,Hard,Roman Andres Burruchaga,Marco Cecchinato
20260714,Hard,Daniel Merida,Ziga Sesko
20260714,Hard,Federico Agustin Gomez,Niels McDonald
20260714,Hard,Juan Carlos Prado Angelo,Lukas Neumayer
20260714,Hard,Titouan Droguet,Alexander Blockx
20260715,Hard,Daniel Merida,Tomas Martin Etcheverry
20260715,Hard,Matteo Arnaldi,Federico Agustin Gomez
20260715,Hard,Damir Dzumhur,Juan Carlos Prado Angelo
20260715,Hard,Alejandro Davidovich Fokina,Marco Trungelliti
20260715,Hard,Camilo Ugo Carabelli,Pablo Carreno Busta
20260715,Hard,Roman Andres Burruchaga,Flavio Cobolli
20260715,Hard,Titouan Droguet,Luca Van Assche
20260715,Hard,Alex Molcan,Dino Prizmic
20260716,Hard,Daniel Merida,Titouan Droguet
20260716,Hard,Damir Dzumhur,Matteo Arnaldi
20260716,Hard,Roman Andres Burruchaga,Camilo Ugo Carabelli
20260716,Hard,Alex Molcan,Alejandro Davidovich Fokina
20260717,Hard,Daniel Merida,Roman Andres Burruchaga
20260717,Hard,Damir Dzumhur,Alex Molcan
20260718,Hard,Daniel Merida,Damir Dzumhur
20260718,Hard,Lorenzo Giustino,Nico Hipfl
20260718,Hard,Federico Cina,Daniel Michalski
20260718,Hard,Vitaliy Sachko,Federico Coria
20260718,Hard,Laslo Djere,Niklas Waldner
20260718,Hard,Jurij Rodionov,Andrey Chepelev
20260718,Hard,Kilian Feldbausch,Gustavo Heide
20260718,Hard,Sandro Kopp,Pierre-Hugues Herbert
20260718,Hard,Hugo Dellien,Michele Ribecai
20260719,Hard,Federico Cina,Lorenzo Giustino
20260719,Hard,Laslo Djere,Hugo Dellien
20260719,Hard,Jurij Rodionov,Vitaliy Sachko
20260719,Hard,Kilian Feldbausch,Sandro Kopp
20260720,Hard,Mariano Navone,Alexandre Muller
20260720,Hard,Yannick Hanfmann,Lukas Neumayer
20260720,Hard,Jurij Rodionov,Joel Josef Schwaerzler
20260720,Hard,Facundo Diaz Acosta,Federico Cina
20260720,Hard,Ignacio Buse,Vit Kopriva
20260721,Hard,Jan-Lennard Struff,Aleksandr Shevchenko
20260721,Hard,Marco Trungelliti,Juan Manuel Cerundolo
20260721,Hard,Sebastian Baez,Miomir Kecmanovic
20260721,Hard,Quentin Halys,Laslo Djere
20260721,Hard,Kilian Feldbausch,Adolfo Daniel Vallejo
20260721,Hard,Alex Molcan,Sebastian Ofner
20260721,Hard,Daniel Altmaier,Raphael Collignon
20260722,Hard,Quentin Halys,Valentin Vacherot
20260722,Hard,Sebastian Baez,Arthur Rinderknech
20260722,Hard,Mariano Navone,Jan-Lennard Struff
20260722,Hard,Yannick Hanfmann,Marco Trungelliti
20260722,Hard,Ignacio Buse,Kilian Feldbausch
20260722,Hard,Tomas Martin Etcheverry,Jurij Rodionov
20260722,Hard,Alex Molcan,Daniel Altmaier
20260722,Hard,Alexander Bublik,Facundo Diaz Acosta
20260723,Hard,Quentin Halys,Mariano Navone
20260723,Hard,Yannick Hanfmann,Sebastian Baez
20260723,Hard,Tomas Martin Etcheverry,Ignacio Buse
20260723,Hard,Alexander Bublik,Alex Molcan
20260724,Hard,Quentin Halys,Yannick Hanfmann
20260724,Hard,Alexander Bublik,Tomas Martin Etcheverry
20260725,Hard,Quentin Halys,Alexander Bublik
20260718,Hard,Clement Tabur,Edas Butvilas
20260718,Hard,Taro Daniel,Juan Carlos Prado Angelo
20260718,Hard,Kyrian Jacquet,Goncalo Da Rosa Castro
20260718,Hard,Pedro Martinez,David Jorda Sanchis
20260718,Hard,Gonzalo Bueno,Francisco Rocha
20260718,Hard,Orlando Luz,Chun-Hsin Tseng
20260718,Hard,Andrea Pellegrino,Joao Silva
20260718,Hard,Timofey Skatov,Joao Domingues
20260719,Hard,Gonzalo Bueno,Andrea Pellegrino
20260719,Hard,Taro Daniel,Kyrian Jacquet
20260719,Hard,Pedro Martinez,Timofey Skatov
20260719,Hard,Orlando Luz,Clement Tabur
20260720,Hard,Tiago Torres,Nikoloz Basilashvili
20260720,Hard,Titouan Droguet,Camilo Ugo Carabelli
20260720,Hard,Luca Van Assche,Frederico Ferreira Silva
20260720,Hard,Pedro Martinez,Henrique Rocha
20260721,Hard,Pablo Carreno Busta,Vilius Gaubas
20260721,Hard,Gonzalo Bueno,Tiago Pereira
20260721,Hard,Timofey Skatov,Jesper de Jong
20260721,Hard,Nuno Borges,Orlando Luz
20260721,Hard,Kyrian Jacquet,Daniel Merida
20260721,Hard,Hugo Gaston,Damir Dzumhur
20260721,Hard,Roman Andres Burruchaga,Stan Wawrinka
20260721,Hard,Jaime Faria,Botic Van De Zandschulp
20260722,Hard,Hugo Gaston,Titouan Droguet
20260722,Hard,Roman Andres Burruchaga,Nuno Borges
20260722,Hard,Tiago Torres,Alejandro Tabilo
20260722,Hard,Alexander Blockx,Kyrian Jacquet
20260723,Hard,Luca Van Assche,Pablo Carreno Busta
20260723,Hard,Jaime Faria,Gonzalo Bueno
20260723,Hard,Andrey Rublev,Timofey Skatov
20260723,Hard,Luciano Darderi,Pedro Martinez
20260724,Hard,Hugo Gaston,Tiago Torres
20260724,Hard,Luca Van Assche,Andrey Rublev
20260724,Hard,Alexander Blockx,Roman Andres Burruchaga
20260724,Hard,Luciano Darderi,Jaime Faria
20260725,Hard,Luca Van Assche,Hugo Gaston
20260725,Hard,Alexander Blockx,Luciano Darderi
20260726,Hard,Luca Van Assche,Alexander Blockx
20260726,Hard,Edward Winter,Luis Carlos Alvarez
20260726,Hard,Bernard Tomic,Miguel Tobon
20260726,Hard,Alan Magadan,Garrett Johns
20260726,Hard,Tristan Boyer,Lorenzo Claverie
20260726,Hard,Alex Hernandez,Nicolas Mejia
20260726,Hard,SoonWoo Kwon,Alan Fernando Rubio Fierros
20260726,Hard,Roger Pascual Ferra,Colton Smith
20260726,Hard,Aidan Mayo,Evan King
20260727,Hard,SoonWoo Kwon,Edward Winter
20260727,Hard,Tristan Boyer,Bernard Tomic
20260727,Hard,Aidan Mayo,Roger Pascual Ferra
20260727,Hard,Alex Hernandez,Alan Magadan
20260728,Hard,Tristan Boyer,Gabriel Diallo
20260728,Hard,Bernard Tomic,Alex Hernandez
20260728,Hard,Cameron Norrie,Aleksandar Kovacevic
20260728,Hard,Chak Lam Coleman Wong,Darwin Blanch
20260729,Hard,Rodrigo Pacheco Mendez,Sho Shimabukuro
20260729,Hard,Edward Winter,Moise Kouame
20260729,Hard,James Duckworth,Aidan Mayo
20260729,Hard,Jenson Brooksby,Corentin Moutet
20260729,Hard,Arthur Gea,SoonWoo Kwon
20260729,Hard,Denis Shapovalov,Rinky Hijikata
20260729,Hard,Dalibor Svrcina,Adam Walton
20260729,Hard,Michael Zheng,Martin Landaluce
20260730,Hard,Jenson Brooksby,Edward Winter
20260730,Hard,Francisco Cerundolo,Tristan Boyer
20260730,Hard,Chak Lam Coleman Wong,Jiri Lehecka
20260730,Hard,Arthur Gea,Michael Zheng
20260730,Hard,Denis Shapovalov,Rodrigo Pacheco Mendez
20260730,Hard,Bernard Tomic,Karen Khachanov
20260730,Hard,Dalibor Svrcina,Luciano Darderi
20260730,Hard,Cameron Norrie,James Duckworth
20260731,Hard,Arthur Gea,Francisco Cerundolo
20260731,Hard,Chak Lam Coleman Wong,Jenson Brooksby
20260731,Hard,Denis Shapovalov,Dalibor Svrcina
20260731,Hard,Cameron Norrie,Bernard Tomic
20260801,Hard,Arthur Gea,Chak Lam Coleman Wong
20260801,Hard,Denis Shapovalov,Cameron Norrie
20260802,Hard,Arthur Gea,Denis Shapovalov
20260725,Hard,Aleksandar Vukic,Aziz Dougaz
20260725,Hard,Martin Damm,Kimmer Coppejans
20260725,Hard,Alex Bolt,James McCabe
20260725,Hard,Zachary Svajda,Stefan Kozlov
20260725,Hard,Andre Ilagan,Remy Bertola
20260725,Hard,Abdullah Shelbayh,Billy Harris
20260725,Hard,Marcos Giron,Aryan Shah
20260725,Hard,Cruz Hewitt,Dusan Lajovic
20260725,Hard,Moez Echargui,Jordan Lee
20260725,Hard,Trevor Svajda,Elias Ymer
20260725,Hard,Andres Martin,Christopher O'Connell
20260725,Hard,Mackenzie McDonald,Edas Butvilas
20260726,Hard,Martin Damm,Abdullah Shelbayh
20260726,Hard,Aleksandar Vukic,Alex Bolt
20260726,Hard,Cruz Hewitt,Zachary Svajda
20260726,Hard,Marcos Giron,Andre Ilagan
20260726,Hard,Andres Martin,Moez Echargui
20260726,Hard,Trevor Svajda,Mackenzie McDonald
20260727,Hard,Alejandro Tabilo,Tallon Griekspoor
20260727,Hard,Lorenzo Musetti,Matteo Arnaldi
20260727,Hard,Taylor Fritz,Zizou Bergs
20260727,Hard,Kei Nishikori,Shang Juncheng
20260727,Hard,Aleksandar Vukic,Zachary Svajda
20260728,Hard,Terence Atmane,Frances Tiafoe
20260728,Hard,Ugo Humbert,Andres Martin
20260728,Hard,Kamil Majchrzak,Tommy Paul
20260728,Hard,Alex Michelsen,Mackenzie McDonald
20260728,Hard,Rafael Jodar,Arthur Fils
20260728,Hard,Adrian Mannarino,Learner Tien
20260728,Hard,Cruz Hewitt,Marcos Giron
20260728,Hard,Brandon Nakashima,Tomas Martin Etcheverry
20260728,Hard,Ben Shelton,Martin Damm
20260728,Hard,Jakub Mensik,Trevor Svajda
20260729,Hard,Lorenzo Musetti,Aleksandar Vukic
20260729,Hard,Alex de Minaur,Stefanos Tsitsipas
20260729,Hard,Taylor Fritz,Kamil Majchrzak
20260729,Hard,Alex Michelsen,Adrian Mannarino
20260730,Hard,Rafael Jodar,Kei Nishikori
20260730,Hard,Brandon Nakashima,Jakub Mensik
20260730,Hard,Alex de Minaur,Cruz Hewitt
20260730,Hard,Alejandro Tabilo,Terence Atmane
20260730,Hard,Ben Shelton,Ugo Humbert
20260731,Hard,Brandon Nakashima,Alex de Minaur
20260731,Hard,Taylor Fritz,Alex Michelsen
20260731,Hard,Rafael Jodar,Lorenzo Musetti
20260801,Hard,Alejandro Tabilo,Ben Shelton
20260801,Hard,Taylor Fritz,Brandon Nakashima
20260802,Hard,Rafael Jodar,Alejandro Tabilo
20260803,Hard,Taylor Fritz,Rafael Jodar
20260725,Hard,Julieta Pareja,Polina Iatcenko
20260725,Hard,Heather Watson,Kamilla Rakhimova
20260725,Hard,Varvara Lepchenko,Clervie Ngounoue
20260725,Hard,Polina Kudermetova,Mei Yamaguchi
20260725,Hard,Rebecca Sramkova,Carolyn Ansari
20260725,Hard,Daria Kasatkina,Mariam Bolkvadze
20260725,Hard,Gabriela Knutson,Zhang Shuai
20260725,Hard,Alana Smith,Lea Ma
20260726,Hard,Polina Kudermetova,Varvara Lepchenko
20260726,Hard,Julieta Pareja,Heather Watson
20260726,Hard,Rebecca Sramkova,Gabriela Knutson
20260726,Hard,Daria Kasatkina,Alana Smith
20260727,Hard,Elisabetta Cocciaretto,Clara Tauson
20260727,Hard,Leylah Fernandez,Magda Linette
20260727,Hard,Emma Navarro,Sofia Kenin
20260727,Hard,Liudmila Samsonova,Madison Keys
20260727,Hard,Janice Tjen,Rebecca Sramkova
20260727,Hard,Ashlyn Krueger,Katie Boulter
20260728,Hard,Polina Kudermetova,Cristina Bucsa
20260728,Hard,Wang Xinyu,Julieta Pareja
20260728,Hard,Alexandra Eala,Zheng Qinwen
20260728,Hard,Anna Kalinskaya,Daria Kasatkina
20260728,Hard,Magdalena Frech,Ann Li
20260729,Hard,Anastasia Potapova,Venus Williams
20260729,Hard,Liudmila Samsonova,Wang Xinyu
20260729,Hard,Alexandra Eala,Leylah Fernandez
20260729,Hard,Elisabetta Cocciaretto,Emma Navarro
20260729,Hard,Naomi Osaka,Ashlyn Krueger
20260730,Hard,Anna Kalinskaya,Janice Tjen
20260730,Hard,Jessica Pegula,Magdalena Frech
20260730,Hard,Diana Shnaider,Anastasia Potapova
20260731,Hard,Elina Svitolina,Polina Kudermetova
20260731,Hard,Jessica Pegula,Anna Kalinskaya
20260731,Hard,Naomi Osaka,Elisabetta Cocciaretto
20260731,Hard,Diana Shnaider,Liudmila Samsonova
20260731,Hard,Alexandra Eala,Elina Svitolina
20260801,Hard,Jessica Pegula,Diana Shnaider
20260801,Hard,Alexandra Eala,Naomi Osaka
20260803,Hard,Alexandra Eala,Jessica Pegula
20260801,Hard,Nicolas Mejia,Marco Trungelliti
20260801,Hard,Martin Damm,Henrique Rocha
20260801,Hard,Kyrian Jacquet,Aleksandr Shevchenko
20260801,Hard,Marcos Giron,Pablo Llamas Ruiz
20260801,Hard,Michael Zheng,Kei Nishikori
20260801,Hard,Alexei Popyrin,Thanasi Kokkinakis
20260801,Hard,Adam Walton,Justin Boulais
20260801,Hard,Jacob Fearnley,Sebastian Ofner
20260801,Hard,Aleksandar Vukic,Tomas Barrios Vera
20260801,Hard,Sho Shimabukuro,Nicolai Budkov Kjaer
20260801,Hard,Duncan Chan,Hugo Gaston
20260801,Hard,Benjamin Bonzi,Hugo Dellien
20260801,Hard,Christopher O'Connell,Jaime Faria
20260801,Hard,Shintaro Mochizuki,Dane Sweeny
20260801,Hard,Stefanos Tsitsipas,Keegan Rice
20260801,Hard,Titouan Droguet,Dalibor Svrcina
20260802,Hard,Shang Juncheng,Adolfo Daniel Vallejo
20260802,Hard,Jaume Munar,Rinky Hijikata
20260803,Hard,Mariano Navone,Matteo Berrettini
20260803,Hard,Vit Kopriva,Alexis Galarneau
20260803,Hard,Nicolas Mejia,Martin Landaluce
20260803,Hard,Titouan Droguet,Luca Van Assche
20260803,Hard,James Duckworth,Christopher O'Connell
20260803,Hard,Yannick Hanfmann,Benjamin Bonzi
20260803,Hard,Nuno Borges,Aleksandar Kovacevic
20260803,Hard,Gabriel Diallo,Kyrian Jacquet
20260804,Hard,Miomir Kecmanovic,Michael Zheng
20260804,Hard,Marin Cilic,Sho Shimabukuro
20260804,Hard,Daniel Altmaier,Aleksandar Vukic
20260804,Hard,Alex Michelsen,Jan-Lennard Struff
20260804,Hard,Corentin Moutet,Marton Fucsovics
20260804,Hard,Cameron Norrie,Camilo Ugo Carabelli
20260804,Hard,Gael Monfils,Kamil Majchrzak
20260804,Hard,Thiago Agustin Tirante,Duncan Chan
20260804,Hard,Sebastian Baez,Mattia Bellucci
20260804,Hard,Jenson Brooksby,Adam Walton
20260804,Hard,Hubert Hurkacz,Marcos Giron
20260804,Hard,Stefanos Tsitsipas,Martin Damm
20260804,Hard,Jacob Fearnley,Adrian Mannarino
20260804,Hard,Valentin Royer,Pablo Carreno Busta
20260804,Hard,Zachary Svajda,Denis Shapovalov
20260804,Hard,Daniel Merida,Liam Draxl
20260804,Hard,Alexei Popyrin,Roman Andres Burruchaga
20260804,Hard,Juan Manuel Cerundolo,Hamad Medjedovic
20260804,Hard,Terence Atmane,Jack Draper
20260804,Hard,Botic Van De Zandschulp,Giovanni Mpetshi Perricard
20260804,Hard,Tallon Griekspoor,Lorenzo Sonego
20260804,Hard,Shang Juncheng,Andrey Rublev
20260804,Hard,Alexander Blockx,Jaume Munar
20260804,Hard,Fabian Marozsan,Shintaro Mochizuki
20260804,Hard,Jiri Lehecka,Vit Kopriva
20260804,Hard,Brandon Nakashima,Daniel Altmaier
20260804,Hard,Frances Tiafoe,Marin Cilic
20260804,Hard,Alex de Minaur,James Duckworth
20260805,Hard,Yannick Hanfmann,Flavio Cobolli
20260805,Hard,Luciano Darderi,Gabriel Diallo
20260805,Hard,Nuno Borges,Tomas Martin Etcheverry
20260805,Hard,Zizou Bergs,Sebastian Baez
20260805,Hard,Lorenzo Musetti,Nicolas Mejia
20260805,Hard,Mariano Navone,Valentin Vacherot
20260805,Hard,Joao Fonseca,Stefanos Tsitsipas
20260805,Hard,Arthur Rinderknech,Miomir Kecmanovic
20260805,Hard,Cameron Norrie,Ignacio Buse
20260805,Hard,Ben Shelton,Jenson Brooksby
20260805,Hard,Arthur Fils,Zachary Svajda
20260805,Hard,Casper Ruud,Juan Manuel Cerundolo
20260805,Hard,Thiago Agustin Tirante,Taylor Fritz
20260805,Hard,Hubert Hurkacz,Alejandro Tabilo
20260805,Hard,Tallon Griekspoor,Alexander Zverev
20260805,Hard,Rafael Jodar,Corentin Moutet
20260805,Hard,Alexei Popyrin,Raphael Collignon
20260805,Hard,Alex Michelsen,Francisco Cerundolo
20260805,Hard,Matteo Arnaldi,Fabian Marozsan
20260805,Hard,Jakub Mensik,Jacob Fearnley
20260805,Hard,Terence Atmane,Karen Khachanov
20260805,Hard,Daniel Merida,Ugo Humbert
20260805,Hard,Botic Van De Zandschulp,Daniil Medvedev
20260806,Hard,Titouan Droguet,Jaime Faria
20260806,Hard,Tommy Paul,Valentin Royer
20260806,Hard,Learner Tien,Gael Monfils
20260806,Hard,Arthur Fils,Mariano Navone
20260806,Hard,Luciano Darderi,Shang Juncheng
20260806,Hard,Cameron Norrie,Alex de Minaur
20260806,Hard,Nuno Borges,Yannick Hanfmann
20260806,Hard,Jiri Lehecka,Alexander Blockx
20260806,Hard,Rafael Jodar,Lorenzo Musetti
20260806,Hard,Brandon Nakashima,Titouan Droguet
20260807,Hard,Arthur Rinderknech,Frances Tiafoe
20260807,Hard,Daniel Merida,Alex Michelsen
20260807,Hard,Tallon Griekspoor,Matteo Arnaldi
20260807,Hard,Botic Van De Zandschulp,Hubert Hurkacz
20260807,Hard,Ben Shelton,Zizou Bergs
20260807,Hard,Jakub Mensik,Terence Atmane
20260807,Hard,Joao Fonseca,Casper Ruud
20260808,Hard,Thiago Agustin Tirante,Alexei Popyrin
20260808,Hard,Learner Tien,Tommy Paul
20260808,Hard,Luciano Darderi,Nuno Borges
20260808,Hard,Brandon Nakashima,Arthur Rinderknech
20260809,Hard,Rafael Jodar,Jiri Lehecka
20260809,Hard,Arthur Fils,Cameron Norrie
20260809,Hard,Daniel Merida,Tallon Griekspoor
20260809,Hard,Learner Tien,Thiago Agustin Tirante
20260809,Hard,Ben Shelton,Joao Fonseca
20260810,Hard,Jakub Mensik,Botic Van De Zandschulp
20260801,Hard,Victoria Jimenez Kasintseva,Marina Bassols Ribera
20260801,Hard,Aoi Ito,Oksana Selekhmeteva
20260801,Hard,Lois Boisson,Emiliana Arango
20260801,Hard,Leolia Jeanjean,Zhu Lin
20260801,Hard,Lanlana Tararudee,Zheng Qinwen
20260801,Hard,Tatjana Maria,Isabella Marton
20260801,Hard,Alina Korneeva,Mary Stoiana
20260801,Hard,Moyuka Uchijima,Himeno Sakatsume
20260801,Hard,Lucrezia Stefanini,Sofia Kenin
20260801,Hard,Polina Kudermetova,Avery Alexander
20260801,Hard,Kayla Day,Guo Hanyu
20260801,Hard,Anna Blinkova,Heather Watson
20260801,Hard,Maya Joint,Ana Grubor
20260801,Hard,Sloane Stephens,Harriet Dart
20260801,Hard,Rebecca Sramkova,Mananchaya Sawangkaew
20260801,Hard,Emerson Jones,Varvara Lepchenko
20260802,Hard,Kamilla Rakhimova,Venus Williams
20260802,Hard,Viktorija Golubic,Kimberly Birrell
20260802,Hard,Sara Bejlek,Wang Xiyu
20260802,Hard,Jessica Bouzas Maneiro,Ariana Arseneault
20260802,Hard,Katherine Sebov,Aoi Ito
20260802,Hard,Moyuka Uchijima,Cristina Bucsa
20260802,Hard,Camila Osorio,Lucrezia Stefanini
20260803,Hard,Alina Korneeva,Polina Kudermetova
20260803,Hard,Karolina Pliskova,Oleksandra Oliynykova
20260803,Hard,Anna Bondar,Anhelina Kalinina
20260803,Hard,Kayla Day,Diane Parry
20260803,Hard,Kayla Cross,Katie Boulter
20260803,Hard,Talia Gibson,Elisabetta Cocciaretto
20260803,Hard,McCartney Kessler,Cadence Brace
20260803,Hard,Rebecca Sramkova,Anna Blinkova
20260803,Hard,Elena-Gabriela Ruse,Peyton Stearns
20260803,Hard,Zhang Shuai,Yulia Putintseva
20260803,Hard,Magdalena Frech,Leolia Jeanjean
20260803,Hard,Nikola Bartunkova,Bianca Andreescu
20260803,Hard,Lanlana Tararudee,Emerson Jones
20260803,Hard,Liudmila Samsonova,Janice Tjen
20260803,Hard,Antonia Ruzic,Lois Boisson
20260803,Hard,Magda Linette,Carol Zhao
20260803,Hard,Alycia Parks,Victoria Jimenez Kasintseva
20260803,Hard,Maya Joint,Yuliia Starodubtseva
20260803,Hard,Taylor Townsend,Tereza Valentova
20260803,Hard,Panna Udvardy,Eva Lys
20260803,Hard,Renata Zarazua,Tamara Korpatsch
20260803,Hard,Zeynep Sonmez,Rebecca Marino
20260804,Hard,Catherine McNally,Tatjana Maria
20260804,Hard,Sloane Stephens,Solana Sierra
20260804,Hard,Daria Kasatkina,Wang Xinyu
20260804,Hard,Elina Svitolina,Jessica Bouzas Maneiro
20260804,Hard,Iga Swiatek,Sara Bejlek
20260804,Hard,Ekaterina Alexandrova,Camila Osorio
20260804,Hard,Viktorija Golubic,Donna Vekic
20260804,Hard,Diana Shnaider,Rebecca Sramkova
20260804,Hard,Marta Kostyuk,Katherine Sebov
20260804,Hard,Talia Gibson,Maja Chwalinska
20260804,Hard,Anastasia Potapova,Elena-Gabriela Ruse
20260804,Hard,Madison Keys,Antonia Ruzic
20260804,Hard,Zhang Shuai,Jelena Ostapenko
20260804,Hard,Kamilla Rakhimova,Katerina Siniakova
20260804,Hard,Anna Kalinskaya,McCartney Kessler
20260804,Hard,Aryna Sabalenka,Moyuka Uchijima
20260805,Hard,Amanda Anisimova,Lanlana Tararudee
20260805,Hard,Nikola Bartunkova,Clara Tauson
20260805,Hard,Ann Li,Kayla Cross
20260805,Hard,Belinda Bencic,Sloane Stephens
20260805,Hard,Elena Rybakina,Daria Kasatkina
20260805,Hard,Taylor Townsend,Marie Bouzkova
20260805,Hard,Jessica Pegula,Magdalena Frech
20260805,Hard,Iva Jovic,Magda Linette
20260805,Hard,Alina Korneeva,Emma Navarro
20260805,Hard,Mirra Andreeva,Karolina Pliskova
20260805,Hard,Coco Gauff,Kayla Day
20260805,Hard,Maria Sakkari,Zeynep Sonmez
20260805,Hard,Elise Mertens,Anna Bondar
20260805,Hard,Naomi Osaka,Panna Udvardy
20260805,Hard,Liudmila Samsonova,Barbora Krejcikova
20260805,Hard,Catherine McNally,Linda Noskova
20260805,Hard,Leylah Fernandez,Renata Zarazua
20260805,Hard,Maya Joint,Sorana Cirstea
20260806,Hard,Alexandra Eala,Alycia Parks
20260806,Hard,Ekaterina Alexandrova,Talia Gibson
20260806,Hard,Iga Swiatek,Viktorija Golubic
20260806,Hard,Diana Shnaider,Anna Kalinskaya
20260806,Hard,Jessica Pegula,Kamilla Rakhimova
20260806,Hard,Marta Kostyuk,Madison Keys
20260806,Hard,Amanda Anisimova,Nikola Bartunkova
20260806,Hard,Aryna Sabalenka,Zhang Shuai
20260807,Hard,Elina Svitolina,Anastasia Potapova
20260807,Hard,Alina Korneeva,Iva Jovic
20260807,Hard,Elena Rybakina,Ann Li
20260807,Hard,Leylah Fernandez,Mirra Andreeva
20260807,Hard,Liudmila Samsonova,Maya Joint
20260807,Hard,Naomi Osaka,Elise Mertens
20260807,Hard,Coco Gauff,Maria Sakkari
20260807,Hard,Belinda Bencic,Taylor Townsend
20260808,Hard,Alexandra Eala,Catherine McNally
20260808,Hard,Iga Swiatek,Marta Kostyuk
20260808,Hard,Diana Shnaider,Jessica Pegula
20260808,Hard,Ekaterina Alexandrova,Aryna Sabalenka
20260809,Hard,Elina Svitolina,Amanda Anisimova
20260809,Hard,Elena Rybakina,Liudmila Samsonova
20260809,Hard,Coco Gauff,Alina Korneeva
20260809,Hard,Naomi Osaka,Leylah Fernandez
20260810,Hard,Belinda Bencic,Alexandra Eala
