tourney_date,surface,winner_name,loser_name
20250214,Hard,Moyuka Uchijima,Arantxa Rus
20250214,Hard,Aoi Ito,Taylor Townsend
20250214,Hard,Ashlyn Krueger,Jule Niemeier
20250214,Hard,Anastasia Zakharova,Viktoriya Tomova
20250214,Hard,Jaqueline Cristian,Elena-Gabriela Ruse
20250214,Hard,Alycia Parks,Polina Kudermetova
20250214,Hard,Bernarda Pera,Ysaline Bonaventure
20250214,Hard,Katerina Siniakova,Kristina Mladenovic
20250214,Hard,Irina-Camelia Begu,Leah Baroudi
20250214,Hard,Yuan Yue,Cristina Bucsa
20250214,Hard,Veronika Kudermetova,Chloe Paquet
20250214,Hard,Celine Simunyu,Renata Zarazua
20250214,Hard,Suzan Lamens,Daria Saville
20250214,Hard,Eva Lys,Ann Li
20250214,Hard,Zhang Shuai,Lucia Bronzetti
20250214,Hard,Kamilla Rakhimova,Darja Semenistaja
20250215,Hard,Aoi Ito,Ashlyn Krueger
20250215,Hard,Alycia Parks,Bernarda Pera
20250215,Hard,Moyuka Uchijima,Anastasia Zakharova
20250215,Hard,Irina-Camelia Begu,Yuan Yue
20250215,Hard,Veronika Kudermetova,Celine Simunyu
20250215,Hard,Katerina Siniakova,Jaqueline Cristian
20250215,Hard,Eva Lys,Kamilla Rakhimova
20250215,Hard,Suzan Lamens,Zhang Shuai
20250216,Hard,Paula Badosa,Lulu Sun
20250216,Hard,Alycia Parks,Wang Xinyu
20250216,Hard,Elise Mertens,Leylah Fernandez
20250216,Hard,Dayana Yastremska,Magda Linette
20250216,Hard,Sofia Kenin,Donna Vekic
20250216,Hard,Linda Noskova,Yulia Putintseva
20250216,Hard,Belinda Bencic,Aoi Ito
20250216,Hard,Liudmila Samsonova,Anastasia Pavlyuchenkova
20250216,Hard,Marketa Vondrousova,Caroline Garcia
20250216,Hard,Karolina Muchova,Suzan Lamens
20250216,Hard,Elina Svitolina,Anna Kalinskaya
20250216,Hard,Emma Raducanu,Maria Sakkari
20250217,Hard,Diana Shnaider,Magdalena Frech
20250217,Hard,Eva Lys,Irina-Camelia Begu
20250217,Hard,Anastasia Potapova,Beatriz Haddad Maia
20250217,Hard,Sorana Cirstea,Daria Kasatkina
20250217,Hard,Marta Kostyuk,Katerina Siniakova
20250217,Hard,Clara Tauson,Rebecca Sramkova
20250217,Hard,Victoria Azarenka,Anhelina Kalinina
20250217,Hard,Moyuka Uchijima,Jelena Ostapenko
20250217,Hard,McCartney Kessler,Amanda Anisimova
20250217,Hard,Veronika Kudermetova,Ekaterina Alexandrova
20250217,Hard,Peyton Stearns,Ons Jabeur
20250217,Hard,Mirra Andreeva,Elina Avanesyan
20250218,Hard,Elena Rybakina,Moyuka Uchijima
20250218,Hard,Jasmine Paolini,Eva Lys
20250218,Hard,Paula Badosa,Elise Mertens
20250218,Hard,Linda Noskova,Diana Shnaider
20250218,Hard,Sofia Kenin,Marta Kostyuk
20250218,Hard,Jessica Pegula,Liudmila Samsonova
20250218,Hard,Iga Swiatek,Victoria Azarenka
20250218,Hard,Dayana Yastremska,Anastasia Potapova
20250218,Hard,McCartney Kessler,Coco Gauff
20250218,Hard,Aryna Sabalenka,Veronika Kudermetova
20250218,Hard,Karolina Muchova,Emma Raducanu
20250218,Hard,Clara Tauson,Elina Svitolina
20250219,Hard,Emma Navarro,Belinda Bencic
20250219,Hard,Peyton Stearns,Zheng Qinwen
20250219,Hard,Mirra Andreeva,Marketa Vondrousova
20250219,Hard,Sorana Cirstea,Alycia Parks
20250219,Hard,Sofia Kenin,Jasmine Paolini
20250219,Hard,Linda Noskova,Jessica Pegula
20250219,Hard,Iga Swiatek,Dayana Yastremska
20250219,Hard,Elena Rybakina,Paula Badosa
20250219,Hard,Mirra Andreeva,Peyton Stearns
20250219,Hard,Karolina Muchova,McCartney Kessler
20250219,Hard,Clara Tauson,Aryna Sabalenka
20250219,Hard,Sorana Cirstea,Emma Navarro
20250220,Hard,Mirra Andreeva,Iga Swiatek
20250220,Hard,Clara Tauson,Linda Noskova
20250220,Hard,Elena Rybakina,Sofia Kenin
20250220,Hard,Karolina Muchova,Sorana Cirstea
20250221,Hard,Mirra Andreeva,Elena Rybakina
20250221,Hard,Clara Tauson,Karolina Muchova
20250222,Hard,Mirra Andreeva,Clara Tauson
20250222,Hard,Marton Fucsovics,Jozef Kovalik
20250222,Hard,Luca Nardi,Lloyd Harris
20250222,Hard,Quentin Halys,Yasutaka Uchiyama
20250222,Hard,Christopher O'Connell,Abdulrahman Al Janahi
20250222,Hard,Pavel Kotov,Yosuke Watanuki
20250222,Hard,Botic Van De Zandschulp,Andrea Vavassori
20250222,Hard,Otto Virtanen,Mikhail Kukushkin
20250222,Hard,Roman Safiullin,Nikoloz Basilashvili
20250223,Hard,Christopher O'Connell,Botic Van De Zandschulp
20250223,Hard,Marton Fucsovics,Luca Nardi
20250223,Hard,Roman Safiullin,Otto Virtanen
20250223,Hard,Quentin Halys,Pavel Kotov
20250224,Hard,Roberto Bautista Agut,Fabian Marozsan
20250224,Hard,Alexei Popyrin,Hady Habib
20250224,Hard,Karen Khachanov,Daniel Evans
20250224,Hard,Zizou Bergs,Aziz Dougaz
20250224,Hard,Stefanos Tsitsipas,Lorenzo Sonego
20250224,Hard,Giovanni Mpetshi Perricard,Zhang Zhizhen
20250225,Hard,Luca Nardi,Marton Fucsovics
20250225,Hard,Marin Cilic,Alex de Minaur
20250225,Hard,Nuno Borges,Arthur Fils
20250225,Hard,Felix Auger-Aliassime,Alexander Bublik
20250225,Hard,Tallon Griekspoor,Roman Safiullin
20250225,Hard,Quentin Halys,Andrey Rublev
20250225,Hard,Ugo Humbert,Jiri Lehecka
20250225,Hard,Daniil Medvedev,Jan-Lennard Struff
20250225,Hard,Christopher O'Connell,Grigor Dimitrov
20250225,Hard,Matteo Berrettini,Gael Monfils
20250226,Hard,Marin Cilic,Alexei Popyrin
20250226,Hard,Felix Auger-Aliassime,Nuno Borges
20250226,Hard,Luca Nardi,Zizou Bergs
20250226,Hard,Tallon Griekspoor,Ugo Humbert
20250226,Hard,Quentin Halys,Roberto Bautista Agut
20250226,Hard,Daniil Medvedev,Giovanni Mpetshi Perricard
20250226,Hard,Matteo Berrettini,Christopher O'Connell
20250226,Hard,Stefanos Tsitsipas,Karen Khachanov
20250227,Hard,Felix Auger-Aliassime,Marin Cilic
20250227,Hard,Quentin Halys,Luca Nardi
20250227,Hard,Tallon Griekspoor,Daniil Medvedev
20250227,Hard,Stefanos Tsitsipas,Matteo Berrettini
20250228,Hard,Felix Auger-Aliassime,Quentin Halys
20250228,Hard,Stefanos Tsitsipas,Tallon Griekspoor
20250301,Hard,Stefanos Tsitsipas,Felix Auger-Aliassime
20250222,Hard,Emiliana Arango,Katarzyna Kawa
20250222,Hard,Maya Joint,Emina Bektas
20250222,Hard,Solana Sierra,Linda Fruhvirtova
20250222,Hard,Leolia Jeanjean,Astra Sharma
20250222,Hard,Leonie Kung,Anca Todoni
20250222,Hard,Maria Lourdes Carle,Victoria Rodriguez
20250222,Hard,Yuliia Starodubtseva,Dimitra Pavlou
20250222,Hard,Hanna Chang,Nao Hibino
20250222,Hard,Francesca Jones,Ana Sofia Sanchez
20250222,Hard,Varvara Lepchenko,Valeriya Strakhova
20250222,Hard,Daria Saville,Ellen Perez
20250222,Hard,Petra Martic,Lia Karatancheva
20250223,Hard,Emiliana Arango,Maria Lourdes Carle
20250223,Hard,Leolia Jeanjean,Yuliia Starodubtseva
20250223,Hard,Maya Joint,Solana Sierra
20250223,Hard,Petra Martic,Hanna Chang
20250223,Hard,Daria Saville,Varvara Lepchenko
20250223,Hard,Francesca Jones,Leonie Kung
20250224,Hard,Anhelina Kalinina,Leolia Jeanjean
20250224,Hard,Maya Joint,Julia Grabher
20250224,Hard,Elina Avanesyan,Magdalena Frech
20250225,Hard,Jessica Bouzas Maneiro,Renata Jamrichova
20250225,Hard,Emiliana Arango,Maria Lourdes Carle
20250225,Hard,Francesca Jones,Mayar Sherif
20250225,Hard,Daria Saville,Marta Kostyuk
20250225,Hard,Rebecca Sramkova,Lulu Sun
20250225,Hard,Petra Martic,Sloane Stephens
20250225,Hard,Magda Linette,Elisabetta Cocciaretto
20250226,Hard,Zeynep Sonmez,Maria Sakkari
20250226,Hard,Jaqueline Cristian,Yuliia Starodubtseva
20250226,Hard,Daria Saville,Anhelina Kalinina
20250226,Hard,Elina Avanesyan,Jessica Bouzas Maneiro
20250227,Hard,Maya Joint,Donna Vekic
20250227,Hard,Paula Badosa,Jaqueline Cristian
20250227,Hard,Emiliana Arango,Francesca Jones
20250227,Hard,Rebecca Sramkova,Beatriz Haddad Maia
20250228,Hard,Zeynep Sonmez,Magda Linette
20250228,Hard,Emma Navarro,Petra Martic
20250228,Hard,Elina Avanesyan,Maya Joint
20250228,Hard,Emiliana Arango,Rebecca Sramkova
20250301,Hard,Emma Navarro,Zeynep Sonmez
20250301,Hard,Daria Saville,Paula Badosa
20250302,Hard,Emma Navarro,Elina Avanesyan
20250302,Hard,Emiliana Arango,Daria Saville
20250302,Hard,Emma Navarro,Emiliana Arango
20250223,Hard,Rebecca Marino,Heather Watson
20250223,Hard,Tatiana Prozorova,Oksana Selekhmeteva
20250223,Hard,Victoria Hu,Marina Stakusic
20250223,Hard,Ena Shibahara,Lauren Davis
20250223,Hard,Kaja Juvan,Louisa Chirico
20250223,Hard,Viktorija Golubic,Irene Burillo
20250223,Hard,Hina Inoue,Selena Janicijevic
20250223,Hard,Wei Sijia,Makenna Jones
20250223,Hard,Maddison Inglis,Jennifer Jackson
20250223,Hard,Anastasia Zakharova,Tara Moore
20250223,Hard,Cristina Bucsa,Sophie Chang
20250223,Hard,Mananchaya Sawangkaew,Christina McHale
20250223,Hard,Ena Shibahara,Viktorija Golubic
20250223,Hard,Tatiana Prozorova,Rebecca Marino
20250224,Hard,Kaja Juvan,Victoria Hu
20250224,Hard,Wei Sijia,Hina Inoue
20250224,Hard,Cristina Bucsa,Maddison Inglis
20250224,Hard,Anastasia Zakharova,Mananchaya Sawangkaew
20250224,Hard,Ajla Tomljanovic,Katie Volynets
20250224,Hard,Nuria Parrizas Diaz,Malaika Rapolu
20250225,Hard,Kimberly Birrell,Yuan Yue
20250225,Hard,Anna Blinkova,Moyuka Uchijima
20250225,Hard,Tatjana Maria,Anna Bondar
20250225,Hard,Jodie Burrage,Petra Kvitova
20250225,Hard,Ena Shibahara,Kaja Juvan
20250225,Hard,Cristina Bucsa,Bernarda Pera
20250225,Hard,Jessica Pegula,Arantxa Rus
20250225,Hard,Caroline Dolehide,Anastasia Zakharova
20250225,Hard,Varvara Gracheva,Peyton Stearns
20250225,Hard,Greet Minnen,Wei Sijia
20250226,Hard,Diana Shnaider,Tatiana Prozorova
20250226,Hard,Sorana Cirstea,Laura Siegemund
20250226,Hard,Suzan Lamens,Kamilla Rakhimova
20250226,Hard,Anna Blinkova,Tatjana Maria
20250226,Hard,McCartney Kessler,Viktorija Golubic
20250226,Hard,Jessica Pegula,Nuria Parrizas Diaz
20250226,Hard,Ajla Tomljanovic,Jodie Burrage
20250227,Hard,Ena Shibahara,Kimberly Birrell
20250227,Hard,Sorana Cirstea,Diana Shnaider
20250227,Hard,McCartney Kessler,Cristina Bucsa
20250227,Hard,Greet Minnen,Suzan Lamens
20250228,Hard,Caroline Dolehide,Varvara Gracheva
20250228,Hard,Ajla Tomljanovic,Ena Shibahara
20250228,Hard,Jessica Pegula,Anna Blinkova
20250301,Hard,McCartney Kessler,Sorana Cirstea
20250301,Hard,Greet Minnen,Caroline Dolehide
20250301,Hard,Jessica Pegula,Ajla Tomljanovic
20250301,Hard,McCartney Kessler,Greet Minnen
20250302,Hard,Jessica Pegula,McCartney Kessler
20250302,Hard,Eva Lys,Aliaksandra Sasnovich
20250304,Hard,Jule Niemeier,Eva Lys
20250305,Hard,Caroline Garcia,Bernarda Pera
20250305,Hard,Elisabetta Cocciaretto,Renata Zarazua
20250305,Hard,Lulu Sun,Rebecca Sramkova
20250305,Hard,Varvara Gracheva,Petra Kvitova
20250305,Hard,Irina-Camelia Begu,Ann Li
20250305,Hard,Hailey Baptiste,Whitney Osuigwe
20250305,Hard,Suzan Lamens,Marie Bouzkova
20250305,Hard,Magda Linette,Peyton Stearns
20250305,Hard,Caroline Dolehide,Kamilla Rakhimova
20250305,Hard,Wang Xinyu,Mayar Sherif
20250306,Hard,Katerina Siniakova,Maria Lourdes Carle
20250306,Hard,Victoria Azarenka,Clervie Ngounoue
20250306,Hard,Camila Osorio,Naomi Osaka
20250306,Hard,Robin Montgomery,Jule Niemeier
20250306,Hard,Ashlyn Krueger,Katie Volynets
20250306,Hard,Dayana Yastremska,Yuan Yue
20250306,Hard,Sofia Kenin,Maddison Inglis
20250306,Hard,Polina Kudermetova,Claire Liu
20250306,Hard,Lucia Bronzetti,Anhelina Kalinina
20250306,Hard,Viktoriya Tomova,Olga Danilovic
20250306,Hard,Catherine McNally,Ajla Tomljanovic
20250306,Hard,Sorana Cirstea,Maya Joint
20250306,Hard,Moyuka Uchijima,Emma Raducanu
20250306,Hard,Sonay Kartal,Varvara Lepchenko
20250306,Hard,Belinda Bencic,Tatjana Maria
20250306,Hard,Jaqueline Cristian,Veronika Kudermetova
20250307,Hard,Kimberly Birrell,Viktorija Golubic
20250307,Hard,Anastasia Potapova,Jessica Bouzas Maneiro
20250307,Hard,McCartney Kessler,Anna Blinkova
20250307,Hard,Karolina Muchova,Elisabetta Cocciaretto
20250307,Hard,Marta Kostyuk,Robin Montgomery
20250307,Hard,Katie Boulter,Irina-Camelia Begu
20250307,Hard,Elena Rybakina,Suzan Lamens
20250307,Hard,Elina Avanesyan,Lauren Davis
20250307,Hard,Iva Jovic,Julia Grabher
20250307,Hard,Katerina Siniakova,Yulia Putintseva
20250307,Hard,Dayana Yastremska,Ons Jabeur
20250307,Hard,Clara Tauson,Camila Osorio
20250307,Hard,Lulu Sun,Linda Noskova
20250307,Hard,Alycia Parks,Anna Kalinskaya
20250307,Hard,Caroline Dolehide,Eva Lys
20250308,Hard,Iga Swiatek,Caroline Garcia
20250308,Hard,Wang Xinyu,Jelena Ostapenko
20250308,Hard,Jessica Pegula,Magda Linette
20250308,Hard,Elina Svitolina,Ashlyn Krueger
20250308,Hard,Mirra Andreeva,Varvara Gracheva
20250308,Hard,Danielle Collins,Hailey Baptiste
20250308,Hard,Zheng Qinwen,Victoria Azarenka
20250308,Hard,Polina Kudermetova,Ekaterina Alexandrova
20250308,Hard,Lucia Bronzetti,Magdalena Frech
20250308,Hard,Madison Keys,Anastasia Potapova
20250308,Hard,Maria Sakkari,Viktoriya Tomova
20250308,Hard,Donna Vekic,Elina Avanesyan
20250308,Hard,Jasmine Paolini,Iva Jovic
20250308,Hard,Coco Gauff,Moyuka Uchijima
20250308,Hard,Sonay Kartal,Beatriz Haddad Maia
20250308,Hard,Elise Mertens,Kimberly Birrell
20250308,Hard,Daria Kasatkina,Sofia Kenin
20250309,Hard,Belinda Bencic,Amanda Anisimova
20250309,Hard,Jaqueline Cristian,Leylah Fernandez
20250309,Hard,Liudmila Samsonova,Catherine McNally
20250309,Hard,Aryna Sabalenka,McCartney Kessler
20250309,Hard,Diana Shnaider,Alycia Parks
20250309,Hard,Emma Navarro,Sorana Cirstea
20250309,Hard,Marta Kostyuk,Caroline Dolehide
20250309,Hard,Iga Swiatek,Dayana Yastremska
20250309,Hard,Elena Rybakina,Katie Boulter
20250309,Hard,Karolina Muchova,Katerina Siniakova
20250309,Hard,Jessica Pegula,Wang Xinyu
20250309,Hard,Elina Svitolina,Danielle Collins
20250310,Hard,Mirra Andreeva,Clara Tauson
20250310,Hard,Zheng Qinwen,Lulu Sun
20250310,Hard,Madison Keys,Elise Mertens
20250310,Hard,Sonay Kartal,Polina Kudermetova
20250310,Hard,Coco Gauff,Maria Sakkari
20250310,Hard,Belinda Bencic,Diana Shnaider
20250310,Hard,Aryna Sabalenka,Lucia Bronzetti
20250310,Hard,Liudmila Samsonova,Daria Kasatkina
20250311,Hard,Donna Vekic,Emma Navarro
20250311,Hard,Jasmine Paolini,Jaqueline Cristian
20250311,Hard,Iga Swiatek,Karolina Muchova
20250311,Hard,Elina Svitolina,Jessica Pegula
20250312,Hard,Mirra Andreeva,Elena Rybakina
20250312,Hard,Zheng Qinwen,Marta Kostyuk
20250312,Hard,Belinda Bencic,Coco Gauff
20250312,Hard,Madison Keys,Donna Vekic
20250312,Hard,Aryna Sabalenka,Sonay Kartal
20250312,Hard,Liudmila Samsonova,Jasmine Paolini
20250313,Hard,Iga Swiatek,Zheng Qinwen
20250313,Hard,Mirra Andreeva,Elina Svitolina
20250313,Hard,Madison Keys,Belinda Bencic
20250314,Hard,Aryna Sabalenka,Liudmila Samsonova
20250314,Hard,Mirra Andreeva,Iga Swiatek
20250315,Hard,Aryna Sabalenka,Madison Keys
20250316,Hard,Mirra Andreeva,Aryna Sabalenka
20250304,Hard,Giulio Zeppieri,Mikhail Kukushkin
20250304,Hard,Nikoloz Basilashvili,Yasutaka Uchiyama
20250304,Hard,Colton Smith,Pavel Kotov
20250304,Hard,Li Tu,James Duckworth
20250305,Hard,Adam Walton,Michael Mmoh
20250305,Hard,Pablo Carreno Busta,Alexis Galarneau
20250305,Hard,Tristan Boyer,Aleksandar Vukic
20250305,Hard,Thiago Seyboth Wild,Alexandre Muller
20250305,Hard,Kei Nishikori,Jaume Munar
20250305,Hard,Christopher O'Connell,Roberto Carballes Baena
20250305,Hard,Tallon Griekspoor,Miomir Kecmanovic
20250305,Hard,Bu Yunchaokete,Nishesh Basavareddy
20250305,Hard,Fabian Marozsan,Pedro Martinez
20250305,Hard,Colton Smith,Flavio Cobolli
20250305,Hard,Damir Dzumhur,Roberto Bautista Agut
20250305,Hard,Roman Safiullin,Reilly Opelka
20250306,Hard,Marcos Giron,Nikoloz Basilashvili
20250306,Hard,Zizou Bergs,Ethan Quinn
20250306,Hard,Corentin Moutet,Jordan Thompson
20250306,Hard,Cameron Norrie,Luca Nardi
20250306,Hard,Yosuke Watanuki,Alexander Bublik
20250306,Hard,Jenson Brooksby,Benjamin Bonzi
20250306,Hard,Joao Fonseca,Jacob Fearnley
20250306,Hard,Rinky Hijikata,Aleksandr Shevchenko
20250306,Hard,Jakub Mensik,Tomas Martin Etcheverry
20250306,Hard,Mackenzie McDonald,Alejandro Davidovich Fokina
20250306,Hard,Gabriel Diallo,Zhang Zhizhen
20250306,Hard,Matteo Gigante,Sebastian Baez
20250306,Hard,Matteo Arnaldi,Aleksandar Kovacevic
20250306,Hard,Gael Monfils,Jan-Lennard Struff
20250307,Hard,Hugo Gaston,Luciano Darderi
20250307,Hard,Nuno Borges,Arthur Rinderknech
20250307,Hard,David Goffin,Lorenzo Sonego
20250307,Hard,Adam Walton,Giulio Zeppieri
20250307,Hard,Botic Van De Zandschulp,Nick Kyrgios
20250307,Hard,Dusan Lajovic,Li Tu
20250307,Hard,Giovanni Mpetshi Perricard,Fabian Marozsan
20250307,Hard,Tallon Griekspoor,Alexander Zverev
20250307,Hard,Tommy Paul,Tristan Boyer
20250307,Hard,Ugo Humbert,Kei Nishikori
20250307,Hard,Quentin Halys,Pablo Carreno Busta
20250307,Hard,Mariano Navone,Learner Tien
20250307,Hard,Cameron Norrie,Jiri Lehecka
20250307,Hard,Alexei Popyrin,Zizou Bergs
20250307,Hard,Marcos Giron,Casper Ruud
20250307,Hard,Matteo Berrettini,Christopher O'Connell
20250307,Hard,Lorenzo Musetti,Roman Safiullin
20250307,Hard,Alex Michelsen,Colton Smith
20250308,Hard,Holger Rune,Corentin Moutet
20250308,Hard,Stefanos Tsitsipas,Thiago Seyboth Wild
20250308,Hard,Arthur Fils,Gabriel Diallo
20250308,Hard,Daniil Medvedev,Bu Yunchaokete
20250308,Hard,Yosuke Watanuki,Tomas Machac
20250308,Hard,Frances Tiafoe,Damir Dzumhur
20250308,Hard,Taylor Fritz,Matteo Gigante
20250308,Hard,Alejandro Tabilo,Dusan Lajovic
20250308,Hard,Jenson Brooksby,Felix Auger-Aliassime
20250308,Hard,Jack Draper,Joao Fonseca
20250308,Hard,Matteo Arnaldi,Andrey Rublev
20250308,Hard,Denis Shapovalov,Adam Walton
20250308,Hard,Francisco Cerundolo,Mackenzie McDonald
20250308,Hard,Carlos Alcaraz,Quentin Halys
20250308,Hard,Botic Van De Zandschulp,Novak Djokovic
20250308,Hard,Hubert Hurkacz,Hugo Gaston
20250308,Hard,Brandon Nakashima,Rinky Hijikata
20250309,Hard,Karen Khachanov,Jakub Mensik
20250309,Hard,Grigor Dimitrov,Nuno Borges
20250309,Hard,Ben Shelton,Mariano Navone
20250309,Hard,Alex de Minaur,David Goffin
20250309,Hard,Gael Monfils,Sebastian Korda
20250309,Hard,Tommy Paul,Cameron Norrie
20250309,Hard,Tallon Griekspoor,Giovanni Mpetshi Perricard
20250309,Hard,Marcos Giron,Alexei Popyrin
20250309,Hard,Stefanos Tsitsipas,Matteo Berrettini
20250309,Hard,Daniil Medvedev,Alex Michelsen
20250309,Hard,Holger Rune,Ugo Humbert
20250310,Hard,Arthur Fils,Lorenzo Musetti
20250310,Hard,Yosuke Watanuki,Frances Tiafoe
20250310,Hard,Francisco Cerundolo,Botic Van De Zandschulp
20250310,Hard,Jack Draper,Jenson Brooksby
20250310,Hard,Alex de Minaur,Hubert Hurkacz
20250310,Hard,Taylor Fritz,Alejandro Tabilo
20250310,Hard,Brandon Nakashima,Matteo Arnaldi
20250310,Hard,Ben Shelton,Karen Khachanov
20250311,Hard,Carlos Alcaraz,Denis Shapovalov
20250311,Hard,Grigor Dimitrov,Gael Monfils
20250311,Hard,Tallon Griekspoor,Yosuke Watanuki
20250311,Hard,Holger Rune,Stefanos Tsitsipas
20250311,Hard,Arthur Fils,Marcos Giron
20250312,Hard,Daniil Medvedev,Tommy Paul
20250312,Hard,Ben Shelton,Brandon Nakashima
20250312,Hard,Francisco Cerundolo,Alex de Minaur
20250312,Hard,Jack Draper,Taylor Fritz
20250313,Hard,Carlos Alcaraz,Grigor Dimitrov
20250313,Hard,Holger Rune,Tallon Griekspoor
20250313,Hard,Daniil Medvedev,Arthur Fils
20250314,Hard,Jack Draper,Ben Shelton
20250314,Hard,Carlos Alcaraz,Francisco Cerundolo
20250315,Hard,Holger Rune,Daniil Medvedev
20250315,Hard,Jack Draper,Carlos Alcaraz
20250316,Hard,Jack Draper,Holger Rune
20250316,Hard,Sara Sorribes Tormo,Lilli Tagger
20250316,Hard,Anna Bondar,Maddison Inglis
20250316,Hard,Irina-Camelia Begu,Wakana Sonobe
20250316,Hard,Claire Liu,Caroline Dolehide
20250316,Hard,Yuliia Starodubtseva,Varvara Lepchenko
20250316,Hard,Teodora Kostovic,Olivia Gadecki
20250316,Hard,Greet Minnen,Jule Niemeier
20250316,Hard,Eva Lys,Petra Martic
20250316,Hard,Aoi Ito,Ksenia Efremova
20250316,Hard,Lucrezia Stefanini,Cristina Bucsa
20250316,Hard,Laura Siegemund,Ana Konjuh
20250316,Hard,Tatjana Maria,Leolia Jeanjean
20250316,Hard,Linda Fruhvirtova,Rebecca Marino
20250316,Hard,Robin Montgomery,Giorgia Pedone
20250316,Hard,Kimberly Birrell,Aliaksandra Sasnovich
20250316,Hard,Bernarda Pera,Marina Stakusic
20250316,Hard,Elena-Gabriela Ruse,Mirjam Bjorklund
20250316,Hard,Sonay Kartal,Jodie Burrage
20250316,Hard,Harriet Dart,Daria Saville
20250316,Hard,Ysaline Bonaventure,Louisa Chirico
20250316,Hard,Taylor Townsend,Carson Branstine
20250316,Hard,Ena Shibahara,Zeynep Sonmez
20250316,Hard,Maya Joint,Sara Errani
20250316,Hard,Rebeka Masarova,Mananchaya Sawangkaew
20250317,Hard,Anna Bondar,Irina-Camelia Begu
20250317,Hard,Aoi Ito,Eva Lys
20250317,Hard,Claire Liu,Sara Sorribes Tormo
20250317,Hard,Linda Fruhvirtova,Laura Siegemund
20250317,Hard,Greet Minnen,Teodora Kostovic
20250317,Hard,Yuliia Starodubtseva,Tatjana Maria
20250317,Hard,Rebeka Masarova,Maya Joint
20250317,Hard,Taylor Townsend,Sonay Kartal
20250317,Hard,Bernarda Pera,Robin Montgomery
20250317,Hard,Kimberly Birrell,Harriet Dart
20250317,Hard,Elena-Gabriela Ruse,Ena Shibahara
20250317,Hard,Lucrezia Stefanini,Ysaline Bonaventure
20250318,Hard,Viktoriya Tomova,Catherine McNally
20250318,Hard,Magda Linette,Anastasia Pavlyuchenkova
20250318,Hard,Alycia Parks,Varvara Gracheva
20250318,Hard,Katerina Siniakova,Yuan Yue
20250318,Hard,Lucia Bronzetti,Jessica Bouzas Maneiro
20250318,Hard,Sorana Cirstea,Elisabetta Cocciaretto
20250318,Hard,Naomi Osaka,Yuliia Starodubtseva
20250318,Hard,Rebecca Sramkova,Lucrezia Stefanini
20250318,Hard,Linda Fruhvirtova,Claire Liu
20250318,Hard,Lauren Davis,Aoi Ito
20250318,Hard,Elena-Gabriela Ruse,Polina Kudermetova
20250318,Hard,Sofia Kenin,Petra Kvitova
20250318,Hard,Rebeka Masarova,Greet Minnen
20250318,Hard,Hailey Baptiste,Olga Danilovic
20250318,Hard,Ashlyn Krueger,Renata Zarazua
20250318,Hard,Taylor Townsend,Ann Li
20250319,Hard,Victoria Mboko,Camila Osorio
20250319,Hard,Kimberly Birrell,Anastasia Potapova
20250319,Hard,Anna Blinkova,Kamilla Rakhimova
20250319,Hard,Veronika Kudermetova,Wang Xinyu
20250319,Hard,Emma Raducanu,Sayaka Ishii
20250319,Hard,McCartney Kessler,Marie Bouzkova
20250319,Hard,Bernarda Pera,Ajla Tomljanovic
20250319,Hard,Elina Avanesyan,Erika Andreeva
20250319,Hard,Caroline Garcia,Anna Bondar
20250319,Hard,Alexandra Eala,Katie Volynets
20250319,Hard,Peyton Stearns,Katie Boulter
20250319,Hard,Julia Grabher,Tyra Caterina Grant
20250319,Hard,Moyuka Uchijima,Suzan Lamens
20250319,Hard,Belinda Bencic,Dayana Yastremska
20250319,Hard,Victoria Azarenka,Anhelina Kalinina
20250320,Hard,Mayar Sherif,Lulu Sun
20250320,Hard,Zheng Qinwen,Lauren Davis
20250320,Hard,Elena-Gabriela Ruse,Magdalena Frech
20250320,Hard,Jasmine Paolini,Rebecca Sramkova
20250320,Hard,Ashlyn Krueger,Elena Rybakina
20250320,Hard,Leylah Fernandez,Alycia Parks
20250320,Hard,Coco Gauff,Sofia Kenin
20250320,Hard,Magda Linette,Ekaterina Alexandrova
20250320,Hard,Aryna Sabalenka,Viktoriya Tomova
20250320,Hard,Taylor Townsend,Yulia Putintseva
20250320,Hard,Ons Jabeur,Katerina Siniakova
20250320,Hard,Maria Sakkari,Lucia Bronzetti
20250320,Hard,Hailey Baptiste,Daria Kasatkina
20250320,Hard,Rebeka Masarova,Donna Vekic
20250320,Hard,Linda Fruhvirtova,Beatriz Haddad Maia
20250320,Hard,Naomi Osaka,Liudmila Samsonova
20250321,Hard,Danielle Collins,Sorana Cirstea
20250321,Hard,Anna Kalinskaya,Moyuka Uchijima
20250321,Hard,Anna Blinkova,Diana Shnaider
20250321,Hard,Iga Swiatek,Caroline Garcia
20250321,Hard,Alexandra Eala,Jelena Ostapenko
20250321,Hard,Elise Mertens,Peyton Stearns
20250321,Hard,Paula Badosa,Victoria Mboko
20250321,Hard,Emma Raducanu,Emma Navarro
20250321,Hard,Clara Tauson,Julia Grabher
20250321,Hard,McCartney Kessler,Linda Noskova
20250321,Hard,Marta Kostyuk,Kimberly Birrell
20250321,Hard,Jessica Pegula,Bernarda Pera
20250321,Hard,Karolina Muchova,Victoria Azarenka
20250321,Hard,Elina Svitolina,Belinda Bencic
20250321,Hard,Amanda Anisimova,Mayar Sherif
20250321,Hard,Mirra Andreeva,Veronika Kudermetova
20250321,Hard,Madison Keys,Elina Avanesyan
20250322,Hard,Jasmine Paolini,Ons Jabeur
20250322,Hard,Ashlyn Krueger,Leylah Fernandez
20250322,Hard,Naomi Osaka,Hailey Baptiste
20250322,Hard,Aryna Sabalenka,Elena-Gabriela Ruse
20250322,Hard,Coco Gauff,Maria Sakkari
20250322,Hard,Magda Linette,Linda Fruhvirtova
20250322,Hard,Danielle Collins,Rebeka Masarova
20250323,Hard,Zheng Qinwen,Taylor Townsend
20250323,Hard,Elina Svitolina,Karolina Muchova
20250323,Hard,Paula Badosa,Clara Tauson
20250323,Hard,Iga Swiatek,Elise Mertens
20250323,Hard,Marta Kostyuk,Anna Blinkova
20250323,Hard,Alexandra Eala,Madison Keys
20250323,Hard,Jessica Pegula,Anna Kalinskaya
20250323,Hard,Emma Raducanu,McCartney Kessler
20250323,Hard,Amanda Anisimova,Mirra Andreeva
20250324,Hard,Jasmine Paolini,Naomi Osaka
20250324,Hard,Zheng Qinwen,Ashlyn Krueger
20250324,Hard,Aryna Sabalenka,Danielle Collins
20250324,Hard,Emma Raducanu,Amanda Anisimova
20250324,Hard,Magda Linette,Coco Gauff
20250324,Hard,Jessica Pegula,Marta Kostyuk
20250324,Hard,Alexandra Eala,Paula Badosa
20250325,Hard,Iga Swiatek,Elina Svitolina
20250325,Hard,Jasmine Paolini,Magda Linette
20250326,Hard,Aryna Sabalenka,Zheng Qinwen
20250326,Hard,Alexandra Eala,Iga Swiatek
20250327,Hard,Jessica Pegula,Emma Raducanu
20250327,Hard,Aryna Sabalenka,Jasmine Paolini
20250328,Hard,Jessica Pegula,Alexandra Eala
20250329,Hard,Aryna Sabalenka,Jessica Pegula
20250317,Hard,Alexander Blockx,Otto Virtanen
20250317,Hard,Terence Atmane,Luca Nardi
20250317,Hard,Jacob Fearnley,Thijs Boogaard
20250317,Hard,Thiago Agustin Tirante,Dusan Lajovic
20250317,Hard,Mackenzie McDonald,Nikoloz Basilashvili
20250317,Hard,Tristan Boyer,Yasutaka Uchiyama
20250317,Hard,Pavel Kotov,Alexis Galarneau
20250317,Hard,Darwin Blanch,Taro Daniel
20250317,Hard,Aleksandr Shevchenko,Lukas Klein
20250317,Hard,Camilo Ugo Carabelli,Mitchell Krueger
20250317,Hard,Christopher O'Connell,Liam Draxl
20250317,Hard,Ethan Quinn,Adrian Mannarino
20250317,Hard,Marco Trungelliti,Alexander Ritschard
20250317,Hard,Chun-Hsin Tseng,Alejandro Moro Canas
20250317,Hard,Rei Sakamoto,Kamil Majchrzak
20250317,Hard,Tristan Schoolkate,Stefano Napolitano
20250317,Hard,James Duckworth,Federico Agustin Gomez
20250317,Hard,Francisco Comesana,Michael Mmoh
20250317,Hard,Gabriel Diallo,Yosuke Watanuki
20250317,Hard,Billy Harris,Mikael Ymer
20250317,Hard,Adam Walton,Mikhail Kukushkin
20250317,Hard,Hugo Gaston,Hady Habib
20250317,Hard,Brandon Holt,Martin Damm
20250317,Hard,Shintaro Mochizuki,Yannick Hanfmann
20250318,Hard,Alexander Blockx,Terence Atmane
20250318,Hard,Mackenzie McDonald,Pavel Kotov
20250318,Hard,Jacob Fearnley,Tristan Boyer
20250318,Hard,Thiago Agustin Tirante,Aleksandr Shevchenko
20250318,Hard,Christopher O'Connell,Marco Trungelliti
20250318,Hard,Rei Sakamoto,James Duckworth
20250318,Hard,Chun-Hsin Tseng,Darwin Blanch
20250318,Hard,Ethan Quinn,Camilo Ugo Carabelli
20250318,Hard,Tristan Schoolkate,Adam Walton
20250318,Hard,Billy Harris,Hugo Gaston
20250318,Hard,Francisco Comesana,Shintaro Mochizuki
20250318,Hard,Brandon Holt,Gabriel Diallo
20250319,Hard,David Goffin,Aleksandar Vukic
20250319,Hard,Rinky Hijikata,Hamad Medjedovic
20250319,Hard,Alexander Bublik,Sebastian Baez
20250319,Hard,Tristan Schoolkate,Ethan Quinn
20250319,Hard,Gael Monfils,Fabian Marozsan
20250319,Hard,Federico Cina,Francisco Comesana
20250319,Hard,Chun-Hsin Tseng,Mattia Bellucci
20250319,Hard,Camilo Ugo Carabelli,Brandon Holt
20250319,Hard,Nick Kyrgios,Mackenzie McDonald
20250319,Hard,Corentin Moutet,Alexander Blockx
20250319,Hard,Roberto Carballes Baena,Christopher O'Connell
20250319,Hard,Miomir Kecmanovic,Aleksandar Kovacevic
20250319,Hard,Alexandre Muller,Rei Sakamoto
20250319,Hard,Jaume Munar,Arthur Rinderknech
20250320,Hard,Eliot Spizzirri,Billy Harris
20250320,Hard,Quentin Halys,Thiago Seyboth Wild
20250320,Hard,Thiago Agustin Tirante,Flavio Cobolli
20250320,Hard,Jacob Fearnley,Benjamin Bonzi
20250320,Hard,Zizou Bergs,Nuno Borges
20250320,Hard,Reilly Opelka,Christopher Eubanks
20250320,Hard,Hugo Gaston,Yoshihito Nishioka
20250320,Hard,Chak Lam Coleman Wong,Daniel Altmaier
20250320,Hard,Luciano Darderi,Pedro Martinez
20250320,Hard,Bu Yunchaokete,Cameron Norrie
20250320,Hard,Jordan Thompson,Marcos Giron
20250320,Hard,Gabriel Diallo,Tomas Martin Etcheverry
20250320,Hard,Alejandro Davidovich Fokina,Jan-Lennard Struff
20250320,Hard,Lorenzo Sonego,Mariano Navone
20250320,Hard,Roman Safiullin,Jenson Brooksby
20250320,Hard,Matteo Arnaldi,Wu Yibing
20250320,Hard,Joao Fonseca,Learner Tien
20250320,Hard,Jakub Mensik,Roberto Bautista Agut
20250321,Hard,Grigor Dimitrov,Federico Cina
20250321,Hard,Felix Auger-Aliassime,Tristan Schoolkate
20250321,Hard,Lorenzo Musetti,Quentin Halys
20250321,Hard,Casper Ruud,Miomir Kecmanovic
20250321,Hard,Karen Khachanov,Nick Kyrgios
20250321,Hard,Camilo Ugo Carabelli,Alex Michelsen
20250321,Hard,Jaume Munar,Daniil Medvedev
20250321,Hard,Stefanos Tsitsipas,Chun-Hsin Tseng
20250321,Hard,Gael Monfils,Jiri Lehecka
20250321,Hard,Novak Djokovic,Rinky Hijikata
20250321,Hard,Alejandro Tabilo,Corentin Moutet
20250321,Hard,Brandon Nakashima,Roberto Carballes Baena
20250321,Hard,Sebastian Korda,Eliot Spizzirri
20250321,Hard,Tommy Paul,Alexander Bublik
20250322,Hard,Francisco Cerundolo,Alexandre Muller
20250322,Hard,David Goffin,Carlos Alcaraz
20250322,Hard,Chak Lam Coleman Wong,Ben Shelton
20250322,Hard,Adam Walton,Luciano Darderi
20250322,Hard,Alexander Zverev,Jacob Fearnley
20250322,Hard,Taylor Fritz,Lorenzo Sonego
20250322,Hard,Tomas Machac,Matteo Arnaldi
20250322,Hard,Jordan Thompson,Giovanni Mpetshi Perricard
20250322,Hard,Denis Shapovalov,Thiago Agustin Tirante
20250322,Hard,Jakub Mensik,Jack Draper
20250322,Hard,Roman Safiullin,Alexei Popyrin
20250322,Hard,Reilly Opelka,Holger Rune
20250322,Hard,Joao Fonseca,Ugo Humbert
20250322,Hard,Zizou Bergs,Andrey Rublev
20250322,Hard,Matteo Berrettini,Hugo Gaston
20250322,Hard,Frances Tiafoe,Alejandro Davidovich Fokina
20250323,Hard,Alex de Minaur,Bu Yunchaokete
20250323,Hard,Arthur Fils,Gabriel Diallo
20250323,Hard,Grigor Dimitrov,Karen Khachanov
20250323,Hard,Lorenzo Musetti,Felix Auger-Aliassime
20250323,Hard,Sebastian Korda,Stefanos Tsitsipas
20250323,Hard,Brandon Nakashima,David Goffin
20250323,Hard,Novak Djokovic,Camilo Ugo Carabelli
20250323,Hard,Gael Monfils,Jaume Munar
20250324,Hard,Casper Ruud,Alejandro Tabilo
20250324,Hard,Francisco Cerundolo,Tommy Paul
20250324,Hard,Adam Walton,Chak Lam Coleman Wong
20250324,Hard,Tomas Machac,Reilly Opelka
20250324,Hard,Alexander Zverev,Jordan Thompson
20250324,Hard,Taylor Fritz,Denis Shapovalov
20250324,Hard,Jakub Mensik,Roman Safiullin
20250324,Hard,Arthur Fils,Frances Tiafoe
20250324,Hard,Matteo Berrettini,Zizou Bergs
20250324,Hard,Alex de Minaur,Joao Fonseca
20250325,Hard,Grigor Dimitrov,Brandon Nakashima
20250325,Hard,Sebastian Korda,Gael Monfils
20250325,Hard,Francisco Cerundolo,Casper Ruud
20250325,Hard,Novak Djokovic,Lorenzo Musetti
20250325,Hard,Matteo Berrettini,Alex de Minaur
20250325,Hard,Jakub Mensik,Tomas Machac
20250325,Hard,Taylor Fritz,Adam Walton
20250326,Hard,Arthur Fils,Alexander Zverev
20250326,Hard,Grigor Dimitrov,Francisco Cerundolo
20250327,Hard,Jakub Mensik,Arthur Fils
20250327,Hard,Novak Djokovic,Sebastian Korda
20250327,Hard,Taylor Fritz,Matteo Berrettini
20250328,Hard,Novak Djokovic,Grigor Dimitrov
20250328,Hard,Jakub Mensik,Taylor Fritz
20250331,Hard,Jakub Mensik,Novak Djokovic
20250316,Hard,Mona Barthel,Irem Kurt
20250316,Hard,Tamara Zidansek,Angela Fita Boluda
20250316,Hard,Makenna Jones,Miriam Bulgaru
20250316,Hard,Elena Pridankina,Daria Lodikova
20250316,Hard,Irina Bara,Ipek Oz
20250316,Hard,Dalma Galfi,Dalila Jakupovic
20250316,Hard,Margaux Rouvroy,Tatiana Prozorova
20250316,Hard,Noma Noha Akugue,Adelina Lachinova
20250317,Hard,Tamara Zidansek,Irina Bara
20250317,Hard,Elena Pridankina,Mona Barthel
20250317,Hard,Margaux Rouvroy,Makenna Jones
20250317,Hard,Noma Noha Akugue,Dalma Galfi
20250318,Hard,Arantxa Rus,Ayla Aksu
20250318,Hard,Maria Lourdes Carle,Sara Bejlek
20250318,Hard,Jil Teichmann,Julia Riera
20250318,Hard,Anca Todoni,Panna Udvardy
20250318,Hard,Jana Fett,Margaux Rouvroy
20250318,Hard,Ella Seidel,Oksana Selekhmeteva
20250318,Hard,Victoria Jimenez Kasintseva,Deniz Dilek
20250318,Hard,Elsa Jacquemot,Cagla Buyukakcay
20250319,Hard,Darja Semenistaja,Elena Pridankina
20250319,Hard,Maja Chwalinska,Zarina Diyas
20250319,Hard,Clara Burel,Nuria Parrizas Diaz
20250319,Hard,Tamara Zidansek,Noma Noha Akugue
20250319,Hard,Chloe Paquet,Emiliana Arango
20250319,Hard,Anastasia Zakharova,Ada Kumru
20250319,Hard,Leyre Romero Gormaz,Wei Sijia
20250319,Hard,Veronika Erjavec,Diane Parry
20250320,Hard,Maja Chwalinska,Maria Lourdes Carle
20250320,Hard,Anca Todoni,Jana Fett
20250320,Hard,Victoria Jimenez Kasintseva,Jil Teichmann
20250320,Hard,Leyre Romero Gormaz,Ella Seidel
20250320,Hard,Arantxa Rus,Anastasia Zakharova
20250320,Hard,Clara Burel,Darja Semenistaja
20250320,Hard,Elsa Jacquemot,Veronika Erjavec
20250320,Hard,Chloe Paquet,Tamara Zidansek
20250321,Hard,Maja Chwalinska,Elsa Jacquemot
20250321,Hard,Leyre Romero Gormaz,Victoria Jimenez Kasintseva
20250321,Hard,Clara Burel,Chloe Paquet
20250321,Hard,Anca Todoni,Arantxa Rus
20250322,Hard,Leyre Romero Gormaz,Maja Chwalinska
20250322,Hard,Anca Todoni,Clara Burel
20250323,Hard,Anca Todoni,Leyre Romero Gormaz
20250323,Hard,Elena Pridankina,Ayla Aksu
20250323,Hard,Vlada Guryleva,Tara Moore
20250323,Hard,Noma Noha Akugue,Ekaterina Ovcharenko
20250323,Hard,Makoto Ninomiya,Daria Lodikova
20250323,Hard,Nao Hibino,Irem Kurt
20250323,Hard,Sinja Kraus,Jesika Maleckova
20250323,Hard,Tamara Zidansek,Verena Meliss
20250323,Hard,Tatiana Prozorova,Zheng Wushuang
20250324,Hard,Noma Noha Akugue,Makoto Ninomiya
20250324,Hard,Sinja Kraus,Nao Hibino
20250324,Hard,Elena Pridankina,Vlada Guryleva
20250324,Hard,Tatiana Prozorova,Tamara Zidansek
20250325,Hard,Sinja Kraus,Wei Sijia
20250325,Hard,Elena Pridankina,Ella Seidel
20250325,Hard,Simona Waltert,Tatiana Prozorova
20250325,Hard,Jana Fett,Anastasiia Gureva
20250325,Hard,Dalma Galfi,Elsa Jacquemot
20250325,Hard,Oksana Selekhmeteva,Noma Noha Akugue
20250326,Hard,Maria Lourdes Carle,Leyre Romero Gormaz
20250326,Hard,Kamilla Rakhimova,Maja Chwalinska
20250326,Hard,Victoria Jimenez Kasintseva,Cagla Buyukakcay
20250326,Hard,Gao Xinyu,Celine Naef
20250326,Hard,Jessica Bouzas Maneiro,Panna Udvardy
20250326,Hard,Veronika Erjavec,Jil Teichmann
20250326,Hard,Sara Bejlek,Petra Martic
20250326,Hard,Olga Danilovic,Adelina Lachinova
20250326,Hard,Tamara Zidansek,Darja Semenistaja
20250326,Hard,Ana Bogdan,Ipek Oz
20250327,Hard,Jessica Bouzas Maneiro,Elena Pridankina
20250327,Hard,Victoria Jimenez Kasintseva,Sinja Kraus
20250327,Hard,Veronika Erjavec,Gao Xinyu
20250327,Hard,Olga Danilovic,Jana Fett
20250327,Hard,Oksana Selekhmeteva,Kamilla Rakhimova
20250327,Hard,Maria Lourdes Carle,Ana Bogdan
20250327,Hard,Tamara Zidansek,Dalma Galfi
20250327,Hard,Simona Waltert,Sara Bejlek
20250328,Hard,Victoria Jimenez Kasintseva,Jessica Bouzas Maneiro
20250328,Hard,Oksana Selekhmeteva,Tamara Zidansek
20250328,Hard,Veronika Erjavec,Maria Lourdes Carle
20250328,Hard,Olga Danilovic,Simona Waltert
20250329,Hard,Victoria Jimenez Kasintseva,Veronika Erjavec
20250329,Hard,Olga Danilovic,Oksana Selekhmeteva
20250330,Hard,Olga Danilovic,Victoria Jimenez Kasintseva
20250324,Hard,Ena Shibahara,Hanna Chang
20250324,Hard,Tatjana Maria,Lucrezia Stefanini
20250324,Hard,Maddison Inglis,Emily Appleton
20250324,Hard,Jodie Burrage,Rebecca Marino
20250324,Hard,Priscilla Hon,Mananchaya Sawangkaew
20250325,Hard,Erika Andreeva,Claudia Sofia Martinez Solis
20250325,Hard,Daria Saville,Olivia Gadecki
20250325,Hard,Linda Fruhvirtova,Hailey Baptiste
20250325,Hard,Bernarda Pera,Fernanda Contreras Gomez
20250325,Hard,Rebeka Masarova,Varvara Lepchenko
20250325,Hard,Sara Sorribes Tormo,Oksana Kalashnikova
20250325,Hard,Heather Watson,Whitney Osuigwe
20250325,Hard,Maya Joint,Carol Zhao
20250325,Hard,Marina Stakusic,Ana Konjuh
20250326,Hard,Jaqueline Cristian,Harriet Dart
20250326,Hard,Elisabetta Cocciaretto,Christina McHale
20250326,Hard,Tatjana Maria,Jodie Burrage
20250326,Hard,Maddison Inglis,Erika Andreeva
20250327,Hard,Jaqueline Cristian,Ena Shibahara
20250327,Hard,Linda Fruhvirtova,Daria Saville
20250327,Hard,Maya Joint,Priscilla Hon
20250327,Hard,Heather Watson,Sara Sorribes Tormo
20250328,Hard,Rebeka Masarova,Bernarda Pera
20250328,Hard,Marina Stakusic,Elisabetta Cocciaretto
20250328,Hard,Heather Watson,Marina Stakusic
20250328,Hard,Linda Fruhvirtova,Maya Joint
20250329,Hard,Jaqueline Cristian,Tatjana Maria
20250329,Hard,Rebeka Masarova,Maddison Inglis
20250330,Hard,Linda Fruhvirtova,Heather Watson
20250330,Hard,Jaqueline Cristian,Rebeka Masarova
20250330,Hard,Jaqueline Cristian,Linda Fruhvirtova
20250329,Hard,Louisa Chirico,Ana Konjuh
20250329,Hard,Kajsa Rinaldo Persson,Fernanda Contreras Gomez
20250329,Hard,Katherine Sebov,Gabriela Lee
20250329,Hard,Iryna Shymanovich,Lyudmyla Kichenok
20250329,Hard,Kyoka Okamura,Anna Dvorackova
20250329,Hard,Catherine McNally,Arina Rodionova
20250329,Hard,Claire Liu,Alana Smith
20250329,Hard,Zhang Shuai,Haley Giavara
20250329,Hard,Elvina Kalieva,Hao-Ching Chan
20250329,Hard,Jamie Loeb,Mei Yamaguchi
20250329,Hard,Bethanie Mattek-Sands,Sophie Chang
20250330,Hard,Katherine Sebov,Kyoka Okamura
20250330,Hard,Louisa Chirico,Kajsa Rinaldo Persson
20250330,Hard,Iryna Shymanovich,Elvina Kalieva
20250330,Hard,Catherine McNally,Claire Liu
20250330,Hard,Jamie Loeb,Eri Hozumi
20250330,Hard,Zhang Shuai,Bethanie Mattek-Sands
20250331,Hard,Robin Montgomery,Viktoriya Tomova
20250331,Hard,Varvara Gracheva,Harriet Dart
20250331,Hard,Caroline Dolehide,Elisabetta Cocciaretto
20250331,Hard,Catherine McNally,Anhelina Kalinina
20250331,Hard,Katie Volynets,Katherine Sebov
20250331,Hard,Polina Kudermetova,Irina-Camelia Begu
20250331,Hard,Veronika Kudermetova,Maria Mateas
20250331,Hard,Ajla Tomljanovic,Kyoka Okamura
20250401,Hard,Maria Sakkari,Marina Stakusic
20250401,Hard,Lauren Davis,Jamie Loeb
20250401,Hard,Iryna Shymanovich,Heather Watson
20250401,Hard,Sofia Kenin,Bernarda Pera
20250401,Hard,Ann Li,Anna Blinkova
20250401,Hard,Louisa Chirico,Erika Andreeva
20250401,Hard,Hailey Baptiste,Olivia Gadecki
20250401,Hard,Madison Keys,Caroline Dolehide
20250401,Hard,Zhang Shuai,Lucia Bronzetti
20250401,Hard,Danielle Collins,Robin Montgomery
20250401,Hard,Amanda Anisimova,Veronika Kudermetova
20250402,Hard,Diana Shnaider,Polina Kudermetova
20250402,Hard,Daria Kasatkina,Lauren Davis
20250402,Hard,Anna Kalinskaya,Catherine McNally
20250402,Hard,Emma Navarro,Hailey Baptiste
20250402,Hard,Jelena Ostapenko,Louisa Chirico
20250402,Hard,Ekaterina Alexandrova,Ann Li
20250402,Hard,Yulia Putintseva,Zhang Shuai
20250402,Hard,Sofia Kenin,Belinda Bencic
20250402,Hard,Jessica Pegula,Iryna Shymanovich
20250402,Hard,Ajla Tomljanovic,Peyton Stearns
20250402,Hard,Ashlyn Krueger,Katie Volynets
20250402,Hard,Zheng Qinwen,Maria Sakkari
20250403,Hard,Elise Mertens,Varvara Gracheva
20250403,Hard,Amanda Anisimova,Yulia Putintseva
20250403,Hard,Ekaterina Alexandrova,Diana Shnaider
20250403,Hard,Emma Navarro,Ashlyn Krueger
20250403,Hard,Danielle Collins,Jelena Ostapenko
20250403,Hard,Jessica Pegula,Ajla Tomljanovic
20250403,Hard,Zheng Qinwen,Elise Mertens
20250403,Hard,Anna Kalinskaya,Madison Keys
20250403,Hard,Sofia Kenin,Daria Kasatkina
20250404,Hard,Jessica Pegula,Danielle Collins
20250404,Hard,Ekaterina Alexandrova,Zheng Qinwen
20250404,Hard,Sofia Kenin,Anna Kalinskaya
20250404,Hard,Amanda Anisimova,Emma Navarro
20250405,Hard,Jessica Pegula,Ekaterina Alexandrova
20250405,Hard,Sofia Kenin,Amanda Anisimova
20250406,Hard,Jessica Pegula,Sofia Kenin
20250329,Hard,Eva Vedder,Elizabeth Mandlik
20250329,Hard,Aleksandra Krunic,Dalila Jakupovic
20250329,Hard,Anastasia Tikhonova,Jazmin Ortenzi
20250329,Hard,Carolina Alves,Victoria Rodriguez
20250329,Hard,Lea Boskovic,Emanuela Lares
20250329,Hard,Julieta Pareja,Carol Zhao
20250329,Hard,Patricia Maria Tig,Miriana Tona
20250329,Hard,Valeriya Strakhova,Malene Helgo
20250329,Hard,Nicole Fossa Huergo,Mariia Tkacheva
20250329,Hard,Irina Bara,Yuliana Monroy
20250329,Hard,Katarzyna Kawa,Gergana Topalova
20250329,Hard,Raluka Serban,Victoria Hu
20250330,Hard,Lea Boskovic,Carolina Alves
20250330,Hard,Aleksandra Krunic,Anastasia Tikhonova
20250330,Hard,Irina Bara,Valeriya Strakhova
20250330,Hard,Julieta Pareja,Eva Vedder
20250330,Hard,Katarzyna Kawa,Patricia Maria Tig
20250330,Hard,Raluka Serban,Nicole Fossa Huergo
20250401,Hard,Hanna Chang,Varvara Lepchenko
20250401,Hard,Tatjana Maria,Chloe Paquet
20250401,Hard,Selena Janicijevic,Sara Sorribes Tormo
20250401,Hard,Camila Osorio,Mariana Isabel Higuita Barraza
20250401,Hard,Katarzyna Kawa,Valentina Mediorreal Arias
20250401,Hard,Patricia Maria Tig,Emiliana Arango
20250401,Hard,Laura Pigossi,Laura Siegemund
20250401,Hard,Raluka Serban,Nuria Parrizas Diaz
20250401,Hard,Iva Jovic,Alycia Parks
20250401,Hard,Marie Bouzkova,Aleksandra Krunic
20250401,Hard,Lea Boskovic,Irina Bara
20250401,Hard,Emina Bektas,Maria Camila Torres Murcia
20250401,Hard,Julieta Pareja,Maria Jose Sanchez Uribe
20250401,Hard,Leolia Jeanjean,Kathinka von Deichmann
20250401,Hard,Cristina Bucsa,Leonie Kung
20250401,Hard,Julia Riera,Francesca Jones
20250402,Hard,Katarzyna Kawa,Laura Pigossi
20250402,Hard,Marie Bouzkova,Raluka Serban
20250402,Hard,Julieta Pareja,Patricia Maria Tig
20250402,Hard,Leolia Jeanjean,Selena Janicijevic
20250403,Hard,Camila Osorio,Emina Bektas
20250403,Hard,Tatjana Maria,Hanna Chang
20250403,Hard,Lea Boskovic,Cristina Bucsa
20250403,Hard,Julia Riera,Iva Jovic
20250404,Hard,Camila Osorio,Tatjana Maria
20250404,Hard,Julia Riera,Lea Boskovic
20250404,Hard,Katarzyna Kawa,Marie Bouzkova
20250405,Hard,Julieta Pareja,Leolia Jeanjean
20250405,Hard,Camila Osorio,Julia Riera
20250405,Hard,Katarzyna Kawa,Julieta Pareja
20250406,Hard,Camila Osorio,Katarzyna Kawa
20250330,Hard,Kaitlin Quevedo,Tena Lukas
20250330,Hard,Caroline Werner,Angela Fita Boluda
20250330,Hard,Alina Charaeva,Ruth Roura Llaverias
20250330,Hard,Margaux Rouvroy,Celia Cervino Ruiz
20250331,Hard,Panna Udvardy,Nina Stojanovic
20250331,Hard,Guiomar Maristany Zuleta De Reales,Carlota Martinez Cirez
20250331,Hard,Aliaksandra Sasnovich,Giorgia Pedone
20250331,Hard,Caroline Werner,Miriam Bulgaru
20250331,Hard,Sinja Kraus,Andrea Lazaro Garcia
20250331,Hard,Aliona Bolsova,Nao Hibino
20250401,Hard,Dalma Galfi,Kaitlin Quevedo
20250401,Hard,Angela Fita Boluda,Diane Parry
20250401,Hard,Arantxa Rus,Alina Charaeva
20250401,Hard,Maria Lourdes Carle,Barbora Palicova
20250401,Hard,Eva Lys,Nuria Brancaccio
20250401,Hard,Sara Saito,Victoria Jimenez Kasintseva
20250401,Hard,Susan Bandecchi,Yuliia Starodubtseva
20250401,Hard,Alize Cornet,Irene Burillo
20250401,Hard,Darja Semenistaja,Celia Cervino Ruiz
20250401,Hard,Marina Bassols Ribera,Margaux Rouvroy
20250402,Hard,Dalma Galfi,Aliaksandra Sasnovich
20250402,Hard,Guiomar Maristany Zuleta De Reales,Angela Fita Boluda
20250402,Hard,Panna Udvardy,Sinja Kraus
20250402,Hard,Caroline Werner,Sara Saito
20250402,Hard,Aliona Bolsova,Arantxa Rus
20250403,Hard,Darja Semenistaja,Maria Lourdes Carle
20250403,Hard,Alize Cornet,Susan Bandecchi
20250403,Hard,Eva Lys,Marina Bassols Ribera
20250404,Hard,Darja Semenistaja,Guiomar Maristany Zuleta De Reales
20250404,Hard,Aliona Bolsova,Caroline Werner
20250404,Hard,Dalma Galfi,Alize Cornet
20250404,Hard,Panna Udvardy,Eva Lys
20250405,Hard,Darja Semenistaja,Aliona Bolsova
20250405,Hard,Dalma Galfi,Panna Udvardy
20250406,Hard,Darja Semenistaja,Dalma Galfi
20250330,Hard,Jesika Maleckova,Lucija Ciric Bagaric
20250330,Hard,Zhibek Kulambayeva,Alevtina Ibragimova
20250330,Hard,Amina Anshba,Vlada Guryleva
20250330,Hard,Zheng Wushuang,Sofia Rocchetti
20250330,Hard,Defne Cirpanli,Gina Feistel
20250330,Hard,Nina Vargova,Ilay Yoruk
20250330,Hard,Tara Wuerth,Ekaterina Ovcharenko
20250331,Hard,Tara Wuerth,Nina Vargova
20250331,Hard,Zhibek Kulambayeva,Zheng Wushuang
20250331,Hard,Jesika Maleckova,Amina Anshba
20250331,Hard,Lia Karatancheva,Nastasja Schunk
20250331,Hard,Lia Karatancheva,Defne Cirpanli
20250402,Hard,Mona Barthel,Zhibek Kulambayeva
20250402,Hard,Solana Sierra,Tatiana Prozorova
20250402,Hard,Ekaterina Makarova,Ana Bogdan
20250402,Hard,Anna Bondar,Celine Naef
20250402,Hard,Gao Xinyu,Anastasiia Gureva
20250402,Hard,Tara Wuerth,Ella Seidel
20250402,Hard,Tamara Zidansek,Anastasia Zakharova
20250402,Hard,Lia Karatancheva,Veronika Erjavec
20250402,Hard,Leyre Romero Gormaz,Ipek Oz
20250402,Hard,Zheng Wushuang,Maja Chwalinska
20250402,Hard,Astra Sharma,Lanlana Tararudee
20250402,Hard,Ayla Aksu,Petra Martic
20250402,Hard,Elsa Jacquemot,Jesika Maleckova
20250402,Hard,Anastasiia Sobolieva,Cagla Buyukakcay
20250402,Hard,Simona Waltert,Adelina Lachinova
20250402,Hard,Elena Pridankina,Noma Noha Akugue
20250403,Hard,Lia Karatancheva,Tamara Zidansek
20250403,Hard,Zheng Wushuang,Anastasiia Sobolieva
20250403,Hard,Anna Bondar,Mona Barthel
20250403,Hard,Solana Sierra,Ekaterina Makarova
20250403,Hard,Leyre Romero Gormaz,Ayla Aksu
20250403,Hard,Simona Waltert,Elsa Jacquemot
20250403,Hard,Astra Sharma,Gao Xinyu
20250403,Hard,Tara Wuerth,Elena Pridankina
20250404,Hard,Solana Sierra,Anna Bondar
20250404,Hard,Leyre Romero Gormaz,Simona Waltert
20250404,Hard,Tara Wuerth,Zheng Wushuang
20250404,Hard,Astra Sharma,Lia Karatancheva
20250405,Hard,Leyre Romero Gormaz,Tara Wuerth
20250405,Hard,Solana Sierra,Astra Sharma
20250406,Hard,Solana Sierra,Leyre Romero Gormaz
20250412,Hard,Dayana Yastremska,Ana Konjuh
20250412,Hard,Aliaksandra Sasnovich,Louisa Chirico
20250412,Hard,Ella Seidel,Yanina Wickmayer
20250412,Hard,Jana Fett,Yuliia Starodubtseva
20250412,Hard,Erika Andreeva,Mariella Thamm
20250412,Hard,Veronika Kudermetova,Kathinka von Deichmann
20250412,Hard,Sara Errani,Nastasja Schunk
20250412,Hard,Rebeka Masarova,Zhang Shuai
20250413,Hard,Aliaksandra Sasnovich,Erika Andreeva
20250413,Hard,Dayana Yastremska,Ella Seidel
20250413,Hard,Jana Fett,Rebeka Masarova
20250413,Hard,Veronika Kudermetova,Sara Errani
20250414,Hard,Elise Mertens,Aliaksandra Sasnovich
20250414,Hard,Anastasia Potapova,Clara Tauson
20250414,Hard,Diana Shnaider,Veronika Kudermetova
20250415,Hard,Jelena Ostapenko,Dayana Yastremska
20250415,Hard,Jana Fett,Donna Vekic
20250415,Hard,Ekaterina Alexandrova,Liudmila Samsonova
20250415,Hard,Jule Niemeier,Laura Siegemund
20250415,Hard,Jasmine Paolini,Eva Lys
20250415,Hard,Emma Navarro,Beatriz Haddad Maia
20250416,Hard,Mirra Andreeva,Erika Andreeva
20250416,Hard,Magdalena Frech,Sara Errani
20250416,Hard,Iga Swiatek,Jana Fett
20250416,Hard,Ella Seidel,Tatjana Maria
20250416,Hard,Elise Mertens,Diana Shnaider
20250417,Hard,Ekaterina Alexandrova,Mirra Andreeva
20250417,Hard,Jasmine Paolini,Jule Niemeier
20250417,Hard,Jessica Pegula,Magdalena Frech
20250417,Hard,Coco Gauff,Ella Seidel
20250417,Hard,Jelena Ostapenko,Emma Navarro
20250418,Hard,Aryna Sabalenka,Anastasia Potapova
20250419,Hard,Ekaterina Alexandrova,Jessica Pegula
20250419,Hard,Jelena Ostapenko,Iga Swiatek
20250419,Hard,Aryna Sabalenka,Elise Mertens
20250419,Hard,Jasmine Paolini,Coco Gauff
20250420,Hard,Jelena Ostapenko,Ekaterina Alexandrova
20250420,Hard,Aryna Sabalenka,Jasmine Paolini
20250421,Hard,Jelena Ostapenko,Aryna Sabalenka
20250412,Hard,Jessika Ponchet,Astrid Lew Yan Foon
20250412,Hard,Tiantsoa Rakotomanga Rajaonah,Emily Appleton
20250412,Hard,Linda Fruhvirtova,Jessica Pieri
20250412,Hard,Fiona Ferro,Emeline Dartron
20250412,Hard,Aleksandra Krunic,Lara Salden
20250412,Hard,Manon Leonard,Dalila Spiteri
20250412,Hard,Tina Nadine Smith,Nadiia Kolb
20250412,Hard,Margaux Rouvroy,Ekaterina Yashina
20250412,Hard,Nao Hibino,Yasmine Mansouri
20250412,Hard,Tiphanie Lemaitre,Carol Zhao
20250412,Hard,Camilla Rosatello,Diana Martynov
20250412,Hard,Nuria Brancaccio,Nahia Berecoechea
20250413,Hard,Aleksandra Krunic,Linda Fruhvirtova
20250413,Hard,Tiantsoa Rakotomanga Rajaonah,Jessika Ponchet
20250413,Hard,Fiona Ferro,Manon Leonard
20250413,Hard,Nao Hibino,Tina Nadine Smith
20250413,Hard,Margaux Rouvroy,Tiphanie Lemaitre
20250413,Hard,Camilla Rosatello,Nuria Brancaccio
20250414,Hard,Tiantsoa Rakotomanga Rajaonah,Lucia Bronzetti
20250414,Hard,Anhelina Kalinina,Nao Hibino
20250414,Hard,Elena-Gabriela Ruse,Elsa Jacquemot
20250414,Hard,Fiona Ferro,McCartney Kessler
20250415,Hard,Jessika Ponchet,Margaux Rouvroy
20250415,Hard,Olga Danilovic,Aleksandra Krunic
20250415,Hard,Lois Boisson,Harriet Dart
20250415,Hard,Linda Fruhvirtova,Anna Blinkova
20250415,Hard,Jaqueline Cristian,Diane Parry
20250415,Hard,Camilla Rosatello,Alycia Parks
20250415,Hard,Jessica Bouzas Maneiro,Maria Sakkari
20250415,Hard,Varvara Gracheva,Sonay Kartal
20250416,Hard,Linda Noskova,Bernarda Pera
20250416,Hard,Moyuka Uchijima,Nuria Brancaccio
20250416,Hard,Suzan Lamens,Bianca Andreescu
20250416,Hard,Elena-Gabriela Ruse,Camilla Rosatello
20250416,Hard,Elina Svitolina,Jil Teichmann
20250416,Hard,Jessika Ponchet,Fiona Ferro
20250416,Hard,Tiantsoa Rakotomanga Rajaonah,Jaqueline Cristian
20250417,Hard,Suzan Lamens,Linda Noskova
20250417,Hard,Moyuka Uchijima,Lois Boisson
20250417,Hard,Olga Danilovic,Linda Fruhvirtova
20250417,Hard,Elina Svitolina,Anhelina Kalinina
20250417,Hard,Jessica Bouzas Maneiro,Varvara Gracheva
20250418,Hard,Olga Danilovic,Moyuka Uchijima
20250418,Hard,Elena-Gabriela Ruse,Jessika Ponchet
20250418,Hard,Suzan Lamens,Tiantsoa Rakotomanga Rajaonah
20250418,Hard,Elina Svitolina,Jessica Bouzas Maneiro
20250419,Hard,Olga Danilovic,Suzan Lamens
20250419,Hard,Elina Svitolina,Elena-Gabriela Ruse
20250420,Hard,Elina Svitolina,Olga Danilovic
20250413,Hard,Kristina Dmitruk,Rutuja Bhosale
20250413,Hard,Alevtina Ibragimova,Celia Cervino Ruiz
20250413,Hard,Carson Branstine,Ana Filipa Santos
20250413,Hard,Lucija Ciric Bagaric,Analu Freitas
20250413,Hard,Noma Noha Akugue,Luca Udvardy
20250413,Hard,Lian Tran,Teresa Poppe
20250413,Hard,Jesika Maleckova,Amalia Suciu
20250413,Hard,Patricia Maria Tig,Amina Anshba
20250415,Hard,Alevtina Ibragimova,Kristina Dmitruk
20250415,Hard,Jesika Maleckova,Patricia Maria Tig
20250415,Hard,Alexandra Eala,Anouk Koevermans
20250415,Hard,Lian Tran,Carson Branstine
20250415,Hard,Anna Bondar,Francisca Jorge
20250415,Hard,Katie Volynets,Giorgia Pedone
20250415,Hard,Noma Noha Akugue,Lucija Ciric Bagaric
20250415,Hard,Simona Waltert,Matilde Jorge
20250415,Hard,Tamara Zidansek,Mona Barthel
20250415,Hard,Dalma Galfi,Maja Chwalinska
20250415,Hard,Elisabetta Cocciaretto,Ines Murta
20250415,Hard,Nina Stojanovic,Angelina Voloshchuk
20250415,Hard,Sinja Kraus,Dominika Salkova
20250416,Hard,Sara Saito,Jesika Maleckova
20250416,Hard,Lola Radivojevic,Patricia Maria Tig
20250416,Hard,Panna Udvardy,Lian Tran
20250416,Hard,Varvara Lepchenko,Alevtina Ibragimova
20250416,Hard,Elena Pridankina,Carson Branstine
20250417,Hard,Katie Volynets,Tamara Zidansek
20250417,Hard,Panna Udvardy,Alexandra Eala
20250417,Hard,Dalma Galfi,Sara Saito
20250417,Hard,Elena Pridankina,Anna Bondar
20250417,Hard,Varvara Lepchenko,Sinja Kraus
20250417,Hard,Francesca Jones,Noma Noha Akugue
20250417,Hard,Victoria Jimenez Kasintseva,Yuan Yue
20250417,Hard,Simona Waltert,Elisabetta Cocciaretto
20250417,Hard,Nina Stojanovic,Francesca Jones
20250417,Hard,Victoria Jimenez Kasintseva,Lola Radivojevic
20250418,Hard,Simona Waltert,Nina Stojanovic
20250418,Hard,Dalma Galfi,Panna Udvardy
20250418,Hard,Varvara Lepchenko,Elena Pridankina
20250418,Hard,Katie Volynets,Victoria Jimenez Kasintseva
20250419,Hard,Dalma Galfi,Varvara Lepchenko
20250419,Hard,Katie Volynets,Simona Waltert
20250420,Hard,Dalma Galfi,Katie Volynets
20250421,Hard,Kaitlin Quevedo,Nuria Parrizas Diaz
20250421,Hard,Anna Blinkova,Neus Torner Sensano
20250421,Hard,Maya Joint,Sara Errani
20250421,Hard,Jil Teichmann,Yanina Wickmayer
20250421,Hard,Elisabetta Cocciaretto,Priscilla Hon
20250421,Hard,Zeynep Sonmez,Leyre Romero Gormaz
20250421,Hard,Diane Parry,Oksana Selekhmeteva
20250421,Hard,Varvara Lepchenko,Harriet Dart
20250421,Hard,Jana Fett,Kamilla Rakhimova
20250421,Hard,Antonia Ruzic,Ariana Geerlings
20250421,Hard,Aliaksandra Sasnovich,Mirjam Bjorklund
20250421,Hard,Tyra Caterina Grant,Tatjana Maria
20250421,Hard,Yuliia Starodubtseva,Chloe Paquet
20250421,Hard,Elsa Jacquemot,Anca Todoni
20250421,Hard,Rebeka Masarova,Arantxa Rus
20250421,Hard,Maria Lourdes Carle,Daria Snigur
20250421,Hard,Sara Bejlek,Anna Bondar
20250421,Hard,Bernarda Pera,Ruth Roura Llaverias
20250421,Hard,Teodora Kostovic,Elena-Gabriela Ruse
20250421,Hard,Lucrezia Stefanini,Erika Andreeva
20250421,Hard,Cristina Bucsa,Maja Chwalinska
20250421,Hard,Panna Udvardy,Olivia Gadecki
20250421,Hard,Francesca Jones,Laura Siegemund
20250421,Hard,Jule Niemeier,Anastasia Zakharova
20250422,Hard,Anna Blinkova,Kaitlin Quevedo
20250422,Hard,Maya Joint,Jil Teichmann
20250422,Hard,Diane Parry,Elisabetta Cocciaretto
20250422,Hard,Alexandra Eala,Viktoriya Tomova
20250422,Hard,Caroline Dolehide,Elina Avanesyan
20250422,Hard,Lucia Bronzetti,Naomi Osaka
20250422,Hard,Aliaksandra Sasnovich,Tyra Caterina Grant
20250422,Hard,Jana Fett,Antonia Ruzic
20250422,Hard,Marie Bouzkova,Renata Zarazua
20250422,Hard,Zeynep Sonmez,Varvara Lepchenko
20250422,Hard,Yuliia Starodubtseva,Elsa Jacquemot
20250422,Hard,Rebeka Masarova,Sara Bejlek
20250422,Hard,Teodora Kostovic,Lucrezia Stefanini
20250422,Hard,Jessica Bouzas Maneiro,Mayar Sherif
20250422,Hard,Hailey Baptiste,Sorana Cirstea
20250422,Hard,Maria Lourdes Carle,Bernarda Pera
20250422,Hard,Katie Boulter,Katerina Siniakova
20250422,Hard,Francesca Jones,Cristina Bucsa
20250422,Hard,Panna Udvardy,Jule Niemeier
20250422,Hard,Lulu Sun,Varvara Gracheva
20250422,Hard,Camila Osorio,Emiliana Arango
20250422,Hard,Peyton Stearns,Kimberly Birrell
20250423,Hard,Ann Li,Aliaksandra Sasnovich
20250423,Hard,Diane Parry,Irina-Camelia Begu
20250423,Hard,Maya Joint,Carlota Martinez Cirez
20250423,Hard,Anastasija Sevastova,Anastasia Pavlyuchenkova
20250423,Hard,Katie Volynets,Petra Kvitova
20250423,Hard,Bernarda Pera,Jana Fett
20250423,Hard,Alycia Parks,Victoria Jimenez Kasintseva
20250423,Hard,Belinda Bencic,Zeynep Sonmez
20250423,Hard,Maria Lourdes Carle,Rebecca Sramkova
20250423,Hard,Maria Sakkari,Wang Xinyu
20250423,Hard,Emma Raducanu,Suzan Lamens
20250423,Hard,Rebeka Masarova,Ajla Tomljanovic
20250423,Hard,Anna Blinkova,Panna Udvardy
20250423,Hard,Yuliia Starodubtseva,Linda Fruhvirtova
20250423,Hard,Anastasia Potapova,Ashlyn Krueger
20250423,Hard,Veronika Kudermetova,Polina Kudermetova
20250423,Hard,Moyuka Uchijima,Robin Montgomery
20250423,Hard,Dayana Yastremska,Francesca Jones
20250423,Hard,Eva Lys,Teodora Kostovic
20250423,Hard,Olga Danilovic,Victoria Azarenka
20250423,Hard,Bianca Andreescu,McCartney Kessler
20250423,Hard,Sonay Kartal,Jaqueline Cristian
20250424,Hard,Belinda Bencic,Clara Tauson
20250424,Hard,Magdalena Frech,Jessica Bouzas Maneiro
20250424,Hard,Liudmila Samsonova,Caroline Dolehide
20250424,Hard,Donna Vekic,Hailey Baptiste
20250424,Hard,Anna Kalinskaya,Diane Parry
20250424,Hard,Beatriz Haddad Maia,Bernarda Pera
20250424,Hard,Mirra Andreeva,Marie Bouzkova
20250424,Hard,Emma Navarro,Maya Joint
20250424,Hard,Diana Shnaider,Katie Volynets
20250424,Hard,Linda Noskova,Maria Lourdes Carle
20250424,Hard,Iga Swiatek,Alexandra Eala
20250424,Hard,Anastasija Sevastova,Jelena Ostapenko
20250424,Hard,Yuliia Starodubtseva,Elisabetta Cocciaretto
20250424,Hard,Ann Li,Leylah Fernandez
20250424,Hard,Madison Keys,Lucia Bronzetti
20250424,Hard,Coco Gauff,Dayana Yastremska
20250425,Hard,Daria Kasatkina,Alycia Parks
20250425,Hard,Veronika Kudermetova,Cristina Bucsa
20250425,Hard,Maria Sakkari,Magda Linette
20250425,Hard,Jasmine Paolini,Katie Boulter
20250425,Hard,Aryna Sabalenka,Anna Blinkova
20250425,Hard,Moyuka Uchijima,Ons Jabeur
20250425,Hard,Ekaterina Alexandrova,Olga Danilovic
20250425,Hard,Peyton Stearns,Amanda Anisimova
20250425,Hard,Sofia Kenin,Lulu Sun
20250425,Hard,Elise Mertens,Camila Osorio
20250425,Hard,Anastasia Potapova,Zheng Qinwen
20250425,Hard,Elina Svitolina,Sonay Kartal
20250425,Hard,Marta Kostyuk,Emma Raducanu
20250425,Hard,Rebeka Masarova,Yulia Putintseva
20250425,Hard,Jessica Pegula,Eva Lys
20250425,Hard,Elena Rybakina,Bianca Andreescu
20250426,Hard,Mirra Andreeva,Magdalena Frech
20250426,Hard,Diana Shnaider,Anastasija Sevastova
20250426,Hard,Yuliia Starodubtseva,Liudmila Samsonova
20250426,Hard,Madison Keys,Anna Kalinskaya
20250426,Hard,Belinda Bencic,Beatriz Haddad Maia
20250426,Hard,Coco Gauff,Ann Li
20250426,Hard,Iga Swiatek,Linda Noskova
20250426,Hard,Donna Vekic,Emma Navarro
20250427,Hard,Aryna Sabalenka,Elise Mertens
20250427,Hard,Marta Kostyuk,Veronika Kudermetova
20250427,Hard,Maria Sakkari,Jasmine Paolini
20250427,Hard,Anastasia Potapova,Sofia Kenin
20250427,Hard,Moyuka Uchijima,Jessica Pegula
20250427,Hard,Peyton Stearns,Rebeka Masarova
20250427,Hard,Elina Svitolina,Elena Rybakina
20250427,Hard,Ekaterina Alexandrova,Daria Kasatkina
20250428,Hard,Mirra Andreeva,Yuliia Starodubtseva
20250428,Hard,Coco Gauff,Belinda Bencic
20250429,Hard,Iga Swiatek,Diana Shnaider
20250429,Hard,Madison Keys,Donna Vekic
20250429,Hard,Elina Svitolina,Maria Sakkari
20250429,Hard,Moyuka Uchijima,Ekaterina Alexandrova
20250429,Hard,Aryna Sabalenka,Peyton Stearns
20250429,Hard,Marta Kostyuk,Anastasia Potapova
20250430,Hard,Iga Swiatek,Madison Keys
20250430,Hard,Coco Gauff,Mirra Andreeva
20250430,Hard,Elina Svitolina,Moyuka Uchijima
20250430,Hard,Aryna Sabalenka,Marta Kostyuk
20250501,Hard,Coco Gauff,Iga Swiatek
20250501,Hard,Aryna Sabalenka,Elina Svitolina
20250503,Hard,Aryna Sabalenka,Coco Gauff
20250421,Hard,Harold Mayot,Aleksandr Shevchenko
20250421,Hard,Tristan Boyer,Jesper de Jong
20250421,Hard,Juan Manuel Cerundolo,Thiago Seyboth Wild
20250421,Hard,Botic Van De Zandschulp,Moise Kouame
20250421,Hard,Hugo Dellien,Adrian Mannarino
20250421,Hard,Jacob Fearnley,Pavel Kotov
20250421,Hard,Cristian Garin,Chun-Hsin Tseng
20250421,Hard,Borna Gojo,Marton Fucsovics
20250421,Hard,Jerome Kym,Mackenzie McDonald
20250421,Hard,Vit Kopriva,Roman Andres Burruchaga
20250421,Hard,Valentin Royer,Taro Daniel
20250421,Hard,Dusan Lajovic,Thiago Agustin Tirante
20250421,Hard,Daniel Altmaier,Luca Van Assche
20250421,Hard,Gabriel Diallo,Nicolas Moreno De Alboran
20250421,Hard,Borna Coric,Otto Virtanen
20250421,Hard,Daniel Elahi Galan,Diego Dedura
20250421,Hard,Luca Nardi,Manas Dhamne
20250421,Hard,Fabio Fognini,Alexander Ritschard
20250421,Hard,Elmer Moller,Nishesh Basavareddy
20250421,Hard,Kamil Majchrzak,Darwin Blanch
20250421,Hard,Hugo Gaston,Yannick Hanfmann
20250421,Hard,Rinky Hijikata,Lloyd Harris
20250421,Hard,Ethan Quinn,Billy Harris
20250421,Hard,Thiago Monteiro,Mitchell Krueger
20250422,Hard,Juan Manuel Cerundolo,Botic Van De Zandschulp
20250422,Hard,Harold Mayot,Tristan Boyer
20250422,Hard,Jacob Fearnley,Hugo Dellien
20250422,Hard,Dusan Lajovic,Cristian Garin
20250422,Hard,Vit Kopriva,Valentin Royer
20250422,Hard,Borna Gojo,Jerome Kym
20250422,Hard,Borna Coric,Gabriel Diallo
20250422,Hard,Hugo Gaston,Luca Nardi
20250422,Hard,Daniel Altmaier,Daniel Elahi Galan
20250422,Hard,Ethan Quinn,Thiago Monteiro
20250422,Hard,Elmer Moller,Kamil Majchrzak
20250422,Hard,Fabio Fognini,Rinky Hijikata
20250423,Hard,Mariano Navone,Giovanni Mpetshi Perricard
20250423,Hard,Federico Cina,Chak Lam Coleman Wong
20250423,Hard,Arthur Rinderknech,Roman Safiullin
20250423,Hard,Christopher O'Connell,Camilo Ugo Carabelli
20250423,Hard,Benjamin Bonzi,Marin Cilic
20250423,Hard,Nuno Borges,Pablo Carreno Busta
20250423,Hard,Harold Mayot,Corentin Moutet
20250423,Hard,Ethan Quinn,Dusan Lajovic
20250423,Hard,Roberto Bautista Agut,Jaume Munar
20250423,Hard,Sebastian Ofner,Hugo Gaston
20250423,Hard,Francisco Comesana,Pedro Martinez
20250423,Hard,Laslo Djere,Fabio Fognini
20250423,Hard,Juan Manuel Cerundolo,Aleksandar Kovacevic
20250423,Hard,Alexander Bublik,Alex Michelsen
20250423,Hard,Gael Monfils,Borna Gojo
20250423,Hard,Flavio Cobolli,Fabian Marozsan
20250424,Hard,Alexandre Muller,David Goffin
20250424,Hard,Damir Dzumhur,Mattia Bellucci
20250424,Hard,Kei Nishikori,Aleksandar Vukic
20250424,Hard,Tomas Martin Etcheverry,Hamad Medjedovic
20250424,Hard,Gabriel Diallo,Zizou Bergs
20250424,Hard,Lorenzo Sonego,Miomir Kecmanovic
20250424,Hard,Luciano Darderi,Quentin Halys
20250424,Hard,Nicolas Jarry,Daniel Altmaier
20250424,Hard,Cameron Norrie,Martin Landaluce
20250424,Hard,Matteo Arnaldi,Borna Coric
20250424,Hard,Jan-Lennard Struff,Botic Van De Zandschulp
20250424,Hard,Joao Fonseca,Elmer Moller
20250424,Hard,Marcos Giron,Learner Tien
20250424,Hard,Tallon Griekspoor,Vit Kopriva
20250424,Hard,Reilly Opelka,Rinky Hijikata
20250424,Hard,Jacob Fearnley,Bu Yunchaokete
20250425,Hard,Benjamin Bonzi,Hubert Hurkacz
20250425,Hard,Francisco Cerundolo,Harold Mayot
20250425,Hard,Francisco Comesana,Arthur Fils
20250425,Hard,Casper Ruud,Arthur Rinderknech
20250425,Hard,Daniil Medvedev,Laslo Djere
20250425,Hard,Juan Manuel Cerundolo,Felix Auger-Aliassime
20250425,Hard,Alexander Bublik,Alexei Popyrin
20250425,Hard,Sebastian Korda,Federico Cina
20250425,Hard,Jakub Mensik,Ethan Quinn
20250425,Hard,Alexander Zverev,Roberto Bautista Agut
20250425,Hard,Taylor Fritz,Christopher O'Connell
20250425,Hard,Brandon Nakashima,Sebastian Ofner
20250425,Hard,Ben Shelton,Mariano Navone
20250425,Hard,Andrey Rublev,Gael Monfils
20250425,Hard,Alejandro Davidovich Fokina,Nuno Borges
20250425,Hard,Flavio Cobolli,Holger Rune
20250426,Hard,Denis Shapovalov,Kei Nishikori
20250426,Hard,Lorenzo Musetti,Tomas Martin Etcheverry
20250426,Hard,Damir Dzumhur,Sebastian Baez
20250426,Hard,Cameron Norrie,Jiri Lehecka
20250426,Hard,Alex de Minaur,Lorenzo Sonego
20250426,Hard,Gabriel Diallo,Kamil Majchrzak
20250426,Hard,Stefanos Tsitsipas,Jan-Lennard Struff
20250426,Hard,Matteo Arnaldi,Novak Djokovic
20250426,Hard,Jacob Fearnley,Tomas Machac
20250426,Hard,Grigor Dimitrov,Nicolas Jarry
20250426,Hard,Alexandre Muller,Ugo Humbert
20250426,Hard,Matteo Berrettini,Marcos Giron
20250426,Hard,Jack Draper,Tallon Griekspoor
20250426,Hard,Frances Tiafoe,Luciano Darderi
20250426,Hard,Karen Khachanov,Reilly Opelka
20250426,Hard,Tommy Paul,Joao Fonseca
20250427,Hard,Alexander Bublik,Andrey Rublev
20250427,Hard,Brandon Nakashima,Flavio Cobolli
20250427,Hard,Alexander Zverev,Alejandro Davidovich Fokina
20250427,Hard,Daniil Medvedev,Juan Manuel Cerundolo
20250427,Hard,Taylor Fritz,Benjamin Bonzi
20250427,Hard,Jakub Mensik,Ben Shelton
20250427,Hard,Francisco Cerundolo,Francisco Comesana
20250427,Hard,Casper Ruud,Sebastian Korda
20250428,Hard,Matteo Arnaldi,Damir Dzumhur
20250429,Hard,Tommy Paul,Karen Khachanov
20250429,Hard,Frances Tiafoe,Alexandre Muller
20250429,Hard,Alex de Minaur,Denis Shapovalov
20250429,Hard,Gabriel Diallo,Cameron Norrie
20250429,Hard,Jakub Mensik,Alexander Bublik
20250429,Hard,Grigor Dimitrov,Jacob Fearnley
20250429,Hard,Jack Draper,Matteo Berrettini
20250429,Hard,Lorenzo Musetti,Stefanos Tsitsipas
20250429,Hard,Francisco Cerundolo,Alexander Zverev
20250429,Hard,Daniil Medvedev,Brandon Nakashima
20250429,Hard,Casper Ruud,Taylor Fritz
20250430,Hard,Matteo Arnaldi,Frances Tiafoe
20250430,Hard,Jack Draper,Tommy Paul
20250430,Hard,Gabriel Diallo,Grigor Dimitrov
20250430,Hard,Lorenzo Musetti,Alex de Minaur
20250501,Hard,Casper Ruud,Daniil Medvedev
20250501,Hard,Francisco Cerundolo,Jakub Mensik
20250501,Hard,Jack Draper,Matteo Arnaldi
20250501,Hard,Lorenzo Musetti,Gabriel Diallo
20250502,Hard,Casper Ruud,Francisco Cerundolo
20250502,Hard,Jack Draper,Lorenzo Musetti
20250504,Hard,Casper Ruud,Jack Draper
20250427,Hard,Noma Noha Akugue,Amina Anshba
20250427,Hard,Yara Bartashevich,Caroline Werner
20250427,Hard,Emeline Dartron,Freya Christie
20250427,Hard,Eleejah Inisan,Carole Monnet
20250427,Hard,Sara Cakarevic,Jessica Pieri
20250427,Hard,Tessah Andrianjafitrimo,Sarah Iliev
20250427,Hard,Emily Appleton,Alyssa Reguer
20250427,Hard,Diana Martynov,Alina Charaeva
20250428,Hard,Emeline Dartron,Noma Noha Akugue
20250428,Hard,Sara Cakarevic,Eleejah Inisan
20250428,Hard,Elsa Jacquemot,Marina Stakusic
20250428,Hard,Yara Bartashevich,Diana Martynov
20250428,Hard,Tessah Andrianjafitrimo,Emily Appleton
20250428,Hard,Viktorija Golubic,Selena Janicijevic
20250428,Hard,Leolia Jeanjean,Lois Boisson
20250428,Hard,Olivia Gadecki,Victoria Mboko
20250428,Hard,Caroline Dolehide,Manon Leonard
20250428,Hard,Chloe Paquet,Nuria Parrizas Diaz
20250429,Hard,Kaja Juvan,Greet Minnen
20250429,Hard,Celine Naef,Sara Cakarevic
20250429,Hard,Varvara Lepchenko,Priscilla Hon
20250429,Hard,Katie Volynets,Anastasia Zakharova
20250429,Hard,McCartney Kessler,Yara Bartashevich
20250429,Hard,Tiantsoa Rakotomanga Rajaonah,Tessah Andrianjafitrimo
20250429,Hard,Emeline Dartron,Wei Sijia
20250429,Hard,Naomi Osaka,Petra Marcinko
20250429,Hard,Fiona Ferro,Noma Noha Akugue
20250429,Hard,Diane Parry,Jessika Ponchet
20250430,Hard,Elsa Jacquemot,Olivia Gadecki
20250430,Hard,Leolia Jeanjean,Caroline Dolehide
20250430,Hard,McCartney Kessler,Tiantsoa Rakotomanga Rajaonah
20250430,Hard,Viktorija Golubic,Chloe Paquet
20250501,Hard,Katie Volynets,Varvara Lepchenko
20250501,Hard,Fiona Ferro,Emeline Dartron
20250501,Hard,Naomi Osaka,Diane Parry
20250501,Hard,Kaja Juvan,Celine Naef
20250502,Hard,Leolia Jeanjean,Fiona Ferro
20250502,Hard,Naomi Osaka,Elsa Jacquemot
20250502,Hard,Viktorija Golubic,McCartney Kessler
20250502,Hard,Kaja Juvan,Katie Volynets
20250503,Hard,Naomi Osaka,Leolia Jeanjean
20250503,Hard,Kaja Juvan,Viktorija Golubic
20250504,Hard,Naomi Osaka,Kaja Juvan
20250428,Hard,Ruth Roura Llaverias,Yvonne Cavalle-Reimers
20250428,Hard,Ane Mintegi Del Olmo,Naroa Aranzabal
20250428,Hard,Lucia Cortez Llorca,Alba Salles Canudas
20250428,Hard,Dalma Galfi,Wang Xiyu
20250428,Hard,Oksana Selekhmeteva,Louisa Chirico
20250428,Hard,Aliaksandra Sasnovich,Emiliana Arango
20250428,Hard,Elisabetta Cocciaretto,Jule Niemeier
20250428,Hard,Kimberly Birrell,Bianca Andreescu
20250428,Hard,Renata Zarazua,Irene Burillo
20250428,Hard,Guiomar Maristany Zuleta De Reales,Daria Saville
20250428,Hard,Katerina Siniakova,Andrea Lazaro Garcia
20250429,Hard,Leylah Fernandez,Lucia Cortez Llorca
20250429,Hard,Lucrezia Stefanini,Aleksandra Krunic
20250429,Hard,Kamilla Rakhimova,Marina Bassols Ribera
20250429,Hard,Aliona Bolsova,Maya Joint
20250429,Hard,Lulu Sun,Ane Mintegi Del Olmo
20250429,Hard,Carlota Martinez Cirez,Ajla Tomljanovic
20250429,Hard,Rebeka Masarova,Arantxa Rus
20250429,Hard,Ruth Roura Llaverias,Storm Hunter
20250430,Hard,Carlota Martinez Cirez,Elisabetta Cocciaretto
20250430,Hard,Oksana Selekhmeteva,Lulu Sun
20250430,Hard,Aliona Bolsova,Lucrezia Stefanini
20250430,Hard,Aliaksandra Sasnovich,Leylah Fernandez
20250430,Hard,Rebeka Masarova,Renata Zarazua
20250430,Hard,Katerina Siniakova,Ruth Roura Llaverias
20250430,Hard,Dalma Galfi,Kimberly Birrell
20250430,Hard,Guiomar Maristany Zuleta De Reales,Kamilla Rakhimova
20250501,Hard,Rebeka Masarova,Katerina Siniakova
20250501,Hard,Aliaksandra Sasnovich,Carlota Martinez Cirez
20250501,Hard,Oksana Selekhmeteva,Aliona Bolsova
20250501,Hard,Dalma Galfi,Guiomar Maristany Zuleta De Reales
20250502,Hard,Dalma Galfi,Oksana Selekhmeteva
20250502,Hard,Rebeka Masarova,Aliaksandra Sasnovich
20250503,Hard,Dalma Galfi,Rebeka Masarova
20250505,Hard,Wang Xiyu,Bernarda Pera
20250505,Hard,Arantxa Rus,Anastasia Abbagnato
20250505,Hard,Maja Chwalinska,Yuliia Starodubtseva
20250505,Hard,Jule Niemeier,Tatjana Maria
20250505,Hard,Maria Sakkari,Chloe Paquet
20250505,Hard,Antonia Ruzic,Yuan Yue
20250505,Hard,Katie Volynets,Aliaksandra Sasnovich
20250505,Hard,Varvara Lepchenko,Erika Andreeva
20250505,Hard,Ajla Tomljanovic,Angelica Raggi
20250505,Hard,Victoria Mboko,Cristina Bucsa
20250505,Hard,Emiliana Arango,Marina Stakusic
20250505,Hard,Olivia Gadecki,Nicole Fossa Huergo
20250505,Hard,Laura Siegemund,Daria Saville
20250505,Hard,Elena-Gabriela Ruse,Solana Sierra
20250505,Hard,Jil Teichmann,Federica Di Sarra
20250505,Hard,Anca Todoni,Harriet Dart
20250505,Hard,Kamilla Rakhimova,Leyre Romero Gormaz
20250505,Hard,Ella Seidel,Zeynep Sonmez
20250505,Hard,Hailey Baptiste,Storm Hunter
20250505,Hard,Viktorija Golubic,Yanina Wickmayer
20250505,Hard,Leolia Jeanjean,Anastasia Zakharova
20250505,Hard,Anna Blinkova,Lisa Pigato
20250505,Hard,Anna Bondar,Alize Cornet
20250505,Hard,Maya Joint,Maria Lourdes Carle
20250506,Hard,Arantxa Rus,Wang Xiyu
20250506,Hard,Maria Sakkari,Maja Chwalinska
20250506,Hard,Katie Volynets,Varvara Lepchenko
20250506,Hard,Antonia Ruzic,Jule Niemeier
20250506,Hard,Jessica Bouzas Maneiro,Ann Li
20250506,Hard,Elena-Gabriela Ruse,Laura Siegemund
20250506,Hard,Ajla Tomljanovic,Olivia Gadecki
20250506,Hard,Victoria Mboko,Kamilla Rakhimova
20250506,Hard,Hailey Baptiste,Jil Teichmann
20250506,Hard,Lulu Sun,Giorgia Pedone
20250506,Hard,Petra Kvitova,Irina-Camelia Begu
20250506,Hard,Jaqueline Cristian,Alycia Parks
20250506,Hard,Anna Blinkova,Anca Todoni
20250506,Hard,Emiliana Arango,Leolia Jeanjean
20250506,Hard,Suzan Lamens,Renata Zarazua
20250506,Hard,Lucia Bronzetti,Anastasija Sevastova
20250506,Hard,Rebecca Sramkova,McCartney Kessler
20250506,Hard,Anna Bondar,Ella Seidel
20250506,Hard,Maya Joint,Viktorija Golubic
20250506,Hard,Peyton Stearns,Nuria Brancaccio
20250506,Hard,Sonay Kartal,Kimberly Birrell
20250506,Hard,Marie Bouzkova,Mayar Sherif
20250507,Hard,Naomi Osaka,Sara Errani
20250507,Hard,Kamilla Rakhimova,Wang Xinyu
20250507,Hard,Victoria Azarenka,Camila Osorio
20250507,Hard,Caroline Dolehide,Olivia Gadecki
20250507,Hard,Varvara Gracheva,Ajla Tomljanovic
20250507,Hard,Victoria Mboko,Arianna Zucchini
20250507,Hard,Elena-Gabriela Ruse,Polina Kudermetova
20250507,Hard,Elisabetta Cocciaretto,Elina Avanesyan
20250507,Hard,Ashlyn Krueger,Anna Bondar
20250507,Hard,Hailey Baptiste,Anna Blinkova
20250507,Hard,Bianca Andreescu,Federica Urgesi
20250507,Hard,Veronika Kudermetova,Lucrezia Stefanini
20250507,Hard,Anastasia Pavlyuchenkova,Katie Boulter
20250507,Hard,Eva Lys,Moyuka Uchijima
20250507,Hard,Maria Sakkari,Belinda Bencic
20250507,Hard,Emiliana Arango,Viktoriya Tomova
20250507,Hard,Antonia Ruzic,Tyra Caterina Grant
20250507,Hard,Olga Danilovic,Katerina Siniakova
20250507,Hard,Emma Raducanu,Maya Joint
20250507,Hard,Anastasia Potapova,Dayana Yastremska
20250507,Hard,Katie Volynets,Arantxa Rus
20250507,Hard,Marta Kostyuk,Alexandra Eala
20250508,Hard,Ons Jabeur,Petra Kvitova
20250508,Hard,Jaqueline Cristian,Yulia Putintseva
20250508,Hard,Naomi Osaka,Viktorija Golubic
20250508,Hard,Diana Shnaider,Caroline Dolehide
20250508,Hard,Jelena Ostapenko,Rebecca Sramkova
20250508,Hard,Elise Mertens,Suzan Lamens
20250508,Hard,Peyton Stearns,Anna Kalinskaya
20250508,Hard,Iga Swiatek,Elisabetta Cocciaretto
20250508,Hard,Jasmine Paolini,Lulu Sun
20250508,Hard,Danielle Collins,Elena-Gabriela Ruse
20250508,Hard,Hailey Baptiste,Liudmila Samsonova
20250508,Hard,Jessica Pegula,Ashlyn Krueger
20250508,Hard,Elina Svitolina,Jessica Bouzas Maneiro
20250508,Hard,Madison Keys,Varvara Gracheva
20250508,Hard,Marie Bouzkova,Beatriz Haddad Maia
20250508,Hard,Laura Siegemund,Lucia Bronzetti
20250509,Hard,Aryna Sabalenka,Anastasia Potapova
20250509,Hard,Sofia Kenin,Anastasia Pavlyuchenkova
20250509,Hard,Magda Linette,Maria Sakkari
20250509,Hard,Clara Tauson,Katie Volynets
20250509,Hard,Magdalena Frech,Victoria Azarenka
20250509,Hard,Zheng Qinwen,Olga Danilovic
20250509,Hard,Linda Noskova,Sonay Kartal
20250509,Hard,Veronika Kudermetova,Amanda Anisimova
20250509,Hard,Mirra Andreeva,Emiliana Arango
20250509,Hard,Emma Raducanu,Jil Teichmann
20250509,Hard,Marta Kostyuk,Daria Kasatkina
20250509,Hard,Emma Navarro,Kamilla Rakhimova
20250509,Hard,Leylah Fernandez,Antonia Ruzic
20250509,Hard,Elena Rybakina,Eva Lys
20250509,Hard,Coco Gauff,Victoria Mboko
20250509,Hard,Bianca Andreescu,Donna Vekic
20250510,Hard,Peyton Stearns,Madison Keys
20250510,Hard,Diana Shnaider,Jaqueline Cristian
20250510,Hard,Danielle Collins,Iga Swiatek
20250510,Hard,Elina Svitolina,Hailey Baptiste
20250510,Hard,Jasmine Paolini,Ons Jabeur
20250510,Hard,Jelena Ostapenko,Laura Siegemund
20250510,Hard,Naomi Osaka,Marie Bouzkova
20250510,Hard,Elise Mertens,Jessica Pegula
20250511,Hard,Marta Kostyuk,Leylah Fernandez
20250511,Hard,Aryna Sabalenka,Sofia Kenin
20250511,Hard,Emma Raducanu,Veronika Kudermetova
20250511,Hard,Coco Gauff,Magda Linette
20250511,Hard,Bianca Andreescu,Elena Rybakina
20250511,Hard,Clara Tauson,Emma Navarro
20250511,Hard,Zheng Qinwen,Magdalena Frech
20250511,Hard,Mirra Andreeva,Linda Noskova
20250512,Hard,Peyton Stearns,Naomi Osaka
20250512,Hard,Diana Shnaider,Elise Mertens
20250512,Hard,Jasmine Paolini,Jelena Ostapenko
20250512,Hard,Coco Gauff,Emma Raducanu
20250512,Hard,Elina Svitolina,Danielle Collins
20250512,Hard,Mirra Andreeva,Clara Tauson
20250512,Hard,Zheng Qinwen,Bianca Andreescu
20250512,Hard,Aryna Sabalenka,Marta Kostyuk
20250513,Hard,Jasmine Paolini,Diana Shnaider
20250513,Hard,Peyton Stearns,Elina Svitolina
20250514,Hard,Coco Gauff,Mirra Andreeva
20250514,Hard,Zheng Qinwen,Aryna Sabalenka
20250515,Hard,Jasmine Paolini,Peyton Stearns
20250515,Hard,Coco Gauff,Zheng Qinwen
20250517,Hard,Jasmine Paolini,Coco Gauff
20250505,Hard,Jaime Faria,Jerome Kym
20250505,Hard,Carlos Taberner,Adrian Mannarino
20250505,Hard,Sebastian Ofner,Kamil Majchrzak
20250505,Hard,Yannick Hanfmann,Taro Daniel
20250505,Hard,Vit Kopriva,Dalibor Svrcina
20250505,Hard,Pablo Carreno Busta,Thiago Agustin Tirante
20250505,Hard,Jesper de Jong,Harold Mayot
20250505,Hard,Aleksandr Shevchenko,Juan Pablo Ficovich
20250505,Hard,Marton Fucsovics,Stefano Napolitano
20250505,Hard,Roman Andres Burruchaga,Daniel Elahi Galan
20250505,Hard,Nishesh Basavareddy,Mitchell Krueger
20250505,Hard,Thiago Seyboth Wild,Pierluigi Basile
20250505,Hard,Cameron Norrie,Jacopo Vasami
20250505,Hard,Dusan Lajovic,Ethan Quinn
20250505,Hard,Otto Virtanen,Tristan Boyer
20250505,Hard,Giulio Zeppieri,Pavel Kotov
20250505,Hard,Hugo Dellien,Marc-Andrea Huesler
20250505,Hard,Nicolas Moreno De Alboran,Raphael Collignon
20250505,Hard,Vilius Gaubas,Eliot Spizzirri
20250505,Hard,Chun-Hsin Tseng,Gabriele Piraino
20250505,Hard,Juan Manuel Cerundolo,Pierre-Hugues Herbert
20250505,Hard,Valentin Royer,Federico Agustin Gomez
20250505,Hard,Federico Arnaboldi,Thiago Monteiro
20250505,Hard,Tomas Barrios Vera,Billy Harris
20250506,Hard,Sebastian Ofner,Yannick Hanfmann
20250506,Hard,Roman Andres Burruchaga,Pablo Carreno Busta
20250506,Hard,Aleksandr Shevchenko,Marton Fucsovics
20250506,Hard,Carlos Taberner,Jaime Faria
20250506,Hard,Thiago Seyboth Wild,Jesper de Jong
20250506,Hard,Vit Kopriva,Nishesh Basavareddy
20250506,Hard,Nicolas Moreno De Alboran,Giulio Zeppieri
20250506,Hard,Otto Virtanen,Federico Arnaboldi
20250506,Hard,Dusan Lajovic,Cameron Norrie
20250506,Hard,Vilius Gaubas,Hugo Dellien
20250506,Hard,Chun-Hsin Tseng,Juan Manuel Cerundolo
20250506,Hard,Tomas Barrios Vera,Valentin Royer
20250507,Hard,Jordan Thompson,Giovanni Mpetshi Perricard
20250507,Hard,Alexandre Muller,Jiri Lehecka
20250507,Hard,Corentin Moutet,Rinky Hijikata
20250507,Hard,Francisco Comesana,Daniel Altmaier
20250507,Hard,Camilo Ugo Carabelli,Pablo Carreno Busta
20250507,Hard,Carlos Taberner,Aleksandar Kovacevic
20250507,Hard,Tallon Griekspoor,Miomir Kecmanovic
20250507,Hard,Vit Kopriva,Quentin Halys
20250507,Hard,Roman Andres Burruchaga,Lorenzo Sonego
20250507,Hard,Dusan Lajovic,Yoshihito Nishioka
20250507,Hard,Cameron Norrie,Christopher O'Connell
20250507,Hard,Francesco Passaro,Chun-Hsin Tseng
20250507,Hard,Laslo Djere,Tomas Martin Etcheverry
20250507,Hard,Otto Virtanen,Hamad Medjedovic
20250507,Hard,Vilius Gaubas,Damir Dzumhur
20250507,Hard,Luciano Darderi,Bu Yunchaokete
20250508,Hard,Aleksandar Vukic,Nicolas Moreno De Alboran
20250508,Hard,Jesper de Jong,Aleksandr Shevchenko
20250508,Hard,Nicolas Jarry,Hugo Gaston
20250508,Hard,Roberto Bautista Agut,Matteo Arnaldi
20250508,Hard,Mariano Navone,Federico Cina
20250508,Hard,Fabian Marozsan,Joao Fonseca
20250508,Hard,Thiago Seyboth Wild,Nuno Borges
20250508,Hard,Jaume Munar,Tomas Barrios Vera
20250508,Hard,Luca Nardi,Flavio Cobolli
20250508,Hard,Matteo Gigante,Arthur Rinderknech
20250508,Hard,Alexander Bublik,Roman Safiullin
20250508,Hard,Marcos Giron,Gabriel Diallo
20250508,Hard,Sebastian Ofner,Roberto Carballes Baena
20250508,Hard,Pedro Martinez,Mattia Bellucci
20250508,Hard,Jacob Fearnley,Fabio Fognini
20250508,Hard,Learner Tien,Reilly Opelka
20250509,Hard,Brandon Nakashima,Jordan Thompson
20250509,Hard,Arthur Fils,Tallon Griekspoor
20250509,Hard,Francesco Passaro,Grigor Dimitrov
20250509,Hard,Karen Khachanov,Roman Andres Burruchaga
20250509,Hard,Alexei Popyrin,Carlos Taberner
20250509,Hard,Carlos Alcaraz,Dusan Lajovic
20250509,Hard,Stefanos Tsitsipas,Alexandre Muller
20250509,Hard,Lorenzo Musetti,Otto Virtanen
20250509,Hard,Laslo Djere,Alex Michelsen
20250509,Hard,Daniil Medvedev,Cameron Norrie
20250509,Hard,Corentin Moutet,Ugo Humbert
20250509,Hard,Vit Kopriva,Sebastian Baez
20250509,Hard,Vilius Gaubas,Denis Shapovalov
20250509,Hard,Holger Rune,Francisco Comesana
20250509,Hard,Jack Draper,Luciano Darderi
20250509,Hard,Alexander Zverev,Camilo Ugo Carabelli
20250510,Hard,Matteo Berrettini,Jacob Fearnley
20250510,Hard,Sebastian Ofner,Frances Tiafoe
20250510,Hard,Tommy Paul,Roberto Bautista Agut
20250510,Hard,Fabian Marozsan,Andrey Rublev
20250510,Hard,Tomas Machac,Learner Tien
20250510,Hard,Sebastian Korda,Aleksandar Vukic
20250510,Hard,Hubert Hurkacz,Pedro Martinez
20250510,Hard,Casper Ruud,Alexander Bublik
20250510,Hard,Marcos Giron,Taylor Fritz
20250510,Hard,Jesper de Jong,Alejandro Davidovich Fokina
20250510,Hard,Jakub Mensik,Matteo Gigante
20250510,Hard,Francisco Cerundolo,Nicolas Jarry
20250510,Hard,Hugo Dellien,Thiago Seyboth Wild
20250510,Hard,Jaume Munar,Ben Shelton
20250510,Hard,Jannik Sinner,Mariano Navone
20250510,Hard,Alex de Minaur,Luca Nardi
20250511,Hard,Daniil Medvedev,Alexei Popyrin
20250511,Hard,Arthur Fils,Stefanos Tsitsipas
20250511,Hard,Corentin Moutet,Holger Rune
20250511,Hard,Lorenzo Musetti,Brandon Nakashima
20250511,Hard,Alexander Zverev,Vilius Gaubas
20250511,Hard,Jack Draper,Vit Kopriva
20250511,Hard,Karen Khachanov,Francesco Passaro
20250511,Hard,Carlos Alcaraz,Laslo Djere
20250512,Hard,Tommy Paul,Tomas Machac
20250512,Hard,Alex de Minaur,Hugo Dellien
20250512,Hard,Jakub Mensik,Fabian Marozsan
20250512,Hard,Hubert Hurkacz,Marcos Giron
20250512,Hard,Francisco Cerundolo,Sebastian Ofner
20250512,Hard,Jannik Sinner,Jesper de Jong
20250512,Hard,Jaume Munar,Sebastian Korda
20250512,Hard,Casper Ruud,Matteo Berrettini
20250513,Hard,Carlos Alcaraz,Karen Khachanov
20250513,Hard,Jack Draper,Corentin Moutet
20250513,Hard,Hubert Hurkacz,Jakub Mensik
20250513,Hard,Lorenzo Musetti,Daniil Medvedev
20250513,Hard,Jannik Sinner,Francisco Cerundolo
20250513,Hard,Alexander Zverev,Arthur Fils
20250513,Hard,Tommy Paul,Alex de Minaur
20250514,Hard,Casper Ruud,Jaume Munar
20250514,Hard,Carlos Alcaraz,Jack Draper
20250514,Hard,Lorenzo Musetti,Alexander Zverev
20250515,Hard,Tommy Paul,Hubert Hurkacz
20250515,Hard,Jannik Sinner,Casper Ruud
20250516,Hard,Carlos Alcaraz,Lorenzo Musetti
20250516,Hard,Jannik Sinner,Tommy Paul
20250518,Hard,Carlos Alcaraz,Jannik Sinner
20250512,Hard,Elsa Jacquemot,Sara Bejlek
20250512,Hard,Jenny Lim,Maddison Inglis
20250512,Hard,Louisa Chirico,Linda Fruhvirtova
20250512,Hard,Fiona Ferro,Wei Sijia
20250512,Hard,Daria Saville,Leyre Romero Gormaz
20250512,Hard,Solana Sierra,Viktorija Golubic
20250512,Hard,Sonay Kartal,Aoi Ito
20250512,Hard,Aliaksandra Sasnovich,Maria Lourdes Carle
20250512,Hard,Julie Belgraver,Lulu Sun
20250512,Hard,Petra Martic,Tiantsoa Rakotomanga Rajaonah
20250513,Hard,Katerina Siniakova,Jenny Lim
20250513,Hard,Moyuka Uchijima,Mananchaya Sawangkaew
20250513,Hard,Chloe Paquet,Kimberly Birrell
20250513,Hard,Elsa Jacquemot,Yuan Yue
20250513,Hard,Varvara Gracheva,Louisa Chirico
20250513,Hard,Katie Boulter,Erika Andreeva
20250513,Hard,Anastasia Zakharova,Fiona Ferro
20250513,Hard,Amanda Anisimova,Yuliia Starodubtseva
20250513,Hard,Kamilla Rakhimova,Ksenia Efremova
20250513,Hard,Hailey Baptiste,Diane Parry
20250514,Hard,Elsa Jacquemot,Sonay Kartal
20250514,Hard,Aliaksandra Sasnovich,Katerina Siniakova
20250514,Hard,Julie Belgraver,Solana Sierra
20250514,Hard,Katie Boulter,Daria Saville
20250515,Hard,Kamilla Rakhimova,Moyuka Uchijima
20250515,Hard,Varvara Gracheva,Hailey Baptiste
20250515,Hard,Chloe Paquet,Anastasia Zakharova
20250515,Hard,Amanda Anisimova,Petra Martic
20250516,Hard,Katie Boulter,Elsa Jacquemot
20250516,Hard,Varvara Gracheva,Kamilla Rakhimova
20250516,Hard,Chloe Paquet,Amanda Anisimova
20250516,Hard,Aliaksandra Sasnovich,Julie Belgraver
20250517,Hard,Katie Boulter,Varvara Gracheva
20250517,Hard,Chloe Paquet,Aliaksandra Sasnovich
20250518,Hard,Katie Boulter,Chloe Paquet
20250512,Hard,Julia Grabher,Anastasia Abbagnato
20250512,Hard,Patricia Maria Tig,Arianna Zucchini
20250512,Hard,Anna-Lena Friedsam,Susan Bandecchi
20250512,Hard,Victoria Mboko,Nuria Parrizas Diaz
20250512,Hard,Simona Waltert,Wang Xiyu
20250512,Hard,Nicole Fossa Huergo,Marina Bassols Ribera
20250512,Hard,Irina-Camelia Begu,Victoria Jimenez Kasintseva
20250512,Hard,Antonia Ruzic,Aurora Zantedeschi
20250512,Hard,Varvara Lepchenko,Panna Udvardy
20250513,Hard,Julia Grabher,Darja Semenistaja
20250513,Hard,Anna Bondar,Alycia Parks
20250513,Hard,Jil Teichmann,Zeynep Sonmez
20250513,Hard,Marina Stakusic,Camila Osorio
20250513,Hard,Camilla Rosatello,Nicole Fossa Huergo
20250513,Hard,Renata Zarazua,Patricia Maria Tig
20250513,Hard,Yulia Putintseva,Ena Shibahara
20250513,Hard,Wang Xinyu,Zhang Shuai
20250513,Hard,Priscilla Hon,Ella Seidel
20250513,Hard,Mayar Sherif,Kathinka von Deichmann
20250513,Hard,Anna-Lena Friedsam,Emiliana Arango
20250514,Hard,Marina Stakusic,Antonia Ruzic
20250514,Hard,Mayar Sherif,Priscilla Hon
20250514,Hard,Anna Bondar,Camilla Rosatello
20250514,Hard,Simona Waltert,Renata Zarazua
20250514,Hard,Yulia Putintseva,Anna-Lena Friedsam
20250514,Hard,Irina-Camelia Begu,Julia Grabher
20250514,Hard,Wang Xinyu,Varvara Lepchenko
20250514,Hard,Victoria Mboko,Jil Teichmann
20250515,Hard,Mayar Sherif,Yulia Putintseva
20250515,Hard,Simona Waltert,Marina Stakusic
20250515,Hard,Irina-Camelia Begu,Anna Bondar
20250515,Hard,Victoria Mboko,Wang Xinyu
20250516,Hard,Mayar Sherif,Simona Waltert
20250516,Hard,Victoria Mboko,Irina-Camelia Begu
20250517,Hard,Mayar Sherif,Victoria Mboko
20250517,Hard,Maria Timofeeva,Tereza Martincova
20250517,Hard,Elizabeth Mandlik,Emily Appleton
20250517,Hard,Carolina Alves,Carol Zhao
20250517,Hard,Lian Tran,Kaitlin Quevedo
20250517,Hard,Tatiana Pieri,Harmony Tan
20250517,Hard,Sada Nahimana,Luca Udvardy
20250517,Hard,Nicole Fossa Huergo,Diae El Jardi
20250517,Hard,Camilla Rosatello,Ekaterina Yashina
20250518,Hard,Sada Nahimana,Carolina Alves
20250518,Hard,Elizabeth Mandlik,Maria Timofeeva
20250518,Hard,Tatiana Pieri,Nicole Fossa Huergo
20250518,Hard,Camilla Rosatello,Lian Tran
20250519,Hard,Katie Volynets,Carolina Alves
20250519,Hard,Ann Li,Maria Timofeeva
20250519,Hard,Ajla Tomljanovic,Viktoriya Tomova
20250519,Hard,Hailey Baptiste,Camilla Rosatello
20250519,Hard,Jaqueline Cristian,Yelyzaveta Kotliar
20250519,Hard,Zeynep Sonmez,Lucia Bronzetti
20250519,Hard,Jessica Bouzas Maneiro,Julia Grabher
20250519,Hard,Tatiana Pieri,Carlota Martinez Cirez
20250519,Hard,Camila Osorio,Elisabetta Cocciaretto
20250520,Hard,Anastasija Sevastova,Yasmine Kabbaj
20250520,Hard,Maria Mateas,Elizabeth Mandlik
20250520,Hard,Kamilla Rakhimova,Jil Teichmann
20250520,Hard,Maya Joint,Ana Konjuh
20250520,Hard,Arantxa Rus,Nicole Fossa Huergo
20250520,Hard,Sada Nahimana,Aya El Aouni
20250520,Hard,Aliona Bolsova,Katerina Siniakova
20250521,Hard,Jessica Bouzas Maneiro,Sada Nahimana
20250521,Hard,Maya Joint,Katie Volynets
20250521,Hard,Ann Li,Hailey Baptiste
20250521,Hard,Maria Mateas,Arantxa Rus
20250521,Hard,Jaqueline Cristian,Aliona Bolsova
20250521,Hard,Ajla Tomljanovic,Tatiana Pieri
20250521,Hard,Camila Osorio,Kamilla Rakhimova
20250521,Hard,Anastasija Sevastova,Zeynep Sonmez
20250522,Hard,Ajla Tomljanovic,Jessica Bouzas Maneiro
20250522,Hard,Maya Joint,Ann Li
20250522,Hard,Camila Osorio,Maria Mateas
20250522,Hard,Jaqueline Cristian,Anastasija Sevastova
20250523,Hard,Maya Joint,Ajla Tomljanovic
20250523,Hard,Jaqueline Cristian,Camila Osorio
20250524,Hard,Maya Joint,Jaqueline Cristian
20250517,Hard,McCartney Kessler,Jodie Burrage
20250517,Hard,Renata Zarazua,Cristina Bucsa
20250517,Hard,Caroline Dolehide,Sarah Iliev
20250517,Hard,Marie Bouzkova,Tatjana Maria
20250517,Hard,Anna Blinkova,Elena Malygina
20250517,Hard,Bernarda Pera,Valeriya Strakhova
20250517,Hard,Eva Lys,Aleksandra Krunic
20250517,Hard,Elsa Jacquemot,Suzan Lamens
20250518,Hard,Caroline Dolehide,Marie Bouzkova
20250518,Hard,McCartney Kessler,Renata Zarazua
20250518,Hard,Eva Lys,Bernarda Pera
20250518,Hard,Anna Blinkova,Elsa Jacquemot
20250518,Hard,Liudmila Samsonova,Linda Noskova
20250518,Hard,Rebecca Sramkova,Yulia Putintseva
20250518,Hard,Magda Linette,Barbora Krejcikova
20250518,Hard,Diane Parry,Leylah Fernandez
20250519,Hard,Ashlyn Krueger,McCartney Kessler
20250519,Hard,Marie Bouzkova,Alize Cornet
20250519,Hard,Beatriz Haddad Maia,Clara Tauson
20250519,Hard,Wang Xinyu,Eva Lys
20250519,Hard,Anna Kalinskaya,Caroline Dolehide
20250519,Hard,Danielle Collins,Sofia Kenin
20250519,Hard,Anna Blinkova,Magdalena Frech
20250519,Hard,Emma Raducanu,Daria Kasatkina
20250520,Hard,Magda Linette,Rebecca Sramkova
20250520,Hard,Paula Badosa,Marie Bouzkova
20250520,Hard,Elena Rybakina,Wang Xinyu
20250520,Hard,Liudmila Samsonova,Diane Parry
20250521,Hard,Beatriz Haddad Maia,Ashlyn Krueger
20250521,Hard,Emma Navarro,Anna Blinkova
20250521,Hard,Danielle Collins,Emma Raducanu
20250521,Hard,Anna Kalinskaya,Jessica Pegula
20250522,Hard,Elena Rybakina,Magda Linette
20250522,Hard,Beatriz Haddad Maia,Emma Navarro
20250522,Hard,Liudmila Samsonova,Paula Badosa
20250522,Hard,Danielle Collins,Anna Kalinskaya
20250523,Hard,Elena Rybakina,Beatriz Haddad Maia
20250523,Hard,Liudmila Samsonova,Danielle Collins
20250524,Hard,Elena Rybakina,Liudmila Samsonova
20250519,Hard,Kimmer Coppejans,Yuta Shimizu
20250519,Hard,Matteo Gigante,Jerome Kym
20250519,Hard,Ethan Quinn,Mark Lajal
20250519,Hard,Elmer Moller,Facundo Bagnis
20250519,Hard,Bernard Tomic,Chak Lam Coleman Wong
20250519,Hard,August Holmgren,Murphy Cassone
20250519,Hard,Thiago Agustin Tirante,Juan Pablo Ficovich
20250519,Hard,Zachary Svajda,Beibit Zhukayev
20250519,Hard,Tristan Boyer,Daniel Rincon
20250519,Hard,Dalibor Svrcina,Gregoire Barrere
20250519,Hard,Alvaro Guillen Meza,Rodrigo Pacheco Mendez
20250519,Hard,Pablo Llamas Ruiz,Alex Bolt
20250519,Hard,Vilius Gaubas,Duje Ajdukovic
20250519,Hard,Andrea Collarini,Nishesh Basavareddy
20250519,Hard,Stefano Napolitano,Colton Smith
20250519,Hard,Kyrian Jacquet,Taro Daniel
20250519,Hard,Roman Andres Burruchaga,Constant Lestienne
20250519,Hard,Jason Kubler,Alejandro Moro Canas
20250519,Hard,Albert Ramos-Vinolas,Khumoyun Sultanov
20250519,Hard,Maximilian Marterer,Edas Butvilas
20250519,Hard,Federico Agustin Gomez,Mae Malige
20250519,Hard,Lukas Klein,Guy Den Ouden
20250519,Hard,Federico Coria,Arthur Bouquier
20250519,Hard,James Trotter,Brandon Holt
20250519,Hard,Benjamin Hassan,Pavel Kotov
20250519,Hard,Yannick Hanfmann,Ignacio Buse
20250519,Hard,Sascha Gueymard Wayenburg,Tim Van Rijthoven
20250519,Hard,Matteo Martineau,Alexis Galarneau
20250519,Hard,Aleksandr Shevchenko,Shintaro Mochizuki
20250519,Hard,Martin Landaluce,Murkel Dellien
20250519,Hard,Nicolas Moreno De Alboran,Fabio Fognini
20250519,Hard,Mathys Erhard,James McCabe
20250520,Hard,Lukas Neumayer,Marco Trungelliti
20250520,Hard,Titouan Droguet,Borna Coric
20250520,Hard,Tomas Barrios Vera,Luka Pavlovic
20250520,Hard,Henrique Rocha,Robin Bertrand
20250520,Hard,Eliot Spizzirri,Hugo Grenier
20250520,Hard,Giulio Zeppieri,Jan Choinski
20250520,Hard,Arthur Gea,Alexander Blockx
20250520,Hard,Filip Misolic,Liam Draxl
20250520,Hard,Cristian Garin,Harold Mayot
20250520,Hard,Timofey Skatov,Alibek Kachmazov
20250520,Hard,Sumit Nagal,Mitchell Krueger
20250520,Hard,Jurij Rodionov,Christopher Eubanks
20250520,Hard,Ugo Blanchet,Chris Rodesch
20250520,Hard,Henri Squire,Felipe Meligeni Alves
20250520,Hard,Federico Arnaboldi,Chun-Hsin Tseng
20250520,Hard,Clement Tabur,Li Tu
20250520,Hard,Valentin Vacherot,Carlos Taberner
20250520,Hard,Luca Van Assche,Adrian Mannarino
20250520,Hard,Filip Cristian Jianu,Jozef Kovalik
20250520,Hard,Nikoloz Basilashvili,Gijs Brouwer
20250520,Hard,Daniel Evans,Billy Harris
20250520,Hard,Thiago Seyboth Wild,Yasutaka Uchiyama
20250520,Hard,Daniel Elahi Galan,Omar Jasika
20250520,Hard,Michael Mmoh,Calvin Hemery
20250520,Hard,Geoffrey Blancaneaux,Mikhail Kukushkin
20250520,Hard,Hady Habib,Facundo Mena
20250520,Hard,Dmitry Popko,Aziz Dougaz
20250520,Hard,Juan Manuel Cerundolo,Gauthier Onclin
20250520,Hard,Pol Martin Tiffon,Moise Kouame
20250520,Hard,Otto Virtanen,Antoine Escoffier
20250520,Hard,Lloyd Harris,Marc-Andrea Huesler
20250520,Hard,Marin Cilic,Wu Yibing
20250521,Hard,Thiago Agustin Tirante,August Holmgren
20250521,Hard,Pablo Llamas Ruiz,Dalibor Svrcina
20250521,Hard,Ethan Quinn,Bernard Tomic
20250521,Hard,Vilius Gaubas,Tristan Boyer
20250521,Hard,Elmer Moller,Kimmer Coppejans
20250521,Hard,Matteo Gigante,Zachary Svajda
20250521,Hard,Filip Misolic,Lukas Neumayer
20250521,Hard,Andrea Collarini,Alvaro Guillen Meza
20250521,Hard,Albert Ramos-Vinolas,Roman Andres Burruchaga
20250521,Hard,Aleksandr Shevchenko,Mathys Erhard
20250521,Hard,Kyrian Jacquet,Stefano Napolitano
20250521,Hard,Jurij Rodionov,Sumit Nagal
20250521,Hard,Federico Arnaboldi,Michael Mmoh
20250521,Hard,Geoffrey Blancaneaux,Thiago Seyboth Wild
20250522,Hard,Clement Tabur,Daniel Evans
20250522,Hard,Filip Cristian Jianu,Henri Squire
20250522,Hard,Marin Cilic,Pol Martin Tiffon
20250522,Hard,Lloyd Harris,Otto Virtanen
20250522,Hard,Juan Manuel Cerundolo,Hady Habib
20250522,Hard,Daniel Elahi Galan,Dmitry Popko
20250522,Hard,Henrique Rocha,Tomas Barrios Vera
20250522,Hard,Benjamin Hassan,Sascha Gueymard Wayenburg
20250522,Hard,Giulio Zeppieri,Eliot Spizzirri
20250522,Hard,Nikoloz Basilashvili,Valentin Vacherot
20250522,Hard,Lukas Klein,Nicolas Moreno De Alboran
20250522,Hard,James Trotter,Jason Kubler
20250522,Hard,Federico Agustin Gomez,Martin Landaluce
20250522,Hard,Ugo Blanchet,Cristian Garin
20250522,Hard,Maximilian Marterer,Federico Coria
20250522,Hard,Albert Ramos-Vinolas,Andrea Collarini
20250522,Hard,Luca Van Assche,Timofey Skatov
20250522,Hard,Yannick Hanfmann,Matteo Martineau
20250522,Hard,Ethan Quinn,Thiago Agustin Tirante
20250522,Hard,Kyrian Jacquet,Jurij Rodionov
20250522,Hard,Matteo Gigante,Elmer Moller
20250522,Hard,Pablo Llamas Ruiz,Vilius Gaubas
20250522,Hard,Titouan Droguet,Arthur Gea
20250523,Hard,Filip Misolic,Aleksandr Shevchenko
20250523,Hard,Maximilian Marterer,Federico Arnaboldi
20250523,Hard,Giulio Zeppieri,Federico Agustin Gomez
20250523,Hard,Juan Manuel Cerundolo,Daniel Elahi Galan
20250523,Hard,Benjamin Hassan,James Trotter
20250523,Hard,Clement Tabur,Filip Cristian Jianu
20250523,Hard,Nikoloz Basilashvili,Geoffrey Blancaneaux
20250523,Hard,Lloyd Harris,Marin Cilic
20250523,Hard,Henrique Rocha,Luca Van Assche
20250523,Hard,Ugo Blanchet,Lukas Klein
20250523,Hard,Yannick Hanfmann,Titouan Droguet
20250525,Hard,Marton Fucsovics,Tristan Schoolkate
20250525,Hard,Mariano Navone,Brandon Nakashima
20250525,Hard,Hamad Medjedovic,Kamil Majchrzak
20250525,Hard,Tommy Paul,Elmer Moller
20250525,Hard,Giovanni Mpetshi Perricard,Zizou Bergs
20250525,Hard,Reilly Opelka,Rinky Hijikata
20250525,Hard,Pablo Carreno Busta,Francisco Comesana
20250525,Hard,Damir Dzumhur,Thiago Agustin Tirante
20250525,Hard,Vit Kopriva,Thiago Monteiro
20250525,Hard,Lorenzo Musetti,Yannick Hanfmann
20250525,Hard,Juan Manuel Cerundolo,Alex Michelsen
20250525,Hard,Daniel Elahi Galan,Valentin Royer
20250525,Hard,Frances Tiafoe,Roman Safiullin
20250525,Hard,Fabian Marozsan,Luca Nardi
20250525,Hard,Matteo Gigante,Benjamin Hassan
20250525,Hard,Emilio Nava,Botic Van De Zandschulp
20250525,Hard,Jenson Brooksby,Jaime Faria
20250525,Hard,Ben Shelton,Lorenzo Sonego
20250525,Hard,Quentin Halys,Tomas Machac
20250525,Hard,Nuno Borges,Kyrian Jacquet
20250526,Hard,Miomir Kecmanovic,Sebastian Baez
20250526,Hard,Sebastian Korda,Luciano Darderi
20250526,Hard,Alejandro Tabilo,Arthur Cazaux
20250526,Hard,Alexei Popyrin,Yoshihito Nishioka
20250526,Hard,Casper Ruud,Albert Ramos-Vinolas
20250526,Hard,Hugo Gaston,Ugo Blanchet
20250526,Hard,Carlos Alcaraz,Giulio Zeppieri
20250526,Hard,Alejandro Davidovich Fokina,Pablo Llamas Ruiz
20250526,Hard,Daniel Altmaier,Taylor Fritz
20250526,Hard,Stefanos Tsitsipas,Tomas Martin Etcheverry
20250526,Hard,Holger Rune,Roberto Bautista Agut
20250526,Hard,Jacob Fearnley,Stan Wawrinka
20250526,Hard,Karen Khachanov,Aleksandar Vukic
20250526,Hard,Jiri Lehecka,Jordan Thompson
20250526,Hard,Gabriel Diallo,Francisco Cerundolo
20250526,Hard,Sebastian Ofner,Jan-Lennard Struff
20250526,Hard,Richard Gasquet,Terence Atmane
20250526,Hard,Denis Shapovalov,Pedro Martinez
20250526,Hard,Arthur Fils,Nicolas Jarry
20250526,Hard,Filip Misolic,Bu Yunchaokete
20250526,Hard,Ugo Humbert,Christopher O'Connell
20250526,Hard,Jaume Munar,Camilo Ugo Carabelli
20250526,Hard,Tallon Griekspoor,Marcos Giron
20250526,Hard,Jannik Sinner,Arthur Rinderknech
20250527,Hard,Alex de Minaur,Laslo Djere
20250527,Hard,Aleksandr Shevchenko,Dusan Lajovic
20250527,Hard,Cameron Norrie,Daniil Medvedev
20250527,Hard,Federico Agustin Gomez,Aleksandar Kovacevic
20250527,Hard,Ethan Quinn,Grigor Dimitrov
20250527,Hard,Alexander Bublik,James Duckworth
20250527,Hard,Alexander Zverev,Learner Tien
20250527,Hard,Jesper de Jong,Francesco Passaro
20250527,Hard,Jakub Mensik,Alexandre Muller
20250527,Hard,Adam Walton,Maximilian Marterer
20250527,Hard,Pierre-Hugues Herbert,Benjamin Bonzi
20250527,Hard,Henrique Rocha,Nikoloz Basilashvili
20250527,Hard,Novak Djokovic,Mackenzie McDonald
20250527,Hard,Andrey Rublev,Lloyd Harris
20250527,Hard,Jack Draper,Mattia Bellucci
20250527,Hard,Matteo Arnaldi,Felix Auger-Aliassime
20250527,Hard,Flavio Cobolli,Marin Cilic
20250527,Hard,Corentin Moutet,Clement Tabur
20250527,Hard,Joao Fonseca,Hubert Hurkacz
20250527,Hard,Gael Monfils,Hugo Dellien
20250528,Hard,Lorenzo Musetti,Daniel Elahi Galan
20250528,Hard,Daniel Altmaier,Vit Kopriva
20250528,Hard,Hamad Medjedovic,Juan Manuel Cerundolo
20250528,Hard,Alexei Popyrin,Alejandro Tabilo
20250528,Hard,Mariano Navone,Reilly Opelka
20250528,Hard,Quentin Halys,Miomir Kecmanovic
20250528,Hard,Nuno Borges,Casper Ruud
20250528,Hard,Karen Khachanov,Sebastian Ofner
20250528,Hard,Carlos Alcaraz,Fabian Marozsan
20250528,Hard,Damir Dzumhur,Giovanni Mpetshi Perricard
20250528,Hard,Tommy Paul,Marton Fucsovics
20250528,Hard,Matteo Gigante,Stefanos Tsitsipas
20250528,Hard,Sebastian Korda,Jenson Brooksby
20250528,Hard,Ben Shelton,Hugo Gaston
20250528,Hard,Frances Tiafoe,Pablo Carreno Busta
20250528,Hard,Holger Rune,Emilio Nava
20250529,Hard,Jiri Lehecka,Alejandro Davidovich Fokina
20250529,Hard,Arthur Fils,Jaume Munar
20250529,Hard,Alexander Bublik,Alex de Minaur
20250529,Hard,Henrique Rocha,Jakub Mensik
20250529,Hard,Alexander Zverev,Jesper de Jong
20250529,Hard,Tallon Griekspoor,Gabriel Diallo
20250529,Hard,Jannik Sinner,Richard Gasquet
20250529,Hard,Andrey Rublev,Adam Walton
20250529,Hard,Flavio Cobolli,Matteo Arnaldi
20250529,Hard,Joao Fonseca,Pierre-Hugues Herbert
20250529,Hard,Cameron Norrie,Federico Agustin Gomez
20250529,Hard,Ethan Quinn,Aleksandr Shevchenko
20250529,Hard,Novak Djokovic,Corentin Moutet
20250529,Hard,Filip Misolic,Denis Shapovalov
20250529,Hard,Jacob Fearnley,Ugo Humbert
20250529,Hard,Jack Draper,Gael Monfils
20250530,Hard,Lorenzo Musetti,Mariano Navone
20250530,Hard,Tommy Paul,Karen Khachanov
20250530,Hard,Alexei Popyrin,Nuno Borges
20250530,Hard,Holger Rune,Quentin Halys
20250530,Hard,Daniel Altmaier,Hamad Medjedovic
20250530,Hard,Ben Shelton,Matteo Gigante
20250530,Hard,Frances Tiafoe,Sebastian Korda
20250530,Hard,Carlos Alcaraz,Damir Dzumhur
20250531,Hard,Tallon Griekspoor,Ethan Quinn
20250531,Hard,Jannik Sinner,Jiri Lehecka
20250531,Hard,Andrey Rublev,Arthur Fils
20250531,Hard,Alexander Zverev,Flavio Cobolli
20250531,Hard,Jack Draper,Joao Fonseca
20250531,Hard,Alexander Bublik,Henrique Rocha
20250531,Hard,Cameron Norrie,Jacob Fearnley
20250531,Hard,Novak Djokovic,Filip Misolic
20250601,Hard,Tommy Paul,Alexei Popyrin
20250601,Hard,Carlos Alcaraz,Ben Shelton
20250601,Hard,Frances Tiafoe,Daniel Altmaier
20250601,Hard,Lorenzo Musetti,Holger Rune
20250602,Hard,Alexander Zverev,Tallon Griekspoor
20250602,Hard,Novak Djokovic,Cameron Norrie
20250602,Hard,Alexander Bublik,Jack Draper
20250602,Hard,Jannik Sinner,Andrey Rublev
20250603,Hard,Lorenzo Musetti,Frances Tiafoe
20250603,Hard,Carlos Alcaraz,Tommy Paul
20250604,Hard,Jannik Sinner,Alexander Bublik
20250604,Hard,Novak Djokovic,Alexander Zverev
20250606,Hard,Carlos Alcaraz,Lorenzo Musetti
20250606,Hard,Jannik Sinner,Novak Djokovic
20250608,Hard,Carlos Alcaraz,Jannik Sinner
20250519,Hard,Sofia Costoulas,Yara Bartashevich
20250519,Hard,Tamara Korpatsch,Louisa Chirico
20250519,Hard,Marina Stakusic,Lauren Davis
20250519,Hard,Carole Monnet,Petra Martic
20250519,Hard,Nao Hibino,Andrea Lazaro Garcia
20250519,Hard,Bianca Andreescu,Yao Xinxin
20250519,Hard,Lola Radivojevic,Jessika Ponchet
20250519,Hard,Kristina Dmitruk,Wei Sijia
20250519,Hard,Carson Branstine,Whitney Osuigwe
20250519,Hard,Maddison Inglis,Iryna Shymanovich
20250519,Hard,Ella Seidel,Stefanie Voegele
20250519,Hard,Panna Udvardy,Sayaka Ishii
20250519,Hard,Rebeka Masarova,Lina Glushko
20250519,Hard,Nina Stojanovic,Victoria Jimenez Kasintseva
20250519,Hard,Jana Fett,Priscilla Hon
20250519,Hard,Fiona Ferro,Laura Pigossi
20250519,Hard,Margaux Rouvroy,Haruka Kaji
20250519,Hard,Antonia Ruzic,Hina Inoue
20250519,Hard,Oksana Selekhmeteva,Kyoka Okamura
20250519,Hard,Sara Bejlek,Mona Barthel
20250519,Hard,Varvara Lepchenko,Taylah Preston
20250519,Hard,Dalma Galfi,Ana Bogdan
20250519,Hard,Lucrezia Stefanini,Manon Leonard
20250519,Hard,Tamara Zidansek,Dominika Salkova
20250519,Hard,Aliaksandra Sasnovich,Tatiana Prozorova
20250519,Hard,Tereza Valentova,Arina Rodionova
20250519,Hard,Ena Shibahara,Jenny Lim
20250519,Hard,Anastasiia Sobolieva,Harriet Dart
20250519,Hard,Yuliia Starodubtseva,Hanne Vandewinkel
20250519,Hard,Joanna Garland,Celine Naef
20250519,Hard,Petra Marcinko,Aoi Ito
20250519,Hard,Julie Belgraver,Shi Han
20250520,Hard,Daria Saville,Heather Watson
20250520,Hard,Veronika Erjavec,Darja Semenistaja
20250520,Hard,Daphnée Mpetshi Perricard,Gabriela Knutson
20250520,Hard,Taylor Townsend,Sara Saito
20250520,Hard,Hanna Chang,Leonie Kung
20250520,Hard,Nuria Brancaccio,Arianne Hartono
20250520,Hard,Daria Snigur,Mariam Bolkvadze
20250520,Hard,Simona Waltert,Raluka Serban
20250520,Hard,Mai Hontama,Elena Pridankina
20250520,Hard,Anna-Lena Friedsam,Ksenia Efremova
20250520,Hard,Francesca Jones,Lea Boskovic
20250520,Hard,Zhang Shuai,Storm Hunter
20250520,Hard,Solana Sierra,Susan Bandecchi
20250520,Hard,Sara Errani,Jule Niemeier
20250520,Hard,Maja Chwalinska,Cindy Langlais
20250520,Hard,Guiomar Maristany Zuleta De Reales,Barbora Palicova
20250520,Hard,Kathinka von Deichmann,Rebecca Marino
20250520,Hard,Kaja Juvan,Lanlana Tararudee
20250520,Hard,Leyre Romero Gormaz,Darya Astakhova
20250520,Hard,Victoria Mboko,Sinja Kraus
20250520,Hard,Mananchaya Sawangkaew,Lizette Cabrera
20250520,Hard,Astra Sharma,Emina Bektas
20250520,Hard,Wang Xiyu,Selena Janicijevic
20250520,Hard,Anouk Koevermans,Anastasia Zakharova
20250520,Hard,Talia Gibson,Mihaela Buzarnescu
20250520,Hard,Linda Klimovicova,Linda Fruhvirtova
20250520,Hard,Justina Mikulskyte,Ekaterina Makarova
20250520,Hard,Patricia Maria Tig,Kayla Cross
20250520,Hard,Julia Riera,Valentina Ryser
20250520,Hard,Miriam Bulgaru,Nuria Parrizas Diaz
20250520,Hard,Katarzyna Kawa,Tessah Andrianjafitrimo
20250520,Hard,Maria Lourdes Carle,Eleejah Inisan
20250521,Hard,Rebeka Masarova,Carson Branstine
20250521,Hard,Kristina Dmitruk,Maddison Inglis
20250521,Hard,Ella Seidel,Panna Udvardy
20250521,Hard,Nao Hibino,Bianca Andreescu
20250521,Hard,Varvara Lepchenko,Jana Fett
20250521,Hard,Tamara Korpatsch,Marina Stakusic
20250521,Hard,Carole Monnet,Fiona Ferro
20250521,Hard,Nina Stojanovic,Margaux Rouvroy
20250521,Hard,Sara Bejlek,Ena Shibahara
20250521,Hard,Lola Radivojevic,Sofia Costoulas
20250521,Hard,Oksana Selekhmeteva,Antonia Ruzic
20250521,Hard,Anastasiia Sobolieva,Julie Belgraver
20250522,Hard,Maria Lourdes Carle,Katarzyna Kawa
20250522,Hard,Solana Sierra,Daria Snigur
20250522,Hard,Wang Xiyu,Guiomar Maristany Zuleta De Reales
20250522,Hard,Victoria Mboko,Kathinka von Deichmann
20250522,Hard,Kaja Juvan,Maja Chwalinska
20250522,Hard,Justina Mikulskyte,Anouk Koevermans
20250522,Hard,Linda Klimovicova,Mananchaya Sawangkaew
20250522,Hard,Leyre Romero Gormaz,Astra Sharma
20250522,Hard,Taylor Townsend,Hanna Chang
20250522,Hard,Yuliia Starodubtseva,Tamara Zidansek
20250522,Hard,Francesca Jones,Mai Hontama
20250522,Hard,Julia Riera,Talia Gibson
20250522,Hard,Lucrezia Stefanini,Aliaksandra Sasnovich
20250522,Hard,Daria Saville,Daphnée Mpetshi Perricard
20250522,Hard,Miriam Bulgaru,Patricia Maria Tig
20250522,Hard,Veronika Erjavec,Nuria Brancaccio
20250522,Hard,Nao Hibino,Ella Seidel
20250522,Hard,Simona Waltert,Zhang Shuai
20250522,Hard,Oksana Selekhmeteva,Lola Radivojevic
20250522,Hard,Anna-Lena Friedsam,Sara Errani
20250522,Hard,Joanna Garland,Petra Marcinko
20250522,Hard,Nina Stojanovic,Varvara Lepchenko
20250522,Hard,Tamara Korpatsch,Rebeka Masarova
20250522,Hard,Tereza Valentova,Dalma Galfi
20250522,Hard,Carole Monnet,Kristina Dmitruk
20250523,Hard,Daria Saville,Taylor Townsend
20250523,Hard,Leyre Romero Gormaz,Linda Klimovicova
20250523,Hard,Solana Sierra,Wang Xiyu
20250523,Hard,Maria Lourdes Carle,Justina Mikulskyte
20250523,Hard,Sara Bejlek,Yuliia Starodubtseva
20250523,Hard,Victoria Mboko,Kaja Juvan
20250523,Hard,Joanna Garland,Anna-Lena Friedsam
20250523,Hard,Anastasiia Sobolieva,Francesca Jones
20250523,Hard,Julia Riera,Miriam Bulgaru
20250523,Hard,Tereza Valentova,Simona Waltert
20250523,Hard,Lucrezia Stefanini,Veronika Erjavec
20250525,Hard,Victoria Mboko,Lulu Sun
20250525,Hard,Elina Svitolina,Zeynep Sonmez
20250525,Hard,Viktorija Golubic,Petra Kvitova
20250525,Hard,Eva Lys,Peyton Stearns
20250525,Hard,Anna Bondar,Laura Siegemund
20250525,Hard,Aryna Sabalenka,Kamilla Rakhimova
20250525,Hard,Emiliana Arango,Alexandra Eala
20250525,Hard,Dayana Yastremska,Destanee Aiava
20250525,Hard,Zheng Qinwen,Anastasia Pavlyuchenkova
20250525,Hard,Jil Teichmann,Lucrezia Stefanini
20250525,Hard,Diana Shnaider,Anastasiia Sobolieva
20250525,Hard,Leyre Romero Gormaz,Tiantsoa Rakotomanga Rajaonah
20250525,Hard,Donna Vekic,Anna Blinkova
20250525,Hard,Amanda Anisimova,Nina Stojanovic
20250525,Hard,Iva Jovic,Renata Zarazua
20250525,Hard,Olga Danilovic,Leylah Fernandez
20250525,Hard,Jasmine Paolini,Yuan Yue
20250525,Hard,Anastasia Potapova,Linda Noskova
20250525,Hard,Sara Bejlek,Marta Kostyuk
20250526,Hard,Veronika Kudermetova,Viktoriya Tomova
20250526,Hard,Jessica Bouzas Maneiro,Emma Navarro
20250526,Hard,Yuliia Starodubtseva,Tamara Korpatsch
20250526,Hard,Elena Rybakina,Julia Riera
20250526,Hard,Emma Raducanu,Wang Xinyu
20250526,Hard,Iga Swiatek,Rebecca Sramkova
20250526,Hard,Robin Montgomery,Diane Parry
20250526,Hard,Liudmila Samsonova,Mayar Sherif
20250526,Hard,Jaqueline Cristian,Kimberly Birrell
20250526,Hard,Paula Badosa,Naomi Osaka
20250526,Hard,Danielle Collins,Jodie Burrage
20250526,Hard,Bernarda Pera,Caroline Garcia
20250526,Hard,Ajla Tomljanovic,Maya Joint
20250526,Hard,Daria Kasatkina,Katerina Siniakova
20250526,Hard,Katie Boulter,Carole Monnet
20250526,Hard,Elena-Gabriela Ruse,McCartney Kessler
20250526,Hard,Barbora Krejcikova,Tatjana Maria
20250526,Hard,Jelena Ostapenko,Polina Kudermetova
20250526,Hard,Ekaterina Alexandrova,Lucia Bronzetti
20250526,Hard,Arantxa Rus,Camila Osorio
20250526,Hard,Madison Keys,Daria Saville
20250526,Hard,Clara Tauson,Magda Linette
20250526,Hard,Leolia Jeanjean,Irina-Camelia Begu
20250526,Hard,Caroline Dolehide,Greet Minnen
20250526,Hard,Elisabetta Cocciaretto,Taylor Townsend
20250527,Hard,Marketa Vondrousova,Oksana Selekhmeteva
20250527,Hard,Victoria Azarenka,Yanina Wickmayer
20250527,Hard,Nao Hibino,Moyuka Uchijima
20250527,Hard,Hailey Baptiste,Beatriz Haddad Maia
20250527,Hard,Mirra Andreeva,Cristina Bucsa
20250527,Hard,Sofia Kenin,Varvara Gracheva
20250527,Hard,Anhelina Kalinina,Elina Avanesyan
20250527,Hard,Coco Gauff,Olivia Gadecki
20250527,Hard,Tereza Valentova,Chloe Paquet
20250527,Hard,Ashlyn Krueger,Suzan Lamens
20250527,Hard,Elsa Jacquemot,Maria Sakkari
20250527,Hard,Jessica Pegula,Anca Todoni
20250527,Hard,Magdalena Frech,Ons Jabeur
20250527,Hard,Sonay Kartal,Erika Andreeva
20250527,Hard,Lois Boisson,Elise Mertens
20250527,Hard,Ann Li,Maria Lourdes Carle
20250527,Hard,Yulia Putintseva,Solana Sierra
20250527,Hard,Joanna Garland,Katie Volynets
20250527,Hard,Marie Bouzkova,Anna Kalinskaya
20250527,Hard,Alycia Parks,Karolina Muchova
20250528,Hard,Amanda Anisimova,Viktorija Golubic
20250528,Hard,Zheng Qinwen,Emiliana Arango
20250528,Hard,Victoria Mboko,Eva Lys
20250528,Hard,Jasmine Paolini,Ajla Tomljanovic
20250528,Hard,Elina Svitolina,Anna Bondar
20250528,Hard,Bernarda Pera,Donna Vekic
20250528,Hard,Yuliia Starodubtseva,Anastasia Potapova
20250528,Hard,Clara Tauson,Arantxa Rus
20250528,Hard,Iga Swiatek,Emma Raducanu
20250528,Hard,Olga Danilovic,Danielle Collins
20250528,Hard,Jaqueline Cristian,Sara Bejlek
20250528,Hard,Liudmila Samsonova,Leyre Romero Gormaz
20250528,Hard,Jelena Ostapenko,Caroline Dolehide
20250528,Hard,Aryna Sabalenka,Jil Teichmann
20250528,Hard,Dayana Yastremska,Diana Shnaider
20250528,Hard,Elena Rybakina,Iva Jovic
20250529,Hard,Mirra Andreeva,Ashlyn Krueger
20250529,Hard,Marketa Vondrousova,Magdalena Frech
20250529,Hard,Marie Bouzkova,Sonay Kartal
20250529,Hard,Jessica Pegula,Ann Li
20250529,Hard,Hailey Baptiste,Nao Hibino
20250529,Hard,Ekaterina Alexandrova,Elisabetta Cocciaretto
20250529,Hard,Jessica Bouzas Maneiro,Robin Montgomery
20250529,Hard,Yulia Putintseva,Joanna Garland
20250529,Hard,Veronika Kudermetova,Barbora Krejcikova
20250529,Hard,Coco Gauff,Tereza Valentova
20250529,Hard,Paula Badosa,Elena-Gabriela Ruse
20250529,Hard,Madison Keys,Katie Boulter
20250529,Hard,Lois Boisson,Anhelina Kalinina
20250529,Hard,Elsa Jacquemot,Alycia Parks
20250529,Hard,Sofia Kenin,Victoria Azarenka
20250529,Hard,Daria Kasatkina,Leolia Jeanjean
20250530,Hard,Zheng Qinwen,Victoria Mboko
20250530,Hard,Amanda Anisimova,Clara Tauson
20250530,Hard,Aryna Sabalenka,Olga Danilovic
20250530,Hard,Liudmila Samsonova,Dayana Yastremska
20250530,Hard,Iga Swiatek,Jaqueline Cristian
20250530,Hard,Elena Rybakina,Jelena Ostapenko
20250530,Hard,Jasmine Paolini,Yuliia Starodubtseva
20250530,Hard,Elina Svitolina,Bernarda Pera
20250531,Hard,Mirra Andreeva,Yulia Putintseva
20250531,Hard,Daria Kasatkina,Paula Badosa
20250531,Hard,Jessica Pegula,Marketa Vondrousova
20250531,Hard,Lois Boisson,Elsa Jacquemot
20250531,Hard,Ekaterina Alexandrova,Veronika Kudermetova
20250531,Hard,Hailey Baptiste,Jessica Bouzas Maneiro
20250531,Hard,Madison Keys,Sofia Kenin
20250531,Hard,Coco Gauff,Marie Bouzkova
20250601,Hard,Elina Svitolina,Jasmine Paolini
20250601,Hard,Zheng Qinwen,Liudmila Samsonova
20250601,Hard,Iga Swiatek,Elena Rybakina
20250601,Hard,Aryna Sabalenka,Amanda Anisimova
20250602,Hard,Coco Gauff,Ekaterina Alexandrova
20250602,Hard,Mirra Andreeva,Daria Kasatkina
20250602,Hard,Lois Boisson,Jessica Pegula
20250602,Hard,Madison Keys,Hailey Baptiste
20250603,Hard,Aryna Sabalenka,Zheng Qinwen
20250603,Hard,Iga Swiatek,Elina Svitolina
20250604,Hard,Coco Gauff,Madison Keys
20250604,Hard,Lois Boisson,Mirra Andreeva
20250605,Hard,Aryna Sabalenka,Iga Swiatek
20250605,Hard,Coco Gauff,Lois Boisson
20250607,Hard,Coco Gauff,Aryna Sabalenka
20250531,Hard,Wei Sijia,Kayla Cross
20250531,Hard,Lizette Cabrera,Emily Appleton
20250531,Hard,Ranah Stoiber,Sara Saito
20250531,Hard,Vitalia Diatchenko,Carson Branstine
20250531,Hard,Sayaka Ishii,Amelia Rajecki
20250531,Hard,Valentina Ryser,Destanee Aiava
20250531,Hard,Yuriko Lily Miyazaki,Celine Naef
20250531,Hard,Arianne Hartono,Naiktha Bains
20250531,Hard,Ella McDonald,Whitney Osuigwe
20250531,Hard,Harmony Tan,Manon Leonard
20250531,Hard,Tereza Martincova,Kyoka Okamura
20250531,Hard,Mariam Bolkvadze,Tegan Bush
20250601,Hard,Lizette Cabrera,Wei Sijia
20250601,Hard,Sayaka Ishii,Arianne Hartono
20250601,Hard,Vitalia Diatchenko,Ranah Stoiber
20250601,Hard,Valentina Ryser,Yuriko Lily Miyazaki
20250601,Hard,Harmony Tan,Mariam Bolkvadze
20250601,Hard,Tereza Martincova,Ella McDonald
20250602,Hard,Lucrezia Stefanini,Amarni Banks
20250602,Hard,Valentina Ryser,Tatjana Maria
20250602,Hard,Mimi Xu,Alycia Parks
20250602,Hard,Katarzyna Kawa,Erika Andreeva
20250602,Hard,Heather Watson,Olivia Gadecki
20250602,Hard,Jessika Ponchet,Vitalia Diatchenko
20250602,Hard,Viktorija Golubic,Harmony Tan
20250602,Hard,Tereza Martincova,Rebecca Marino
20250603,Hard,Greet Minnen,Arianne Hartono
20250603,Hard,Wei Sijia,Sayaka Ishii
20250603,Hard,Robin Montgomery,Talia Gibson
20250603,Hard,Zeynep Sonmez,Lizette Cabrera
20250603,Hard,Linda Fruhvirtova,Alexandra Eala
20250603,Hard,Jodie Burrage,Jana Fett
20250603,Hard,Kimberly Birrell,Maddison Inglis
20250603,Hard,Rebeka Masarova,Daria Snigur
20250604,Hard,Jessika Ponchet,Heather Watson
20250604,Hard,Mimi Xu,Katarzyna Kawa
20250604,Hard,Lucrezia Stefanini,Valentina Ryser
20250604,Hard,Linda Fruhvirtova,Jodie Burrage
20250605,Hard,Rebeka Masarova,Viktorija Golubic
20250606,Hard,Robin Montgomery,Zeynep Sonmez
20250606,Hard,Jessika Ponchet,Mimi Xu
20250606,Hard,Linda Fruhvirtova,Lucrezia Stefanini
20250606,Hard,Kimberly Birrell,Wei Sijia
20250606,Hard,Greet Minnen,Tereza Martincova
20250606,Hard,Rebeka Masarova,Robin Montgomery
20250607,Hard,Linda Fruhvirtova,Jessika Ponchet
20250607,Hard,Greet Minnen,Kimberly Birrell
20250608,Hard,Greet Minnen,Rebeka Masarova
20250608,Hard,Greet Minnen,Linda Fruhvirtova
20250602,Hard,Mei Yamaguchi,Justina Mikulskyte
20250602,Hard,Astra Sharma,Viola Turini
20250602,Hard,Angela Fita Boluda,Martina Colmegna
20250602,Hard,Eva Vedder,Lina Glushko
20250602,Hard,Dominika Salkova,Laura Pigossi
20250602,Hard,Anca Todoni,Tatiana Prozorova
20250602,Hard,Iryna Shymanovich,Anhelina Kalinina
20250602,Hard,Sinja Kraus,Eleonora Alvisi
20250603,Hard,Tessah Andrianjafitrimo,Federica Urgesi
20250603,Hard,Nuria Parrizas Diaz,Alina Korneeva
20250603,Hard,Ena Shibahara,Julia Grabher
20250603,Hard,Ana Bogdan,Varvara Lepchenko
20250603,Hard,Angela Fita Boluda,Arina Rodionova
20250603,Hard,Anna Bondar,Haruka Kaji
20250603,Hard,Maja Chwalinska,Barbora Palicova
20250603,Hard,Kathinka von Deichmann,Mei Yamaguchi
20250603,Hard,Elsa Jacquemot,Eva Vedder
20250603,Hard,Viktoriya Tomova,Guiomar Maristany Zuleta De Reales
20250603,Hard,Astra Sharma,Polina Kudermetova
20250603,Hard,Jil Teichmann,Vittoria Paganetti
20250604,Hard,Iryna Shymanovich,Sinja Kraus
20250604,Hard,Anna Bondar,Tessah Andrianjafitrimo
20250604,Hard,Jil Teichmann,Angela Fita Boluda
20250604,Hard,Anca Todoni,Dominika Salkova
20250605,Hard,Ana Bogdan,Maja Chwalinska
20250605,Hard,Kathinka von Deichmann,Astra Sharma
20250605,Hard,Nuria Parrizas Diaz,Ena Shibahara
20250605,Hard,Viktoriya Tomova,Elsa Jacquemot
20250606,Hard,Kathinka von Deichmann,Ana Bogdan
20250606,Hard,Anna Bondar,Jil Teichmann
20250606,Hard,Anca Todoni,Iryna Shymanovich
20250606,Hard,Nuria Parrizas Diaz,Viktoriya Tomova
20250607,Hard,Anna Bondar,Kathinka von Deichmann
20250607,Hard,Anca Todoni,Nuria Parrizas Diaz
20250608,Hard,Anca Todoni,Anna Bondar
20250603,Hard,Anastasiia Sobolieva,Amandine Hesse
20250603,Hard,Margaux Rouvroy,Emeline Dartron
20250603,Hard,Tara Wuerth,He Isabel
20250603,Hard,Sara Svetac,Taylah Preston
20250603,Hard,Sara Bejlek,Leyre Romero Gormaz
20250603,Hard,Hanne Vandewinkel,Ekaterina Makarova
20250603,Hard,Louisa Chirico,Tamara Zidansek
20250603,Hard,Victoria Jimenez Kasintseva,Ella Seidel
20250603,Hard,Maya Joint,Ana Konjuh
20250603,Hard,Lola Radivojevic,Lea Boskovic
20250604,Hard,Renata Zarazua,Anastasiia Sobolieva
20250604,Hard,Elena Pridankina,Tamara Korpatsch
20250604,Hard,Mayar Sherif,Patricia Maria Tig
20250604,Hard,Diane Parry,Lauren Davis
20250604,Hard,Darja Semenistaja,Jule Niemeier
20250604,Hard,Petra Marcinko,Miriam Bulgaru
20250604,Hard,Mona Barthel,Veronika Erjavec
20250604,Hard,Petra Martic,Margaux Rouvroy
20250604,Hard,Tara Wuerth,Sara Svetac
20250604,Hard,Katie Volynets,Tena Lukas
20250605,Hard,Maya Joint,Louisa Chirico
20250605,Hard,Victoria Jimenez Kasintseva,Hanne Vandewinkel
20250605,Hard,Mayar Sherif,Elena Pridankina
20250605,Hard,Lola Radivojevic,Diane Parry
20250605,Hard,Sara Bejlek,Petra Martic
20250605,Hard,Darja Semenistaja,Tara Wuerth
20250605,Hard,Petra Marcinko,Renata Zarazua
20250605,Hard,Mona Barthel,Katie Volynets
20250606,Hard,Maya Joint,Darja Semenistaja
20250606,Hard,Sara Bejlek,Mayar Sherif
20250606,Hard,Victoria Jimenez Kasintseva,Petra Marcinko
20250606,Hard,Lola Radivojevic,Mona Barthel
20250607,Hard,Victoria Jimenez Kasintseva,Lola Radivojevic
20250607,Hard,Sara Bejlek,Maya Joint
20250608,Hard,Sara Bejlek,Victoria Jimenez Kasintseva
20250607,Hard,Aliaksandra Sasnovich,Maria Mateas
20250607,Hard,Joanna Garland,Ekaterina Yashina
20250607,Hard,Carson Branstine,Jule Niemeier
20250607,Hard,Yuan Yue,Joy De Zeeuw
20250607,Hard,Katarzyna Kawa,Sofia Shapatava
20250607,Hard,Elena-Gabriela Ruse,Mihaela Buzarnescu
20250608,Hard,Yanina Wickmayer,Jessica Failla
20250608,Hard,Ella Seidel,Sarah Van Emst
20250608,Hard,Isis Louise Van Den Broek,Nadiia Kolb
20250608,Hard,Lian Tran,Nina Stojanovic
20250608,Hard,Mariam Bolkvadze,Loes Ebeling Koning
20250608,Hard,Dalma Galfi,Renata Jamrichova
20250608,Hard,Joanna Garland,Aliaksandra Sasnovich
20250608,Hard,Elena-Gabriela Ruse,Katarzyna Kawa
20250608,Hard,Carson Branstine,Yuan Yue
20250608,Hard,Isis Louise Van Den Broek,Lian Tran
20250609,Hard,Elisabetta Cocciaretto,Arianne Hartono
20250609,Hard,Veronika Kudermetova,Polina Kudermetova
20250609,Hard,Yanina Wickmayer,Ella Seidel
20250609,Hard,Elise Mertens,Viktoriya Tomova
20250609,Hard,Mariam Bolkvadze,Dalma Galfi
20250609,Hard,Lulu Sun,Anouck Vrancken Peeters
20250609,Hard,Yuan Yue,Anastasija Sevastova
20250609,Hard,Anna Blinkova,Katerina Siniakova
20250610,Hard,Suzan Lamens,Yanina Wickmayer
20250610,Hard,Bernarda Pera,Magda Linette
20250610,Hard,Kimberly Birrell,Wang Xinyu
20250610,Hard,Bianca Andreescu,Joanna Garland
20250610,Hard,Ekaterina Alexandrova,Mariam Bolkvadze
20250610,Hard,Greet Minnen,Danielle Collins
20250610,Hard,Ann Li,Anastasia Potapova
20250611,Hard,Elena-Gabriela Ruse,Isis Louise Van Den Broek
20250611,Hard,Maria Sakkari,Anouk Koevermans
20250611,Hard,Carson Branstine,Liudmila Samsonova
20250611,Hard,Elisabetta Cocciaretto,Bernarda Pera
20250611,Hard,Ekaterina Alexandrova,Anna Blinkova
20250611,Hard,Veronika Kudermetova,Greet Minnen
20250612,Hard,Elena-Gabriela Ruse,Carson Branstine
20250612,Hard,Suzan Lamens,Ann Li
20250612,Hard,Elise Mertens,Maria Sakkari
20250612,Hard,Bianca Andreescu,Lulu Sun
20250612,Hard,Yuan Yue,Kimberly Birrell
20250613,Hard,Ekaterina Alexandrova,Veronika Kudermetova
20250613,Hard,Elise Mertens,Yuan Yue
20250613,Hard,Elisabetta Cocciaretto,Suzan Lamens
20250613,Hard,Elena-Gabriela Ruse,Bianca Andreescu
20250614,Hard,Elise Mertens,Ekaterina Alexandrova
20250614,Hard,Elena-Gabriela Ruse,Elisabetta Cocciaretto
20250615,Hard,Elise Mertens,Elena-Gabriela Ruse
20250607,Hard,Mees Rottgering,Jelle Sels
20250608,Hard,Mark Lajal,Corentin Denolly
20250608,Hard,Reilly Opelka,Denis Yevseyev
20250608,Hard,Adrian Mannarino,Daniel Dutra da Silva
20250608,Hard,Daniel Evans,Adam Walton
20250608,Hard,Mackenzie McDonald,Ryan Peniston
20250608,Hard,Alexander Blockx,Max Houkes
20250608,Hard,Thijs Boogaard,James McCabe
20250609,Hard,Alexander Blockx,Adrian Mannarino
20250609,Hard,Mark Lajal,Reilly Opelka
20250609,Hard,Nuno Borges,Nishesh Basavareddy
20250609,Hard,Gabriel Diallo,Aleksandar Vukic
20250609,Hard,Mackenzie McDonald,Thijs Boogaard
20250609,Hard,Daniel Evans,Mees Rottgering
20250609,Hard,Nicolas Jarry,Luciano Darderi
20250609,Hard,Jordan Thompson,Aleksandar Kovacevic
20250610,Hard,Mackenzie McDonald,Mattia Bellucci
20250610,Hard,Zizou Bergs,Alexander Blockx
20250610,Hard,Reilly Opelka,Jesper de Jong
20250610,Hard,Otto Virtanen,Tomas Martin Etcheverry
20250611,Hard,Gabriel Diallo,Jordan Thompson
20250611,Hard,Adrian Mannarino,Christopher O'Connell
20250611,Hard,Daniel Evans,Rinky Hijikata
20250611,Hard,Hubert Hurkacz,Roberto Bautista Agut
20250611,Hard,Karen Khachanov,Mackenzie McDonald
20250611,Hard,Mark Lajal,Laslo Djere
20250612,Hard,Nuno Borges,Otto Virtanen
20250612,Hard,Ugo Humbert,Daniel Evans
20250612,Hard,Reilly Opelka,Nicolas Jarry
20250612,Hard,Zizou Bergs,Alexei Popyrin
20250612,Hard,Mark Lajal,Hubert Hurkacz
20250612,Hard,Daniil Medvedev,Adrian Mannarino
20250613,Hard,Ugo Humbert,Nuno Borges
20250613,Hard,Gabriel Diallo,Karen Khachanov
20250613,Hard,Reilly Opelka,Daniil Medvedev
20250613,Hard,Zizou Bergs,Mark Lajal
20250614,Hard,Gabriel Diallo,Ugo Humbert
20250614,Hard,Zizou Bergs,Reilly Opelka
20250615,Hard,Gabriel Diallo,Zizou Bergs
20250607,Hard,Zhang Shuai,Brooke Anna Black
20250607,Hard,Maddison Inglis,Kamilla Rakhimova
20250607,Hard,Anastasia Zakharova,Daniela Piani
20250607,Hard,Carol Zhao,Alycia Parks
20250607,Hard,Priscilla Hon,Mika Stojsavljevic
20250607,Hard,Tatjana Maria,Hao-Ching Chan
20250608,Hard,Heather Watson,Ena Shibahara
20250608,Hard,Cristina Bucsa,Alice Gillan
20250608,Hard,Zeynep Sonmez,Mina Hodzic
20250608,Hard,Arina Rodionova,Destanee Aiava
20250608,Hard,Yuriko Lily Miyazaki,Emiliana Arango
20250608,Hard,Ajla Tomljanovic,Harmony Tan
20250608,Hard,Anastasia Zakharova,Carol Zhao
20250608,Hard,Maddison Inglis,Priscilla Hon
20250608,Hard,Tatjana Maria,Arina Rodionova
20250608,Hard,Cristina Bucsa,Yuriko Lily Miyazaki
20250608,Hard,Heather Watson,Zeynep Sonmez
20250608,Hard,Ajla Tomljanovic,Zhang Shuai
20250609,Hard,Beatriz Haddad Maia,Petra Kvitova
20250609,Hard,Tatjana Maria,Leylah Fernandez
20250609,Hard,Sonay Kartal,Daria Kasatkina
20250609,Hard,Anastasia Zakharova,Donna Vekic
20250609,Hard,Amanda Anisimova,Jodie Burrage
20250610,Hard,Heather Watson,Yulia Putintseva
20250610,Hard,Katie Boulter,Ajla Tomljanovic
20250610,Hard,Karolina Muchova,Maddison Inglis
20250610,Hard,McCartney Kessler,Francesca Jones
20250610,Hard,Emma Raducanu,Cristina Bucsa
20250610,Hard,Diana Shnaider,Magdalena Frech
20250610,Hard,Rebecca Sramkova,Barbora Krejcikova
20250611,Hard,Emma Navarro,Beatriz Haddad Maia
20250611,Hard,Tatjana Maria,Karolina Muchova
20250611,Hard,Amanda Anisimova,Sonay Kartal
20250611,Hard,Madison Keys,Anastasia Zakharova
20250612,Hard,Diana Shnaider,Katie Boulter
20250612,Hard,Elena Rybakina,Heather Watson
20250612,Hard,Emma Raducanu,Rebecca Sramkova
20250612,Hard,Zheng Qinwen,McCartney Kessler
20250613,Hard,Madison Keys,Diana Shnaider
20250613,Hard,Tatjana Maria,Elena Rybakina
20250613,Hard,Zheng Qinwen,Emma Raducanu
20250613,Hard,Amanda Anisimova,Emma Navarro
20250614,Hard,Tatjana Maria,Madison Keys
20250614,Hard,Amanda Anisimova,Zheng Qinwen
20250615,Hard,Tatjana Maria,Amanda Anisimova
20250608,Hard,Ekaterina Kazionova,Lucia Cortez Llorca
20250608,Hard,Ekaterine Gorgodze,Makenna Jones
20250608,Hard,Diletta Cherubini,Alevtina Ibragimova
20250608,Hard,Angela Fita Boluda,Sofia Montesinos
20250608,Hard,Ane Mintegi Del Olmo,Ylena In-Albon
20250608,Hard,Alicia Herrero Linana,Carmen Lopez Martinez
20250608,Hard,Ariana Geerlings,Aoi Ito
20250608,Hard,Alina Charaeva,Mariia Kozyreva
20250609,Hard,Ane Mintegi Del Olmo,Angela Fita Boluda
20250609,Hard,Ekaterina Kazionova,Ekaterine Gorgodze
20250609,Hard,Ariana Geerlings,Diletta Cherubini
20250609,Hard,Alina Charaeva,Alicia Herrero Linana
20250609,Hard,Raluka Serban,Berfu Cengiz
20250609,Hard,Hanne Vandewinkel,Lea Boskovic
20250609,Hard,Gao Xinyu,Alina Korneeva
20250609,Hard,Louisa Chirico,Charo Esquiva Banuls
20250610,Hard,Mona Barthel,Wang Xiyu
20250610,Hard,Maria Lourdes Carle,Haruka Kaji
20250610,Hard,Solana Sierra,Ekaterina Kazionova
20250610,Hard,Ariana Geerlings,Laura Pigossi
20250610,Hard,Alina Charaeva,Kaitlin Quevedo
20250610,Hard,Oksana Selekhmeteva,Angela Fita Boluda
20250610,Hard,Iryna Shymanovich,Darja Semenistaja
20250610,Hard,Tamara Korpatsch,Guiomar Maristany Zuleta De Reales
20250610,Hard,Leyre Romero Gormaz,Ekaterine Gorgodze
20250610,Hard,Ane Mintegi Del Olmo,Andrea Lazaro Garcia
20250610,Hard,Nuria Parrizas Diaz,Anastasiia Sobolieva
20250611,Hard,Sara Bejlek,Carlota Martinez Cirez
20250611,Hard,Louisa Chirico,Maria Lourdes Carle
20250611,Hard,Hanne Vandewinkel,Oksana Selekhmeteva
20250611,Hard,Gao Xinyu,Raluka Serban
20250611,Hard,Solana Sierra,Ariana Geerlings
20250612,Hard,Sara Bejlek,Tamara Korpatsch
20250612,Hard,Iryna Shymanovich,Alina Charaeva
20250612,Hard,Mona Barthel,Leyre Romero Gormaz
20250612,Hard,Nuria Parrizas Diaz,Ane Mintegi Del Olmo
20250613,Hard,Louisa Chirico,Mona Barthel
20250613,Hard,Gao Xinyu,Iryna Shymanovich
20250613,Hard,Hanne Vandewinkel,Solana Sierra
20250614,Hard,Louisa Chirico,Hanne Vandewinkel
20250614,Hard,Nuria Parrizas Diaz,Gao Xinyu
20250615,Hard,Nuria Parrizas Diaz,Louisa Chirico
20250608,Hard,Himeno Sakatsume,Kayla Day
20250608,Hard,Amelia Rajecki,Kajsa Rinaldo Persson
20250608,Hard,Linda Klimovicova,Petra Hule
20250608,Hard,Ella McDonald,Manon Leonard
20250608,Hard,Kyoka Okamura,Vitalia Diatchenko
20250608,Hard,Shi Han,Naiktha Bains
20250608,Hard,Valentina Ryser,Allegra Korpanec Davies
20250608,Hard,Kayla Cross,Freya Christie
20250608,Hard,Sayaka Ishii,Alana Smith
20250608,Hard,Lizette Cabrera,Flora Johnson
20250608,Hard,Celine Naef,Ruby Cooling
20250609,Hard,Tereza Martincova,Leonie Kung
20250609,Hard,Kyoka Okamura,Himeno Sakatsume
20250609,Hard,Ella McDonald,Shi Han
20250609,Hard,Amelia Rajecki,Linda Klimovicova
20250609,Hard,Celine Naef,Kayla Cross
20250609,Hard,Valentina Ryser,Sayaka Ishii
20250609,Hard,Lizette Cabrera,Tereza Martincova
20250609,Hard,Talia Gibson,Whitney Osuigwe
20250609,Hard,Amarni Banks,Olivia Gadecki
20250609,Hard,Mimi Xu,Ana Konjuh
20250609,Hard,Elsa Jacquemot,Wei Sijia
20250610,Hard,Daria Snigur,Yuliia Starodubtseva
20250610,Hard,Diane Parry,Ranah Stoiber
20250610,Hard,Varvara Lepchenko,Leolia Jeanjean
20250610,Hard,Viktorija Golubic,Lucrezia Stefanini
20250610,Hard,Emily Appleton,Simona Waltert
20250610,Hard,Iva Jovic,Rebeka Masarova
20250610,Hard,Rebecca Marino,Jessika Ponchet
20250610,Hard,Celine Naef,Kyoka Okamura
20250610,Hard,Antonia Ruzic,Ella McDonald
20250610,Hard,Harriet Dart,Amelia Rajecki
20250610,Hard,Valentina Ryser,Sara Saito
20250610,Hard,Alexandra Eala,Lizette Cabrera
20250611,Hard,Viktorija Golubic,Elsa Jacquemot
20250611,Hard,Amarni Banks,Mimi Xu
20250611,Hard,Diane Parry,Harriet Dart
20250611,Hard,Celine Naef,Antonia Ruzic
20250611,Hard,Talia Gibson,Daria Snigur
20250612,Hard,Iva Jovic,Varvara Lepchenko
20250612,Hard,Alexandra Eala,Valentina Ryser
20250612,Hard,Rebecca Marino,Emily Appleton
20250613,Hard,Viktorija Golubic,Diane Parry
20250613,Hard,Rebecca Marino,Alexandra Eala
20250613,Hard,Celine Naef,Amarni Banks
20250613,Hard,Iva Jovic,Talia Gibson
20250614,Hard,Iva Jovic,Viktorija Golubic
20250614,Hard,Rebecca Marino,Celine Naef
20250615,Hard,Iva Jovic,Rebecca Marino
20250608,Hard,Eva Vedder,Aurora Piccinini
20250608,Hard,Mei Yamaguchi,Georgia Andreea Craciun
20250608,Hard,Alessandra Mazzola,Katarina Zavatska
20250608,Hard,Maria Timofeeva,Ekaterina Ovcharenko
20250608,Hard,Kaja Juvan,Tara Wuerth
20250609,Hard,Alessandra Mazzola,Sada Nahimana
20250609,Hard,Oleksandra Oliynykova,Eva Vedder
20250609,Hard,Kaja Juvan,Maria Timofeeva
20250609,Hard,Despina Papamichail,Mei Yamaguchi
20250609,Hard,Tatiana Prozorova,Giorgia Pedone
20250609,Hard,Tereza Valentova,Selena Janicijevic
20250609,Hard,Renata Zarazua,Susan Bandecchi
20250609,Hard,Veronika Erjavec,Ana Bogdan
20250609,Hard,Dalila Spiteri,Taylah Preston
20250609,Hard,Dominika Salkova,Nuria Brancaccio
20250610,Hard,Astra Sharma,Noma Noha Akugue
20250610,Hard,Federica Urgesi,Miriam Bulgaru
20250610,Hard,Oleksandra Oliynykova,Chloe Paquet
20250610,Hard,Petra Marcinko,Panna Udvardy
20250610,Hard,Jana Fett,Tatiana Pieri
20250610,Hard,Sinja Kraus,Alessandra Mazzola
20250610,Hard,Julia Grabher,Despina Papamichail
20250610,Hard,Barbora Palicova,Tessah Andrianjafitrimo
20250610,Hard,Tyra Caterina Grant,Kathinka von Deichmann
20250611,Hard,Dominika Salkova,Oleksandra Oliynykova
20250611,Hard,Petra Marcinko,Tatiana Prozorova
20250611,Hard,Veronika Erjavec,Astra Sharma
20250611,Hard,Tereza Valentova,Renata Zarazua
20250612,Hard,Sinja Kraus,Dalila Spiteri
20250612,Hard,Barbora Palicova,Kaja Juvan
20250613,Hard,Tereza Valentova,Veronika Erjavec
20250613,Hard,Dominika Salkova,Sinja Kraus
20250613,Hard,Barbora Palicova,Julia Grabher
20250613,Hard,Petra Marcinko,Tyra Caterina Grant
20250614,Hard,Barbora Palicova,Dominika Salkova
20250614,Hard,Tereza Valentova,Petra Marcinko
20250615,Hard,Tereza Valentova,Barbora Palicova
20250614,Hard,Katerina Siniakova,Mia Pohankova
20250614,Hard,Ashlyn Krueger,Anna-Lena Friedsam
20250614,Hard,Katarzyna Kawa,Dalma Galfi
20250614,Hard,Ella Seidel,Anna Kalinskaya
20250614,Hard,Viktoriya Tomova,Priscilla Hon
20250614,Hard,Sofia Kenin,Erika Andreeva
20250614,Hard,Caroline Dolehide,Sonja Zhenikhova
20250614,Hard,Rebeka Masarova,Maria Sakkari
20250614,Hard,Ajla Tomljanovic,Chloe Paquet
20250614,Hard,Wang Xinyu,Talia Gibson
20250614,Hard,Ons Jabeur,Elsa Jacquemot
20250614,Hard,Anastasia Potapova,Renata Jamrichova
20250615,Hard,Viktoriya Tomova,Katarzyna Kawa
20250615,Hard,Katerina Siniakova,Ashlyn Krueger
20250615,Hard,Rebeka Masarova,Ella Seidel
20250615,Hard,Sofia Kenin,Ajla Tomljanovic
20250615,Hard,Caroline Dolehide,Anastasia Potapova
20250615,Hard,Wang Xinyu,Ons Jabeur
20250616,Hard,Emma Navarro,Marta Kostyuk
20250616,Hard,Katerina Siniakova,Viktoriya Tomova
20250616,Hard,Ons Jabeur,Caroline Dolehide
20250616,Hard,Rebeka Masarova,Sofia Kenin
20250616,Hard,Magdalena Frech,Mirra Andreeva
20250616,Hard,Paula Badosa,Eva Lys
20250617,Hard,Wang Xinyu,Daria Kasatkina
20250617,Hard,Liudmila Samsonova,Naomi Osaka
20250617,Hard,Marketa Vondrousova,Madison Keys
20250617,Hard,Amanda Anisimova,Bianca Andreescu
20250617,Hard,Diana Shnaider,Donna Vekic
20250617,Hard,Elena Rybakina,Ashlyn Krueger
20250618,Hard,Paula Badosa,Emma Navarro
20250618,Hard,Ons Jabeur,Jasmine Paolini
20250618,Hard,Liudmila Samsonova,Jessica Pegula
20250619,Hard,Marketa Vondrousova,Diana Shnaider
20250619,Hard,Aryna Sabalenka,Rebeka Masarova
20250619,Hard,Elena Rybakina,Katerina Siniakova
20250619,Hard,Wang Xinyu,Coco Gauff
20250619,Hard,Amanda Anisimova,Magdalena Frech
20250620,Hard,Marketa Vondrousova,Ons Jabeur
20250620,Hard,Wang Xinyu,Paula Badosa
20250620,Hard,Aryna Sabalenka,Elena Rybakina
20250620,Hard,Liudmila Samsonova,Amanda Anisimova
20250621,Hard,Marketa Vondrousova,Aryna Sabalenka
20250621,Hard,Wang Xinyu,Liudmila Samsonova
20250622,Hard,Marketa Vondrousova,Wang Xinyu
20250614,Hard,Olivia Gadecki,Jaqueline Cristian
20250614,Hard,Antonia Ruzic,Varvara Lepchenko
20250614,Hard,Anca Todoni,Jodie Burrage
20250614,Hard,Cristina Bucsa,Emiliana Arango
20250614,Hard,Aliaksandra Sasnovich,Maya Joint
20250614,Hard,Leolia Jeanjean,Heather Watson
20250614,Hard,Alexandra Eala,Varvara Gracheva
20250614,Hard,Mika Stojsavljevic,Anastasia Zakharova
20250614,Hard,Kamilla Rakhimova,Amarni Banks
20250615,Hard,Ena Shibahara,Alize Cornet
20250615,Hard,Antonia Ruzic,Olivia Gadecki
20250615,Hard,Laura Siegemund,Hailey Baptiste
20250615,Hard,Leolia Jeanjean,Mika Stojsavljevic
20250615,Hard,Yuliia Starodubtseva,Diane Parry
20250615,Hard,Alexandra Eala,Anca Todoni
20250615,Hard,Aliaksandra Sasnovich,Cristina Bucsa
20250615,Hard,Laura Siegemund,Ena Shibahara
20250615,Hard,Kamilla Rakhimova,Yuliia Starodubtseva
20250616,Hard,Leylah Fernandez,Suzan Lamens
20250616,Hard,Dayana Yastremska,Olga Danilovic
20250616,Hard,Yulia Putintseva,Hannah Klugman
20250616,Hard,Clara Tauson,Kimberly Birrell
20250616,Hard,Linda Noskova,Anca Todoni
20250616,Hard,Anna Blinkova,Kamilla Rakhimova
20250616,Hard,Antonia Ruzic,Lucia Bronzetti
20250616,Hard,Zhu Lin,Aliaksandra Sasnovich
20250617,Hard,Magda Linette,Alexandra Eala
20250617,Hard,Francesca Jones,Harriet Dart
20250617,Hard,Sonay Kartal,Leolia Jeanjean
20250617,Hard,Rebecca Sramkova,Laura Siegemund
20250617,Hard,Mimi Xu,Katie Volynets
20250617,Hard,Katie Boulter,Lulu Sun
20250617,Hard,Cristina Bucsa,Yuliia Starodubtseva
20250617,Hard,McCartney Kessler,Beatriz Haddad Maia
20250618,Hard,Dayana Yastremska,Antonia Ruzic
20250618,Hard,Rebecca Sramkova,Yulia Putintseva
20250618,Hard,Linda Noskova,Francesca Jones
20250618,Hard,Leylah Fernandez,Cristina Bucsa
20250619,Hard,McCartney Kessler,Zhu Lin
20250619,Hard,Magda Linette,Mimi Xu
20250619,Hard,Katie Boulter,Sonay Kartal
20250619,Hard,Clara Tauson,Anna Blinkova
20250620,Hard,Dayana Yastremska,Leylah Fernandez
20250620,Hard,Magda Linette,Clara Tauson
20250620,Hard,McCartney Kessler,Katie Boulter
20250620,Hard,Rebecca Sramkova,Linda Noskova
20250621,Hard,Dayana Yastremska,Magda Linette
20250621,Hard,McCartney Kessler,Rebecca Sramkova
20250622,Hard,McCartney Kessler,Dayana Yastremska
20250621,Hard,Aleksandar Vukic,Jay Clarke
20250621,Hard,Jenson Brooksby,Kamil Majchrzak
20250621,Hard,James Duckworth,Henry Searle
20250621,Hard,Johannus Monday,Christopher O'Connell
20250621,Hard,Chun-Hsin Tseng,Geoffrey Blancaneaux
20250621,Hard,Billy Harris,Luca Nardi
20250621,Hard,Mattia Bellucci,Marek Gengel
20250621,Hard,George Loffhagen,Mackenzie McDonald
20250622,Hard,Aleksandar Vukic,Jenson Brooksby
20250622,Hard,James Duckworth,Johannus Monday
20250622,Hard,Mattia Bellucci,Chun-Hsin Tseng
20250622,Hard,George Loffhagen,Billy Harris
20250623,Hard,Joao Fonseca,Zizou Bergs
20250623,Hard,Daniel Evans,Miomir Kecmanovic
20250623,Hard,Mattia Bellucci,Quentin Halys
20250623,Hard,Lorenzo Sonego,Fabian Marozsan
20250623,Hard,Alejandro Davidovich Fokina,Chun-Hsin Tseng
20250624,Hard,Reilly Opelka,George Loffhagen
20250624,Hard,James Duckworth,Aleksandar Vukic
20250624,Hard,Marcos Giron,Luciano Darderi
20250624,Hard,Nuno Borges,Jack Pinnington Jones
20250624,Hard,Jenson Brooksby,Francisco Comesana
20250624,Hard,Billy Harris,Cameron Norrie
20250624,Hard,Jacob Fearnley,Flavio Cobolli
20250625,Hard,Jenson Brooksby,Nuno Borges
20250625,Hard,Ugo Humbert,Lorenzo Sonego
20250625,Hard,Billy Harris,Mattia Bellucci
20250625,Hard,Jakub Mensik,Reilly Opelka
20250625,Hard,Alejandro Davidovich Fokina,James Duckworth
20250625,Hard,Marcos Giron,Jacob Fearnley
20250625,Hard,Daniel Evans,Tommy Paul
20250626,Hard,Ugo Humbert,Billy Harris
20250626,Hard,Taylor Fritz,Joao Fonseca
20250626,Hard,Jenson Brooksby,Daniel Evans
20250626,Hard,Alejandro Davidovich Fokina,Jakub Mensik
20250626,Hard,Taylor Fritz,Marcos Giron
20250627,Hard,Jenson Brooksby,Ugo Humbert
20250627,Hard,Taylor Fritz,Alejandro Davidovich Fokina
20250628,Hard,Taylor Fritz,Jenson Brooksby
20250621,Hard,Elisabetta Cocciaretto,Emiliana Arango
20250621,Hard,Suzan Lamens,Hannah Klugman
20250621,Hard,Hailey Baptiste,Yuan Yue
20250621,Hard,Heather Watson,Jessica Bouzas Maneiro
20250621,Hard,Kamilla Rakhimova,Bernarda Pera
20250621,Hard,Alexandra Eala,Zeynep Sonmez
20250621,Hard,Greet Minnen,Anca Todoni
20250621,Hard,Renata Zarazua,Mika Stojsavljevic
20250621,Hard,Kimberly Birrell,Katie Volynets
20250621,Hard,Anna Bondar,Megan Knight
20250621,Hard,Varvara Gracheva,Caroline Dolehide
20250621,Hard,Viktorija Golubic,Mayar Sherif
20250622,Hard,Elisabetta Cocciaretto,Suzan Lamens
20250622,Hard,Kamilla Rakhimova,Heather Watson
20250622,Hard,Alexandra Eala,Hailey Baptiste
20250622,Hard,Kimberly Birrell,Anna Bondar
20250622,Hard,Varvara Gracheva,Viktorija Golubic
20250622,Hard,Greet Minnen,Renata Zarazua
20250623,Hard,Anastasia Pavlyuchenkova,Viktoriya Tomova
20250623,Hard,Alexandra Eala,Lucia Bronzetti
20250623,Hard,Anna Blinkova,Marie Bouzkova
20250623,Hard,Francesca Jones,Greet Minnen
20250623,Hard,Lulu Sun,Daria Kasatkina
20250623,Hard,Maya Joint,Ons Jabeur
20250624,Hard,Kamilla Rakhimova,Elisabetta Cocciaretto
20250624,Hard,Kimberly Birrell,Sofia Kenin
20250624,Hard,Barbora Krejcikova,Harriet Dart
20250624,Hard,Varvara Gracheva,Camila Osorio
20250624,Hard,Jodie Burrage,Moyuka Uchijima
20250624,Hard,Rebecca Sramkova,Jaqueline Cristian
20250624,Hard,Emma Raducanu,Ann Li
20250624,Hard,Jelena Ostapenko,Sonay Kartal
20250624,Hard,Peyton Stearns,Mimi Xu
20250625,Hard,Anastasia Pavlyuchenkova,Kimberly Birrell
20250625,Hard,Barbora Krejcikova,Jodie Burrage
20250625,Hard,Varvara Gracheva,Rebecca Sramkova
20250625,Hard,Anna Blinkova,Lulu Sun
20250625,Hard,Maya Joint,Emma Raducanu
20250625,Hard,Kamilla Rakhimova,Peyton Stearns
20250625,Hard,Dayana Yastremska,Francesca Jones
20250626,Hard,Varvara Gracheva,Barbora Krejcikova
20250626,Hard,Maya Joint,Anna Blinkova
20250626,Hard,Alexandra Eala,Dayana Yastremska
20250626,Hard,Anastasia Pavlyuchenkova,Kamilla Rakhimova
20250627,Hard,Alexandra Eala,Varvara Gracheva
20250627,Hard,Maya Joint,Anastasia Pavlyuchenkova
20250628,Hard,Maya Joint,Alexandra Eala
20250621,Hard,Victoria Azarenka,Catherine McNally
20250621,Hard,Veronika Kudermetova,Arantxa Rus
20250621,Hard,Olga Danilovic,Nastasja Schunk
20250621,Hard,Yuliia Starodubtseva,Vitalia Diatchenko
20250621,Hard,Eva Lys,Ana Konjuh
20250621,Hard,Ashlyn Krueger,Maria Timofeeva
20250621,Hard,Ajla Tomljanovic,Sorana Cirstea
20250621,Hard,Katerina Siniakova,Harmony Tan
20250622,Hard,Victoria Azarenka,Veronika Kudermetova
20250622,Hard,Olga Danilovic,Yuliia Starodubtseva
20250622,Hard,Maria Sakkari,Yulia Putintseva
20250622,Hard,Ajla Tomljanovic,Eva Lys
20250622,Hard,Emma Navarro,Marta Kostyuk
20250622,Hard,Katerina Siniakova,Ashlyn Krueger
20250622,Hard,Leylah Fernandez,Tatjana Maria
20250622,Hard,Elina Svitolina,Elise Mertens
20250623,Hard,Clara Tauson,Magdalena Frech
20250623,Hard,Ekaterina Alexandrova,Belinda Bencic
20250623,Hard,Linda Noskova,Ajla Tomljanovic
20250623,Hard,Donna Vekic,Diana Shnaider
20250623,Hard,Katerina Siniakova,Veronika Kudermetova
20250623,Hard,Naomi Osaka,Olga Danilovic
20250623,Hard,Victoria Azarenka,Laura Siegemund
20250624,Hard,Beatriz Haddad Maia,Ashlyn Krueger
20250624,Hard,Jasmine Paolini,Leylah Fernandez
20250624,Hard,Jessica Pegula,Katerina Siniakova
20250624,Hard,Iga Swiatek,Victoria Azarenka
20250624,Hard,Emma Navarro,Naomi Osaka
20250625,Hard,Ekaterina Alexandrova,Maria Sakkari
20250625,Hard,Beatriz Haddad Maia,Elina Svitolina
20250625,Hard,Linda Noskova,Donna Vekic
20250625,Hard,Mirra Andreeva,Clara Tauson
20250626,Hard,Jasmine Paolini,Beatriz Haddad Maia
20250626,Hard,Iga Swiatek,Ekaterina Alexandrova
20250626,Hard,Jessica Pegula,Emma Navarro
20250626,Hard,Linda Noskova,Mirra Andreeva
20250627,Hard,Iga Swiatek,Jasmine Paolini
20250627,Hard,Jessica Pegula,Linda Noskova
20250628,Hard,Jessica Pegula,Iga Swiatek
20250623,Hard,Alexander Blockx,Facundo Mena
20250623,Hard,Federico Agustin Gomez,Federico Arnaboldi
20250623,Hard,Timofey Skatov,Stefano Napolitano
20250623,Hard,Oliver Tarvet,Terence Atmane
20250623,Hard,August Holmgren,Giles Hussey
20250623,Hard,Mikhail Kukushkin,Thiago Seyboth Wild
20250623,Hard,James Trotter,Calvin Hemery
20250623,Hard,Luka Pavlovic,Tristan Boyer
20250623,Hard,Paul Jubb,Thiago Agustin Tirante
20250623,Hard,Giulio Zeppieri,Sumit Nagal
20250623,Hard,Leandro Riedi,Sun Fajing
20250623,Hard,Roman Andres Burruchaga,Dmitry Popko
20250623,Hard,James McCabe,Borna Gojo
20250623,Hard,Luca Van Assche,Juan Manuel Cerundolo
20250623,Hard,Alexis Galarneau,Murphy Cassone
20250623,Hard,Henrique Rocha,Murkel Dellien
20250623,Hard,Colton Smith,Santiago Rodriguez Taverna
20250623,Hard,Hady Habib,Filip Cristian Jianu
20250623,Hard,Chak Lam Coleman Wong,Pol Martin Tiffon
20250623,Hard,Marton Fucsovics,Jurij Rodionov
20250623,Hard,Yannick Hanfmann,Hugo Grenier
20250623,Hard,Nikoloz Basilashvili,Pablo Llamas Ruiz
20250623,Hard,Cristian Garin,Francesco Maestrelli
20250623,Hard,Zachary Svajda,Lukas Neumayer
20250623,Hard,Alex Bolt,Harold Mayot
20250623,Hard,Mark Lajal,Jan Choinski
20250623,Hard,Beibit Zhukayev,Vitaliy Sachko
20250623,Hard,Tomas Barrios Vera,James Story
20250623,Hard,Eliot Spizzirri,Alejandro Moro Canas
20250623,Hard,Chris Rodesch,Matteo Gigante
20250623,Hard,Martin Landaluce,Francesco Passaro
20250623,Hard,Ryan Peniston,Facundo Bagnis
20250623,Hard,Adrian Mannarino,Andrea Collarini
20250623,Hard,Marco Trungelliti,Alibek Kachmazov
20250623,Hard,Benjamin Hassan,Duje Ajdukovic
20250623,Hard,Taro Daniel,Edas Butvilas
20250623,Hard,Nicolai Budkov Kjaer,Bai Yan
20250623,Hard,Tristan Schoolkate,Facundo Diaz Acosta
20250623,Hard,Ugo Blanchet,Daniel Rincon
20250623,Hard,Jozef Kovalik,Antoine Escoffier
20250623,Hard,Valentin Royer,Marc-Andrea Huesler
20250623,Hard,Jaime Faria,Zsombor Piros
20250623,Hard,Titouan Droguet,Andrea Pellegrino
20250623,Hard,Nicolas Jarry,Pavel Kotov
20250623,Hard,Emilio Nava,Mitchell Krueger
20250623,Hard,Dominic Stricker,Saba Purtseladze
20250623,Hard,Gauthier Onclin,Constant Lestienne
20250623,Hard,Yasutaka Uchiyama,Gijs Brouwer
20250623,Hard,Dusan Lajovic,Liam Draxl
20250623,Hard,Vilius Gaubas,Yuta Shimizu
20250623,Hard,Lukas Klein,Jerome Kym
20250623,Hard,Dalibor Svrcina,Omar Jasika
20250623,Hard,Juan Pablo Ficovich,Carlos Taberner
20250623,Hard,Felipe Meligeni Alves,Alvaro Guillen Meza
20250623,Hard,Arthur Bouquier,Alastair Gray
20250623,Hard,Kyrian Jacquet,Maximilian Marterer
20250623,Hard,Sho Shimabukuro,Aziz Dougaz
20250623,Hard,Oliver Bonding,Viktor Durasovic
20250623,Hard,Shintaro Mochizuki,Pierre-Hugues Herbert
20250623,Hard,Arthur Cazaux,Ignacio Buse
20250623,Hard,Filip Misolic,Guy Den Ouden
20250623,Hard,Li Tu,Daniel Elahi Galan
20250625,Hard,Tomas Barrios Vera,Henrique Rocha
20250625,Hard,Leandro Riedi,Federico Agustin Gomez
20250625,Hard,Hamish Stewart,Luca Van Assche
20250625,Hard,Alexander Blockx,Timofey Skatov
20250625,Hard,Oliver Tarvet,Alexis Galarneau
20250625,Hard,Yosuke Watanuki,Colton Smith
20250625,Hard,August Holmgren,Mikhail Kukushkin
20250625,Hard,Alex Bolt,Eliot Spizzirri
20250625,Hard,Beibit Zhukayev,Yannick Hanfmann
20250625,Hard,Luka Pavlovic,James Trotter
20250625,Hard,James McCabe,Roman Andres Burruchaga
20250625,Hard,Martin Landaluce,Ryan Peniston
20250625,Hard,Titouan Droguet,Taro Daniel
20250625,Hard,Marton Fucsovics,Zachary Svajda
20250625,Hard,Valentin Royer,Yasutaka Uchiyama
20250625,Hard,Arthur Cazaux,Ugo Blanchet
20250625,Hard,Li Tu,Sho Shimabukuro
20250625,Hard,Cristian Garin,Hady Habib
20250625,Hard,Benjamin Hassan,Tristan Schoolkate
20250625,Hard,Chris Rodesch,Mark Lajal
20250625,Hard,Dusan Lajovic,Arthur Bouquier
20250625,Hard,Dominic Stricker,Emilio Nava
20250625,Hard,Giulio Zeppieri,Paul Jubb
20250625,Hard,Adrian Mannarino,Nicolai Budkov Kjaer
20250625,Hard,Nicolas Jarry,Jozef Kovalik
20250625,Hard,Filip Misolic,Gauthier Onclin
20250625,Hard,Shintaro Mochizuki,Felipe Meligeni Alves
20250625,Hard,Kyrian Jacquet,Vilius Gaubas
20250625,Hard,Jaime Faria,Marco Trungelliti
20250625,Hard,Lukas Klein,Dalibor Svrcina
20250625,Hard,Juan Pablo Ficovich,Oliver Bonding
20250625,Hard,Nikoloz Basilashvili,Chak Lam Coleman Wong
20250626,Hard,James McCabe,Tomas Barrios Vera
20250626,Hard,Oliver Tarvet,Alexander Blockx
20250626,Hard,Alex Bolt,Martin Landaluce
20250626,Hard,Beibit Zhukayev,Luka Pavlovic
20250626,Hard,Giulio Zeppieri,Cristian Garin
20250626,Hard,Arthur Cazaux,Dusan Lajovic
20250626,Hard,Valentin Royer,Titouan Droguet
20250626,Hard,Adrian Mannarino,Li Tu
20250626,Hard,Leandro Riedi,Hamish Stewart
20250626,Hard,Filip Misolic,Benjamin Hassan
20250626,Hard,August Holmgren,Yosuke Watanuki
20250626,Hard,Chris Rodesch,Marton Fucsovics
20250626,Hard,Nikoloz Basilashvili,Juan Pablo Ficovich
20250626,Hard,Nicolas Jarry,Lukas Klein
20250626,Hard,Shintaro Mochizuki,Dominic Stricker
20250626,Hard,Jaime Faria,Kyrian Jacquet
20250630,Hard,Oliver Tarvet,Leandro Riedi
20250630,Hard,Adrian Mannarino,Christopher O'Connell
20250630,Hard,Jordan Thompson,Vit Kopriva
20250630,Hard,Learner Tien,Nishesh Basavareddy
20250630,Hard,Mattia Bellucci,Oliver Crawford
20250630,Hard,Jiri Lehecka,Hugo Dellien
20250630,Hard,Frances Tiafoe,Elmer Moller
20250630,Hard,Benjamin Bonzi,Daniil Medvedev
20250630,Hard,Cameron Norrie,Roberto Bautista Agut
20250630,Hard,Arthur Fery,Alexei Popyrin
20250630,Hard,Lloyd Harris,Zizou Bergs
20250630,Hard,Nicolas Jarry,Holger Rune
20250630,Hard,Valentin Royer,Stefanos Tsitsipas
20250630,Hard,Carlos Alcaraz,Fabio Fognini
20250630,Hard,Luciano Darderi,Roman Safiullin
20250630,Hard,Nuno Borges,Francisco Cerundolo
20250630,Hard,Felix Auger-Aliassime,James Duckworth
20250630,Hard,Joao Fonseca,Jacob Fearnley
20250630,Hard,Ethan Quinn,Henry Searle
20250630,Hard,Billy Harris,Dusan Lajovic
20250630,Hard,Karen Khachanov,Mackenzie McDonald
20250630,Hard,Cristian Garin,Chris Rodesch
20250630,Hard,Andrey Rublev,Laslo Djere
20250630,Hard,Jan-Lennard Struff,Filip Misolic
20250630,Hard,Kamil Majchrzak,Matteo Berrettini
20250630,Hard,Alejandro Davidovich Fokina,Brandon Holt
20250630,Hard,Jenson Brooksby,Tallon Griekspoor
20250630,Hard,Gabriel Diallo,Daniel Altmaier
20250701,Hard,Lorenzo Sonego,Jaime Faria
20250701,Hard,Arthur Cazaux,Adam Walton
20250701,Hard,Alex de Minaur,Roberto Carballes Baena
20250701,Hard,Miomir Kecmanovic,Alex Michelsen
20250701,Hard,Aleksandar Vukic,Chun-Hsin Tseng
20250701,Hard,Tommy Paul,Johannus Monday
20250701,Hard,Fabian Marozsan,James McCabe
20250701,Hard,Nikoloz Basilashvili,Lorenzo Musetti
20250701,Hard,Jesper de Jong,Christopher Eubanks
20250701,Hard,Mariano Navone,Denis Shapovalov
20250701,Hard,Jaume Munar,Alexander Bublik
20250701,Hard,Jannik Sinner,Luca Nardi
20250701,Hard,Sebastian Ofner,Hamad Medjedovic
20250701,Hard,Botic Van De Zandschulp,Matteo Arnaldi
20250701,Hard,Pedro Martinez,George Loffhagen
20250701,Hard,Daniel Evans,Jay Clarke
20250701,Hard,Shintaro Mochizuki,Giulio Zeppieri
20250701,Hard,Corentin Moutet,Francisco Comesana
20250701,Hard,Taylor Fritz,Giovanni Mpetshi Perricard
20250701,Hard,August Holmgren,Quentin Halys
20250701,Hard,Tomas Machac,Damir Dzumhur
20250701,Hard,Arthur Rinderknech,Alexander Zverev
20250701,Hard,Flavio Cobolli,Beibit Zhukayev
20250701,Hard,Jakub Mensik,Hugo Gaston
20250701,Hard,Marin Cilic,Raphael Collignon
20250701,Hard,Ben Shelton,Alex Bolt
20250701,Hard,Reilly Opelka,Aleksandr Shevchenko
20250701,Hard,Gael Monfils,Ugo Humbert
20250701,Hard,Marton Fucsovics,Aleksandar Kovacevic
20250701,Hard,Grigor Dimitrov,Yoshihito Nishioka
20250701,Hard,Rinky Hijikata,David Goffin
20250701,Hard,Jack Pinnington Jones,Tomas Martin Etcheverry
20250701,Hard,Jack Draper,Sebastian Baez
20250701,Hard,Marcos Giron,Camilo Ugo Carabelli
20250701,Hard,Novak Djokovic,Alexandre Muller
20250702,Hard,Joao Fonseca,Jenson Brooksby
20250702,Hard,Cameron Norrie,Frances Tiafoe
20250702,Hard,Adrian Mannarino,Valentin Royer
20250702,Hard,Nicolas Jarry,Learner Tien
20250702,Hard,Karen Khachanov,Shintaro Mochizuki
20250702,Hard,Andrey Rublev,Lloyd Harris
20250702,Hard,Nuno Borges,Billy Harris
20250702,Hard,Brandon Nakashima,Bu Yunchaokete
20250702,Hard,Carlos Alcaraz,Oliver Tarvet
20250702,Hard,Jordan Thompson,Benjamin Bonzi
20250702,Hard,Mattia Bellucci,Jiri Lehecka
20250702,Hard,Kamil Majchrzak,Ethan Quinn
20250702,Hard,Taylor Fritz,Gabriel Diallo
20250703,Hard,Flavio Cobolli,Jack Pinnington Jones
20250703,Hard,Miomir Kecmanovic,Jesper de Jong
20250703,Hard,Jakub Mensik,Marcos Giron
20250703,Hard,Alex de Minaur,Arthur Cazaux
20250703,Hard,Grigor Dimitrov,Corentin Moutet
20250703,Hard,Alejandro Davidovich Fokina,Botic Van De Zandschulp
20250703,Hard,Jaume Munar,Fabian Marozsan
20250703,Hard,Jan-Lennard Struff,Felix Auger-Aliassime
20250703,Hard,Arthur Rinderknech,Cristian Garin
20250703,Hard,Novak Djokovic,Daniel Evans
20250703,Hard,August Holmgren,Tomas Machac
20250703,Hard,Luciano Darderi,Arthur Fery
20250703,Hard,Pedro Martinez,Mariano Navone
20250703,Hard,Brandon Nakashima,Reilly Opelka
20250703,Hard,Sebastian Ofner,Tommy Paul
20250703,Hard,Marin Cilic,Jack Draper
20250703,Hard,Lorenzo Sonego,Nikoloz Basilashvili
20250703,Hard,Jannik Sinner,Aleksandar Vukic
20250704,Hard,Marton Fucsovics,Gael Monfils
20250704,Hard,Ben Shelton,Rinky Hijikata
20250704,Hard,Taylor Fritz,Alejandro Davidovich Fokina
20250704,Hard,Andrey Rublev,Adrian Mannarino
20250704,Hard,Cameron Norrie,Mattia Bellucci
20250704,Hard,Jordan Thompson,Luciano Darderi
20250704,Hard,Kamil Majchrzak,Arthur Rinderknech
20250704,Hard,Nicolas Jarry,Joao Fonseca
20250704,Hard,Karen Khachanov,Nuno Borges
20250704,Hard,Carlos Alcaraz,Jan-Lennard Struff
20250705,Hard,Flavio Cobolli,Jakub Mensik
20250705,Hard,Jannik Sinner,Pedro Martinez
20250705,Hard,Grigor Dimitrov,Sebastian Ofner
20250705,Hard,Lorenzo Sonego,Brandon Nakashima
20250705,Hard,Alex de Minaur,August Holmgren
20250705,Hard,Marin Cilic,Jaume Munar
20250705,Hard,Ben Shelton,Marton Fucsovics
20250705,Hard,Novak Djokovic,Miomir Kecmanovic
20250706,Hard,Karen Khachanov,Kamil Majchrzak
20250706,Hard,Taylor Fritz,Jordan Thompson
20250706,Hard,Cameron Norrie,Nicolas Jarry
20250706,Hard,Carlos Alcaraz,Andrey Rublev
20250707,Hard,Flavio Cobolli,Marin Cilic
20250707,Hard,Novak Djokovic,Alex de Minaur
20250707,Hard,Ben Shelton,Lorenzo Sonego
20250707,Hard,Jannik Sinner,Grigor Dimitrov
20250708,Hard,Taylor Fritz,Karen Khachanov
20250708,Hard,Carlos Alcaraz,Cameron Norrie
20250709,Hard,Jannik Sinner,Ben Shelton
20250709,Hard,Novak Djokovic,Flavio Cobolli
20250711,Hard,Carlos Alcaraz,Taylor Fritz
20250711,Hard,Jannik Sinner,Novak Djokovic
20250713,Hard,Jannik Sinner,Carlos Alcaraz
20250624,Hard,Rebeka Masarova,Alina Korneeva
20250624,Hard,Leyre Romero Gormaz,Katie Swan
20250624,Hard,Solana Sierra,Tessah Andrianjafitrimo
20250624,Hard,Talia Gibson,Andrea Lazaro Garcia
20250624,Hard,Alina Charaeva,Mona Barthel
20250624,Hard,Emerson Jones,Antonia Ruzic
20250624,Hard,Patricia Maria Tig,Kayla Cross
20250624,Hard,Robin Montgomery,Hanne Vandewinkel
20250624,Hard,Joanna Garland,Maria Lourdes Carle
20250624,Hard,Renata Jamrichova,Tamara Korpatsch
20250624,Hard,Bianca Andreescu,Laura Pigossi
20250624,Hard,Carson Branstine,Lois Boisson
20250624,Hard,Arianne Hartono,Tamara Zidansek
20250624,Hard,Lola Radivojevic,Hanna Chang
20250624,Hard,Nina Stojanovic,Susan Bandecchi
20250624,Hard,Diane Parry,Oleksandra Oliynykova
20250624,Hard,Wang Xiyu,Kristina Dmitruk
20250624,Hard,Darja Semenistaja,Ella McDonald
20250624,Hard,Raluka Serban,Maja Chwalinska
20250624,Hard,Daria Snigur,Berfu Cengiz
20250624,Hard,Destanee Aiava,Petra Marcinko
20250624,Hard,Priscilla Hon,Elena Pridankina
20250624,Hard,Valentina Ryser,Astra Sharma
20250624,Hard,Petra Martic,Maddison Inglis
20250624,Hard,Panna Udvardy,Daria Saville
20250624,Hard,Leonie Kung,Guiomar Maristany Zuleta De Reales
20250624,Hard,Iryna Shymanovich,Amelia Rajecki
20250624,Hard,Selena Janicijevic,Erika Andreeva
20250624,Hard,Kaja Juvan,Kyoka Okamura
20250624,Hard,Jana Fett,Wei Sijia
20250624,Hard,Hina Inoue,Sofia Costoulas
20250624,Hard,Anouk Koevermans,Jessika Ponchet
20250624,Hard,Victoria Mboko,Nao Hibino
20250624,Hard,Celine Naef,Chloe Paquet
20250624,Hard,Zhang Shuai,Lauren Davis
20250624,Hard,Kathinka von Deichmann,Sayaka Ishii
20250624,Hard,Whitney Osuigwe,Sinja Kraus
20250624,Hard,Taylor Townsend,Louisa Chirico
20250624,Hard,Lanlana Tararudee,Manon Leonard
20250624,Hard,Emily Appleton,Simona Waltert
20250624,Hard,Aliaksandra Sasnovich,Carlota Martinez Cirez
20250624,Hard,Veronika Erjavec,Leolia Jeanjean
20250624,Hard,Ana Bogdan,Ekaterina Makarova
20250624,Hard,Oksana Selekhmeteva,Yuriko Lily Miyazaki
20250624,Hard,Barbora Palicova,Jazmin Ortenzi
20250624,Hard,Jule Niemeier,Mai Hontama
20250624,Hard,Anastasia Zakharova,Lizette Cabrera
20250624,Hard,Ella Seidel,Kayla Day
20250624,Hard,Mariam Bolkvadze,Varvara Lepchenko
20250624,Hard,Katarzyna Kawa,Ranah Stoiber
20250624,Hard,Lucrezia Stefanini,Mihaela Buzarnescu
20250624,Hard,Gabriela Knutson,Rebecca Marino
20250624,Hard,Marina Bassols Ribera,Sara Saito
20250624,Hard,Arina Rodionova,Gao Xinyu
20250624,Hard,Victoria Jimenez Kasintseva,Nuria Brancaccio
20250624,Hard,Elsa Jacquemot,Miriam Bulgaru
20250624,Hard,Linda Fruhvirtova,Lea Boskovic
20250624,Hard,Amarni Banks,Julia Grabher
20250624,Hard,Julia Riera,Taylah Preston
20250624,Hard,Ena Shibahara,Stefanie Voegele
20250624,Hard,Iva Jovic,Linda Klimovicova
20250624,Hard,Nuria Parrizas Diaz,Justina Mikulskyte
20250624,Hard,Tereza Valentova,Maria Mateas
20250624,Hard,Alize Cornet,Katy Dunne
20250625,Hard,Talia Gibson,Arianne Hartono
20250625,Hard,Solana Sierra,Leyre Romero Gormaz
20250625,Hard,Diane Parry,Alina Charaeva
20250625,Hard,Emerson Jones,Lola Radivojevic
20250625,Hard,Kaja Juvan,Anouk Koevermans
20250625,Hard,Carson Branstine,Bianca Andreescu
20250625,Hard,Robin Montgomery,Patricia Maria Tig
20250625,Hard,Raluka Serban,Wang Xiyu
20250625,Hard,Petra Martic,Selena Janicijevic
20250625,Hard,Celine Naef,Mariam Bolkvadze
20250625,Hard,Joanna Garland,Renata Jamrichova
20250625,Hard,Priscilla Hon,Leonie Kung
20250625,Hard,Panna Udvardy,Destanee Aiava
20250625,Hard,Victoria Mboko,Valentina Ryser
20250625,Hard,Tereza Valentova,Lucrezia Stefanini
20250625,Hard,Elsa Jacquemot,Arina Rodionova
20250625,Hard,Taylor Townsend,Hina Inoue
20250625,Hard,Ella Seidel,Jule Niemeier
20250625,Hard,Nina Stojanovic,Rebeka Masarova
20250625,Hard,Katarzyna Kawa,Amarni Banks
20250625,Hard,Anastasia Zakharova,Ana Bogdan
20250625,Hard,Iva Jovic,Julia Riera
20250625,Hard,Jana Fett,Daria Snigur
20250625,Hard,Darja Semenistaja,Iryna Shymanovich
20250625,Hard,Ena Shibahara,Marina Bassols Ribera
20250625,Hard,Zhang Shuai,Whitney Osuigwe
20250625,Hard,Veronika Erjavec,Kathinka von Deichmann
20250625,Hard,Alize Cornet,Victoria Jimenez Kasintseva
20250625,Hard,Aliaksandra Sasnovich,Oksana Selekhmeteva
20250625,Hard,Emily Appleton,Barbora Palicova
20250625,Hard,Lanlana Tararudee,Gabriela Knutson
20250625,Hard,Linda Fruhvirtova,Nuria Parrizas Diaz
20250626,Hard,Kaja Juvan,Robin Montgomery
20250626,Hard,Diane Parry,Emerson Jones
20250626,Hard,Talia Gibson,Solana Sierra
20250626,Hard,Carson Branstine,Raluka Serban
20250626,Hard,Anastasia Zakharova,Tereza Valentova
20250626,Hard,Taylor Townsend,Celine Naef
20250626,Hard,Iva Jovic,Katarzyna Kawa
20250626,Hard,Ella Seidel,Jana Fett
20250626,Hard,Priscilla Hon,Victoria Mboko
20250626,Hard,Zhang Shuai,Lanlana Tararudee
20250626,Hard,Linda Fruhvirtova,Ena Shibahara
20250626,Hard,Elsa Jacquemot,Alize Cornet
20250626,Hard,Aliaksandra Sasnovich,Darja Semenistaja
20250626,Hard,Veronika Erjavec,Emily Appleton
20250626,Hard,Nina Stojanovic,Joanna Garland
20250626,Hard,Petra Martic,Panna Udvardy
20250630,Hard,Sonay Kartal,Jelena Ostapenko
20250630,Hard,Eva Lys,Yuan Yue
20250630,Hard,Diane Parry,Petra Martic
20250630,Hard,Elina Svitolina,Anna Bondar
20250630,Hard,Viktoriya Tomova,Ons Jabeur
20250630,Hard,Donna Vekic,Kimberly Birrell
20250630,Hard,Cristina Bucsa,Anca Todoni
20250630,Hard,Linda Noskova,Bernarda Pera
20250630,Hard,Aryna Sabalenka,Carson Branstine
20250630,Hard,Beatriz Haddad Maia,Rebecca Sramkova
20250630,Hard,Aliaksandra Sasnovich,Varvara Gracheva
20250630,Hard,Solana Sierra,Olivia Gadecki
20250630,Hard,Laura Siegemund,Peyton Stearns
20250630,Hard,Diana Shnaider,Moyuka Uchijima
20250630,Hard,Madison Keys,Elena-Gabriela Ruse
20250630,Hard,Olga Danilovic,Zhang Shuai
20250630,Hard,Leylah Fernandez,Hannah Klugman
20250630,Hard,Dalma Galfi,Harriet Dart
20250630,Hard,Renata Zarazua,Yanina Wickmayer
20250630,Hard,Marketa Vondrousova,McCartney Kessler
20250630,Hard,Ann Li,Viktorija Golubic
20250630,Hard,Emma Raducanu,Mimi Xu
20250630,Hard,Kamilla Rakhimova,Aoi Ito
20250630,Hard,Jasmine Paolini,Anastasija Sevastova
20250630,Hard,Amanda Anisimova,Yulia Putintseva
20250630,Hard,Marie Bouzkova,Lulu Sun
20250630,Hard,Naomi Osaka,Talia Gibson
20250630,Hard,Anastasia Pavlyuchenkova,Ajla Tomljanovic
20250630,Hard,Katie Boulter,Paula Badosa
20250630,Hard,Ashlyn Krueger,Mika Stojsavljevic
20250630,Hard,Elise Mertens,Linda Fruhvirtova
20250701,Hard,Clara Tauson,Heather Watson
20250701,Hard,Veronika Erjavec,Marta Kostyuk
20250701,Hard,Irina-Camelia Begu,Kaja Juvan
20250701,Hard,Daria Kasatkina,Emiliana Arango
20250701,Hard,Ekaterina Alexandrova,Priscilla Hon
20250701,Hard,Suzan Lamens,Iva Jovic
20250701,Hard,Katie Volynets,Tatjana Maria
20250701,Hard,Elisabetta Cocciaretto,Jessica Pegula
20250701,Hard,Katerina Siniakova,Zheng Qinwen
20250701,Hard,Anna Kalinskaya,Nina Stojanovic
20250701,Hard,Zeynep Sonmez,Jaqueline Cristian
20250701,Hard,Barbora Krejcikova,Alexandra Eala
20250701,Hard,Liudmila Samsonova,Maya Joint
20250701,Hard,Wang Xinyu,Karolina Muchova
20250701,Hard,Lucia Bronzetti,Jil Teichmann
20250701,Hard,Catherine McNally,Jodie Burrage
20250701,Hard,Maria Sakkari,Anna Blinkova
20250701,Hard,Iga Swiatek,Polina Kudermetova
20250701,Hard,Hailey Baptiste,Sorana Cirstea
20250701,Hard,Yuliia Starodubtseva,Francesca Jones
20250701,Hard,Danielle Collins,Camila Osorio
20250701,Hard,Mirra Andreeva,Mayar Sherif
20250701,Hard,Victoria Mboko,Magdalena Frech
20250701,Hard,Caroline Dolehide,Arantxa Rus
20250701,Hard,Emma Navarro,Petra Kvitova
20250701,Hard,Jessica Bouzas Maneiro,Ella Seidel
20250701,Hard,Veronika Kudermetova,Zhu Lin
20250701,Hard,Elsa Jacquemot,Magda Linette
20250701,Hard,Sofia Kenin,Taylor Townsend
20250701,Hard,Anastasia Zakharova,Victoria Azarenka
20250701,Hard,Belinda Bencic,Alycia Parks
20250701,Hard,Elena Rybakina,Elina Avanesyan
20250701,Hard,Dayana Yastremska,Coco Gauff
20250702,Hard,Madison Keys,Olga Danilovic
20250702,Hard,Sonay Kartal,Viktoriya Tomova
20250702,Hard,Laura Siegemund,Leylah Fernandez
20250702,Hard,Aryna Sabalenka,Marie Bouzkova
20250702,Hard,Cristina Bucsa,Donna Vekic
20250702,Hard,Elise Mertens,Ann Li
20250702,Hard,Dalma Galfi,Beatriz Haddad Maia
20250702,Hard,Solana Sierra,Katie Boulter
20250702,Hard,Amanda Anisimova,Renata Zarazua
20250702,Hard,Linda Noskova,Eva Lys
20250702,Hard,Diane Parry,Diana Shnaider
20250702,Hard,Kamilla Rakhimova,Jasmine Paolini
20250702,Hard,Naomi Osaka,Katerina Siniakova
20250702,Hard,Emma Raducanu,Marketa Vondrousova
20250702,Hard,Elina Svitolina,Aliaksandra Sasnovich
20250702,Hard,Anastasia Pavlyuchenkova,Ashlyn Krueger
20250703,Hard,Emma Navarro,Veronika Kudermetova
20250703,Hard,Zeynep Sonmez,Wang Xinyu
20250703,Hard,Mirra Andreeva,Lucia Bronzetti
20250703,Hard,Elisabetta Cocciaretto,Katie Volynets
20250703,Hard,Hailey Baptiste,Victoria Mboko
20250703,Hard,Danielle Collins,Veronika Erjavec
20250703,Hard,Belinda Bencic,Elsa Jacquemot
20250703,Hard,Ekaterina Alexandrova,Suzan Lamens
20250703,Hard,Elena Rybakina,Maria Sakkari
20250703,Hard,Barbora Krejcikova,Caroline Dolehide
20250703,Hard,Dayana Yastremska,Anastasia Zakharova
20250703,Hard,Iga Swiatek,Catherine McNally
20250703,Hard,Liudmila Samsonova,Yuliia Starodubtseva
20250703,Hard,Jessica Bouzas Maneiro,Sofia Kenin
20250703,Hard,Clara Tauson,Anna Kalinskaya
20250703,Hard,Daria Kasatkina,Irina-Camelia Begu
20250704,Hard,Solana Sierra,Cristina Bucsa
20250704,Hard,Amanda Anisimova,Dalma Galfi
20250704,Hard,Anastasia Pavlyuchenkova,Naomi Osaka
20250704,Hard,Sonay Kartal,Diane Parry
20250704,Hard,Linda Noskova,Kamilla Rakhimova
20250704,Hard,Laura Siegemund,Madison Keys
20250704,Hard,Elise Mertens,Elina Svitolina
20250704,Hard,Aryna Sabalenka,Emma Raducanu
20250705,Hard,Clara Tauson,Elena Rybakina
20250705,Hard,Belinda Bencic,Elisabetta Cocciaretto
20250705,Hard,Liudmila Samsonova,Daria Kasatkina
20250705,Hard,Jessica Bouzas Maneiro,Dayana Yastremska
20250705,Hard,Mirra Andreeva,Hailey Baptiste
20250705,Hard,Emma Navarro,Barbora Krejcikova
20250705,Hard,Ekaterina Alexandrova,Zeynep Sonmez
20250705,Hard,Iga Swiatek,Danielle Collins
20250706,Hard,Laura Siegemund,Solana Sierra
20250706,Hard,Anastasia Pavlyuchenkova,Sonay Kartal
20250706,Hard,Aryna Sabalenka,Elise Mertens
20250706,Hard,Amanda Anisimova,Linda Noskova
20250707,Hard,Belinda Bencic,Ekaterina Alexandrova
20250707,Hard,Liudmila Samsonova,Jessica Bouzas Maneiro
20250707,Hard,Mirra Andreeva,Emma Navarro
20250707,Hard,Iga Swiatek,Clara Tauson
20250708,Hard,Aryna Sabalenka,Laura Siegemund
20250708,Hard,Amanda Anisimova,Anastasia Pavlyuchenkova
20250709,Hard,Iga Swiatek,Liudmila Samsonova
20250709,Hard,Belinda Bencic,Mirra Andreeva
20250710,Hard,Amanda Anisimova,Aryna Sabalenka
20250710,Hard,Iga Swiatek,Belinda Bencic
20250712,Hard,Iga Swiatek,Amanda Anisimova
20250706,Hard,Kaitlin Quevedo,Diana Martynov
20250706,Hard,Silvia Ambrosio,Diletta Cherubini
20250706,Hard,Angela Fita Boluda,Tina Nadine Smith
20250706,Hard,Caroline Werner,Sarah Iliev
20250706,Hard,Ekaterina Kazionova,Carolina Alves
20250706,Hard,Nicole Fossa Huergo,Mina Hodzic
20250706,Hard,Mathilde Lollia,Lia Karatancheva
20250706,Hard,Alicia Herrero Linana,Sada Nahimana
20250707,Hard,Ekaterina Kazionova,Caroline Werner
20250707,Hard,Kaitlin Quevedo,Silvia Ambrosio
20250707,Hard,Angela Fita Boluda,Nicole Fossa Huergo
20250707,Hard,Mathilde Lollia,Alicia Herrero Linana
20250707,Hard,Victoria Jimenez Kasintseva,Anouk Koevermans
20250707,Hard,Laura Pigossi,Tiantsoa Rakotomanga Rajaonah
20250707,Hard,Lola Radivojevic,Aliona Bolsova
20250707,Hard,Petra Marcinko,Sara Saito
20250707,Hard,Francesca Jones,Tessah Andrianjafitrimo
20250707,Hard,Carole Monnet,Julie Belgraver
20250708,Hard,Rebeka Masarova,Angela Fita Boluda
20250708,Hard,Simona Waltert,Sinja Kraus
20250708,Hard,Amandine Hesse,Leolia Jeanjean
20250708,Hard,Oksana Selekhmeteva,Kaitlin Quevedo
20250708,Hard,Ekaterina Kazionova,Miriam Bulgaru
20250708,Hard,Alina Charaeva,Selena Janicijevic
20250709,Hard,Varvara Gracheva,Margaux Rouvroy
20250709,Hard,Julia Riera,Mathilde Lollia
20250709,Hard,Elsa Jacquemot,Susan Bandecchi
20250709,Hard,Kathinka von Deichmann,Giorgia Pedone
20250709,Hard,Francesca Jones,Carole Monnet
20250709,Hard,Petra Marcinko,Victoria Jimenez Kasintseva
20250709,Hard,Rebeka Masarova,Laura Pigossi
20250709,Hard,Lola Radivojevic,Amandine Hesse
20250710,Hard,Simona Waltert,Alina Charaeva
20250710,Hard,Elsa Jacquemot,Kathinka von Deichmann
20250710,Hard,Oksana Selekhmeteva,Ekaterina Kazionova
20250710,Hard,Varvara Gracheva,Julia Riera
20250711,Hard,Petra Marcinko,Lola Radivojevic
20250711,Hard,Francesca Jones,Rebeka Masarova
20250711,Hard,Elsa Jacquemot,Simona Waltert
20250711,Hard,Oksana Selekhmeteva,Varvara Gracheva
20250712,Hard,Francesca Jones,Petra Marcinko
20250712,Hard,Elsa Jacquemot,Oksana Selekhmeteva
20250713,Hard,Francesca Jones,Elsa Jacquemot
20250706,Hard,Olivia Lincer,Anna Frey
20250706,Hard,Alana Smith,Victoria Hu
20250706,Hard,Petra Hule,Makenna Jones
20250706,Hard,Haley Giavara,Gabriela Lee
20250707,Hard,Destanee Aiava,Emina Bektas
20250707,Hard,Sahaja Yamalapalli,Katherine Sebov
20250707,Hard,Yuriko Lily Miyazaki,Christina McHale
20250707,Hard,Talia Gibson,Petra Hule
20250708,Hard,Alana Smith,Olivia Lincer
20250708,Hard,Elizabeth Mandlik,Leonie Kung
20250708,Hard,Arianne Hartono,Maria Mateas
20250708,Hard,Sayaka Ishii,Hanna Chang
20250708,Hard,Lucrezia Stefanini,Lea Ma
20250708,Hard,Mariam Bolkvadze,Ayana Akli
20250708,Hard,Elvina Kalieva,Linda Fruhvirtova
20250708,Hard,Haley Giavara,Ena Shibahara
20250708,Hard,Tatjana Maria,Kayla Cross
20250708,Hard,Carol Zhao,Ma YeXin
20250708,Hard,Anna Rogers,Eugenie Bouchard
20250708,Hard,Catherine McNally,Darja Vidmanova
20250709,Hard,Sayaka Ishii,Destanee Aiava
20250709,Hard,Tatjana Maria,Yuriko Lily Miyazaki
20250709,Hard,Talia Gibson,Sahaja Yamalapalli
20250711,Hard,Carol Zhao,Elvina Kalieva
20250711,Hard,Catherine McNally,Mariam Bolkvadze
20250711,Hard,Elizabeth Mandlik,Haley Giavara
20250711,Hard,Alana Smith,Arianne Hartono
20250711,Hard,Lucrezia Stefanini,Anna Rogers
20250711,Hard,Tatjana Maria,Sayaka Ishii
20250711,Hard,Elizabeth Mandlik,Lucrezia Stefanini
20250711,Hard,Catherine McNally,Talia Gibson
20250711,Hard,Carol Zhao,Alana Smith
20250712,Hard,Catherine McNally,Elizabeth Mandlik
20250712,Hard,Tatjana Maria,Carol Zhao
20250713,Hard,Catherine McNally,Tatjana Maria
20250707,Hard,Jule Niemeier,Nao Hibino
20250707,Hard,Leyre Romero Gormaz,Julia Grabher
20250707,Hard,Martina Trevisan,Astra Sharma
20250707,Hard,Antonia Ruzic,Panna Udvardy
20250707,Hard,Darja Semenistaja,Maria Lourdes Carle
20250707,Hard,Justina Mikulskyte,Kajsa Rinaldo Persson
20250707,Hard,Mona Barthel,Tamara Korpatsch
20250708,Hard,Jana Fett,Ekaterina Makarova
20250708,Hard,Katarzyna Kawa,Nuria Parrizas Diaz
20250708,Hard,Mayar Sherif,Caijsa Hennemann
20250708,Hard,Dalma Galfi,Kaja Juvan
20250708,Hard,Louisa Chirico,Moyuka Uchijima
20250708,Hard,Lucia Bronzetti,Linea Bajraliu
20250708,Hard,Varvara Lepchenko,Berfu Cengiz
20250708,Hard,Elisabetta Cocciaretto,Irene Burillo
20250708,Hard,Lois Boisson,Chloe Paquet
20250709,Hard,Mayar Sherif,Varvara Lepchenko
20250709,Hard,Katarzyna Kawa,Martina Trevisan
20250709,Hard,Dalma Galfi,Leyre Romero Gormaz
20250709,Hard,Darja Semenistaja,Lois Boisson
20250709,Hard,Antonia Ruzic,Mona Barthel
20250709,Hard,Louisa Chirico,Jana Fett
20250709,Hard,Lucia Bronzetti,Jule Niemeier
20250709,Hard,Elisabetta Cocciaretto,Justina Mikulskyte
20250710,Hard,Katarzyna Kawa,Dalma Galfi
20250710,Hard,Mayar Sherif,Darja Semenistaja
20250710,Hard,Antonia Ruzic,Lucia Bronzetti
20250710,Hard,Elisabetta Cocciaretto,Louisa Chirico
20250711,Hard,Katarzyna Kawa,Mayar Sherif
20250711,Hard,Elisabetta Cocciaretto,Antonia Ruzic
20250712,Hard,Elisabetta Cocciaretto,Katarzyna Kawa
20250713,Hard,Pablo Llamas Ruiz,Luca Van Assche
20250713,Hard,Nicolai Budkov Kjaer,Thiago Seyboth Wild
20250713,Hard,Thiago Monteiro,Andrej Martin
20250713,Hard,Olle Wallin,Viktor Durasovic
20250713,Hard,Vilius Gaubas,Ludvig Hede
20250713,Hard,Filip Misolic,Radu Albot
20250713,Hard,Timofey Skatov,Sumit Nagal
20250713,Hard,Andrea Pellegrino,Daniel Michalski
20250714,Hard,Thiago Monteiro,Vilius Gaubas
20250714,Hard,Nicolai Budkov Kjaer,Pablo Llamas Ruiz
20250714,Hard,Filip Misolic,Olle Wallin
20250714,Hard,Andrea Pellegrino,Timofey Skatov
20250714,Hard,Jesper de Jong,William Rejchtman Vinciguerra
20250714,Hard,Luciano Darderi,Raphael Collignon
20250715,Hard,Vit Kopriva,Hugo Dellien
20250715,Hard,Damir Dzumhur,Sebastian Ofner
20250715,Hard,Hugo Gaston,Chun-Hsin Tseng
20250715,Hard,Andrea Pellegrino,Jaime Faria
20250715,Hard,Nicolai Budkov Kjaer,Thiago Monteiro
20250715,Hard,Elias Ymer,Tristan Boyer
20250716,Hard,Mariano Navone,Tomas Barrios Vera
20250716,Hard,Filip Misolic,Elmer Moller
20250716,Hard,Jesper de Jong,Vit Kopriva
20250716,Hard,Camilo Ugo Carabelli,Cristian Garin
20250716,Hard,Botic Van De Zandschulp,Mikael Ymer
20250716,Hard,Tallon Griekspoor,Andrea Pellegrino
20250716,Hard,Luciano Darderi,Elias Ymer
20250716,Hard,Sebastian Baez,Nicolai Budkov Kjaer
20250717,Hard,Camilo Ugo Carabelli,Botic Van De Zandschulp
20250717,Hard,Filip Misolic,Nuno Borges
20250717,Hard,Francisco Cerundolo,Mariano Navone
20250717,Hard,Damir Dzumhur,Hugo Gaston
20250718,Hard,Jesper de Jong,Tallon Griekspoor
20250718,Hard,Camilo Ugo Carabelli,Filip Misolic
20250718,Hard,Luciano Darderi,Sebastian Baez
20250718,Hard,Francisco Cerundolo,Damir Dzumhur
20250719,Hard,Jesper de Jong,Camilo Ugo Carabelli
20250719,Hard,Luciano Darderi,Francisco Cerundolo
20250720,Hard,Luciano Darderi,Jesper de Jong
20250713,Hard,Silvia Ambrosio,Jessica Failla
20250713,Hard,Georgia Andreea Craciun,Julie Belgraver
20250713,Hard,Giulia Safina Popa,Andrea Lazaro Garcia
20250713,Hard,Alicia Herrero Linana,Lia Karatancheva
20250713,Hard,Margaux Rouvroy,Lavinia Tanasie
20250713,Hard,Ilinca Amariei,Carolina Alves
20250713,Hard,Daria Lodikova,Priska Nugroho
20250713,Hard,Selena Janicijevic,Lian Tran
20250713,Hard,Anna Siskova,Arina Rodionova
20250713,Hard,Aliona Bolsova,Anastasia Necula
20250713,Hard,Mia Ristic,Tina Nadine Smith
20250713,Hard,Irene Burillo,Tatiana Pieri
20250714,Hard,Alicia Herrero Linana,Ilinca Amariei
20250714,Hard,Giulia Safina Popa,Silvia Ambrosio
20250714,Hard,Margaux Rouvroy,Georgia Andreea Craciun
20250714,Hard,Anna Siskova,Aliona Bolsova
20250714,Hard,Daria Lodikova,Selena Janicijevic
20250714,Hard,Irene Burillo,Mia Ristic
20250714,Hard,Jana Fett,Veronika Erjavec
20250714,Hard,Jil Teichmann,Miriam Bulgaru
20250714,Hard,Maja Chwalinska,Iryna Shymanovich
20250714,Hard,Irina-Camelia Begu,Nao Hibino
20250714,Hard,Varvara Gracheva,Ana Bogdan
20250714,Hard,Ann Li,Guiomar Maristany Zuleta De Reales
20250715,Hard,Maria Lourdes Carle,Patricia Maria Tig
20250715,Hard,Anna Siskova,Katarzyna Kawa
20250715,Hard,Victoria Jimenez Kasintseva,Giulia Safina Popa
20250715,Hard,Simona Waltert,Anastasija Sevastova
20250715,Hard,Irene Burillo,Nuria Parrizas Diaz
20250715,Hard,Elina Avanesyan,Andreea Prisacariu
20250715,Hard,Jaqueline Cristian,Daria Lodikova
20250715,Hard,Panna Udvardy,Margaux Rouvroy
20250715,Hard,Francesca Jones,Alicia Herrero Linana
20250715,Hard,Sorana Cirstea,Mihaela Buzarnescu
20250716,Hard,Jil Teichmann,Maja Chwalinska
20250716,Hard,Anna Siskova,Ann Li
20250717,Hard,Maria Lourdes Carle,Elina Avanesyan
20250717,Hard,Panna Udvardy,Francesca Jones
20250717,Hard,Simona Waltert,Irene Burillo
20250717,Hard,Sorana Cirstea,Varvara Gracheva
20250717,Hard,Irina-Camelia Begu,Victoria Jimenez Kasintseva
20250717,Hard,Jaqueline Cristian,Jana Fett
20250718,Hard,Jil Teichmann,Simona Waltert
20250718,Hard,Sorana Cirstea,Maria Lourdes Carle
20250718,Hard,Irina-Camelia Begu,Anna Siskova
20250718,Hard,Jaqueline Cristian,Panna Udvardy
20250719,Hard,Jil Teichmann,Sorana Cirstea
20250719,Hard,Irina-Camelia Begu,Jaqueline Cristian
20250720,Hard,Irina-Camelia Begu,Jil Teichmann
20250713,Hard,Elena Malygina,Nadiia Kolb
20250713,Hard,Sada Nahimana,Michaela Bayerlova
20250713,Hard,Valentina Steiner,Renata Jamrichova
20250713,Hard,Ariana Geerlings,Sofia Shapatava
20250713,Hard,Anna Petkovic,Carlota Martinez Cirez
20250713,Hard,Nicole Fossa Huergo,Diletta Cherubini
20250713,Hard,Aleksandra Krunic,Tena Lukas
20250713,Hard,Zhibek Kulambayeva,Mina Hodzic
20250713,Hard,Tessa Johanna Brockmann,Irina Bara
20250713,Hard,Eva Vedder,Sonja Zhenikhova
20250713,Hard,Maria Timofeeva,Ekaterina Yashina
20250713,Hard,Caroline Werner,Gergana Topalova
20250714,Hard,Aleksandra Krunic,Anna Petkovic
20250714,Hard,Ariana Geerlings,Elena Malygina
20250714,Hard,Valentina Steiner,Sada Nahimana
20250714,Hard,Maria Timofeeva,Zhibek Kulambayeva
20250714,Hard,Eva Vedder,Nicole Fossa Huergo
20250714,Hard,Caroline Werner,Tessa Johanna Brockmann
20250714,Hard,Diane Parry,Tara Wuerth
20250714,Hard,Louisa Chirico,Mayar Sherif
20250714,Hard,Nastasja Schunk,Moyuka Uchijima
20250715,Hard,Arantxa Rus,Sada Nahimana
20250715,Hard,Kaja Juvan,Maria Timofeeva
20250715,Hard,Dalma Galfi,Aleksandra Krunic
20250715,Hard,Anna Bondar,Noma Noha Akugue
20250715,Hard,Leyre Romero Gormaz,Nicole Fossa Huergo
20250715,Hard,Sinja Kraus,Berfu Cengiz
20250715,Hard,Lois Boisson,Julia Grabher
20250715,Hard,Astra Sharma,Ariana Geerlings
20250715,Hard,Tamara Korpatsch,Raluka Serban
20250715,Hard,Caroline Werner,Valentina Steiner
20250716,Hard,Leyre Romero Gormaz,Arantxa Rus
20250716,Hard,Ekaterina Alexandrova,Eva Vedder
20250716,Hard,Dayana Yastremska,Jule Niemeier
20250716,Hard,Kaja Juvan,Louisa Chirico
20250716,Hard,Viktoriya Tomova,Tatjana Maria
20250716,Hard,Dalma Galfi,Nastasja Schunk
20250716,Hard,Lois Boisson,Tamara Korpatsch
20250717,Hard,Viktoriya Tomova,Astra Sharma
20250717,Hard,Anna Bondar,Sinja Kraus
20250717,Hard,Dayana Yastremska,Diane Parry
20250717,Hard,Ekaterina Alexandrova,Caroline Werner
20250718,Hard,Kaja Juvan,Leyre Romero Gormaz
20250718,Hard,Dayana Yastremska,Dalma Galfi
20250718,Hard,Anna Bondar,Ekaterina Alexandrova
20250718,Hard,Lois Boisson,Viktoriya Tomova
20250719,Hard,Anna Bondar,Kaja Juvan
20250719,Hard,Lois Boisson,Dayana Yastremska
20250720,Hard,Lois Boisson,Anna Bondar
20250713,Hard,Ylena In-Albon,Anastasia Abbagnato
20250713,Hard,Tyra Caterina Grant,Angelica Raggi
20250713,Hard,Amandine Hesse,Sapfo Sakellaridi
20250714,Hard,Tatiana Prozorova,Jazmin Ortenzi
20250714,Hard,Dalila Spiteri,Lea Boskovic
20250714,Hard,Claire Liu,Alice Rame
20250714,Hard,Julia Riera,Angela Fita Boluda
20250714,Hard,Alisa Oktiabreva,Susan Bandecchi
20250714,Hard,Varvara Lepchenko,Giorgia Pedone
20250714,Hard,Lina Gjorcheska,Laura Pigossi
20250714,Hard,Tamara Zidansek,Hanne Vandewinkel
20250714,Hard,Ekaterine Gorgodze,Kathinka von Deichmann
20250715,Hard,Lola Radivojevic,Barbora Palicova
20250715,Hard,Alice Rame,Aurora Zantedeschi
20250715,Hard,Tyra Caterina Grant,Ylena In-Albon
20250715,Hard,Petra Marcinko,Dominika Salkova
20250715,Hard,Darja Semenistaja,Amandine Hesse
20250715,Hard,Claire Liu,Lisa Pigato
20250715,Hard,Oksana Selekhmeteva,Kaitlin Quevedo
20250715,Hard,Martina Trevisan,Nuria Brancaccio
20250716,Hard,Dalila Spiteri,Tatiana Prozorova
20250716,Hard,Tamara Zidansek,Julia Riera
20250716,Hard,Tyra Caterina Grant,Ekaterine Gorgodze
20250716,Hard,Varvara Lepchenko,Alice Rame
20250716,Hard,Petra Marcinko,Lina Gjorcheska
20250717,Hard,Darja Semenistaja,Martina Trevisan
20250717,Hard,Alisa Oktiabreva,Lola Radivojevic
20250717,Hard,Oksana Selekhmeteva,Claire Liu
20250718,Hard,Darja Semenistaja,Tyra Caterina Grant
20250718,Hard,Tamara Zidansek,Dalila Spiteri
20250718,Hard,Oksana Selekhmeteva,Alisa Oktiabreva
20250718,Hard,Petra Marcinko,Varvara Lepchenko
20250719,Hard,Oksana Selekhmeteva,Darja Semenistaja
20250719,Hard,Petra Marcinko,Tamara Zidansek
20250720,Hard,Petra Marcinko,Oksana Selekhmeteva
20250713,Hard,Emina Bektas,Rinko Matsuda
20250713,Hard,Aliona Falei,Evialina Laskevich
20250713,Hard,Mei Yamaguchi,Anastasia Tikhonova
20250713,Hard,Madison Sieg,Yasmine Mansouri
20250713,Hard,Zarina Diyas,Ana Filipa Santos
20250713,Hard,En-Shuo Liang,Ankita Raina
20250713,Hard,Himeno Sakatsume,Teresa Franco Dias
20250713,Hard,Alina Korneeva,Ekaterina Ovcharenko
20250714,Hard,Emina Bektas,Mei Yamaguchi
20250714,Hard,Himeno Sakatsume,En-Shuo Liang
20250714,Hard,Aliona Falei,Zarina Diyas
20250714,Hard,Alina Korneeva,Madison Sieg
20250714,Hard,Taylah Preston,Sofia Costoulas
20250714,Hard,Alina Charaeva,Lena Couto
20250714,Hard,Lanlana Tararudee,Valentina Ryser
20250714,Hard,Gao Xinyu,Tessah Andrianjafitrimo
20250714,Hard,Matilde Jorge,Carole Monnet
20250714,Hard,Anna-Lena Friedsam,Celine Naef
20250714,Hard,Mai Hontama,Priscilla Hon
20250714,Hard,Lizette Cabrera,Analu Freitas
20250714,Hard,Mona Barthel,Francisca Laundes
20250715,Hard,Alina Korneeva,Manon Leonard
20250715,Hard,Viktoria Hruncakova,Emina Bektas
20250715,Hard,Tereza Valentova,Francisca Jorge
20250715,Hard,Vitalia Diatchenko,Gabriela Knutson
20250715,Hard,Angelina Voloshchuk,Heather Watson
20250715,Hard,Himeno Sakatsume,Aoi Ito
20250716,Hard,Lanlana Tararudee,Taylah Preston
20250716,Hard,Gao Xinyu,Matilde Jorge
20250716,Hard,Anna-Lena Friedsam,Lizette Cabrera
20250716,Hard,Mai Hontama,Mona Barthel
20250717,Hard,Tereza Valentova,Viktoria Hruncakova
20250717,Hard,Vitalia Diatchenko,Alina Charaeva
20250717,Hard,Angelina Voloshchuk,Hina Inoue
20250717,Hard,Himeno Sakatsume,Alina Korneeva
20250718,Hard,Tereza Valentova,Gao Xinyu
20250718,Hard,Himeno Sakatsume,Vitalia Diatchenko
20250718,Hard,Lanlana Tararudee,Angelina Voloshchuk
20250718,Hard,Anna-Lena Friedsam,Mai Hontama
20250719,Hard,Tereza Valentova,Himeno Sakatsume
20250719,Hard,Lanlana Tararudee,Anna-Lena Friedsam
20250720,Hard,Tereza Valentova,Lanlana Tararudee
20250719,Hard,Jesika Maleckova,Kyoka Okamura
20250719,Hard,Nina Stojanovic,Jana Kovackova
20250719,Hard,Nicole Fossa Huergo,Anastasia Kulikova
20250719,Hard,Alena Kovackova,Arina Rodionova
20250719,Hard,Lucrezia Stefanini,Caroline Werner
20250719,Hard,Anastasia Gasanova,Viktoria Hruncakova
20250719,Hard,Mihaela Buzarnescu,Valentina Ryser
20250719,Hard,Jessika Ponchet,Miriam Skoch
20250719,Hard,Astra Sharma,Mina Hodzic
20250719,Hard,Tereza Martincova,Tamara Korpatsch
20250719,Hard,Mai Hontama,Denisa Hindova
20250719,Hard,Gao Xinyu,Lia Karatancheva
20250720,Hard,Anastasia Gasanova,Jessika Ponchet
20250720,Hard,Jesika Maleckova,Nicole Fossa Huergo
20250720,Hard,Alena Kovackova,Lucrezia Stefanini
20250720,Hard,Mai Hontama,Tereza Martincova
20250720,Hard,Gao Xinyu,Nina Stojanovic
20250720,Hard,Astra Sharma,Mihaela Buzarnescu
20250721,Hard,Marie Bouzkova,Gao Xinyu
20250721,Hard,Alycia Parks,Mai Hontama
20250721,Hard,Ann Li,Astra Sharma
20250721,Hard,Sara Bejlek,Moyuka Uchijima
20250721,Hard,Elisabetta Cocciaretto,Viktorija Golubic
20250721,Hard,Lucrezia Stefanini,Viktoriya Tomova
20250721,Hard,Rebecca Sramkova,Jesika Maleckova
20250722,Hard,Barbora Palicova,Priscilla Hon
20250722,Hard,Dominika Salkova,Laura Samson
20250722,Hard,Jessika Ponchet,Nina Stojanovic
20250722,Hard,Tereza Valentova,Aoi Ito
20250722,Hard,Wang Xinyu,Harriet Dart
20250722,Hard,Leolia Jeanjean,Nuria Parrizas Diaz
20250722,Hard,Katerina Siniakova,Elena-Gabriela Ruse
20250722,Hard,Lucie Havlickova,Alena Kovackova
20250722,Hard,Linda Noskova,Anastasia Gasanova
20250723,Hard,Jessika Ponchet,Barbora Palicova
20250723,Hard,Tereza Valentova,Rebecca Sramkova
20250723,Hard,Ann Li,Leolia Jeanjean
20250723,Hard,Marie Bouzkova,Lucrezia Stefanini
20250723,Hard,Katerina Siniakova,Dominika Salkova
20250723,Hard,Wang Xinyu,Lucie Havlickova
20250723,Hard,Linda Noskova,Elisabetta Cocciaretto
20250723,Hard,Sara Bejlek,Alycia Parks
20250724,Hard,Tereza Valentova,Jessika Ponchet
20250724,Hard,Marie Bouzkova,Ann Li
20250724,Hard,Linda Noskova,Katerina Siniakova
20250725,Hard,Wang Xinyu,Sara Bejlek
20250725,Hard,Marie Bouzkova,Tereza Valentova
20250725,Hard,Linda Noskova,Wang Xinyu
20250726,Hard,Marie Bouzkova,Linda Noskova
20250719,Hard,Angela Fita Boluda,Ayano Shimizu
20250719,Hard,Alessandra Mazzola,Selena Janicijevic
20250719,Hard,Alice Rame,Noelia Zeballos
20250719,Hard,Kaitlin Quevedo,Momoko Kobori
20250719,Hard,Carlota Martinez Cirez,Amina Anshba
20250719,Hard,Renata Jamrichova,Julie Belgraver
20250719,Hard,Carolina Alves,Anastasia Bertacchi
20250719,Hard,Aurora Zantedeschi,Michaela Bayerlova
20250720,Hard,Kaitlin Quevedo,Alessandra Mazzola
20250720,Hard,Alice Rame,Angela Fita Boluda
20250720,Hard,Renata Jamrichova,Aurora Zantedeschi
20250720,Hard,Carlota Martinez Cirez,Carolina Alves
20250721,Hard,Kaitlin Quevedo,Lola Radivojevic
20250721,Hard,Kathinka von Deichmann,Julia Riera
20250721,Hard,Francesca Jones,Chloe Paquet
20250721,Hard,Tatiana Prozorova,Victoria Jimenez Kasintseva
20250721,Hard,Anouk Koevermans,Alice Rame
20250721,Hard,Renata Jamrichova,Aurora Zantedeschi
20250721,Hard,Carlota Martinez Cirez,Claire Liu
20250722,Hard,Miriam Bulgaru,Simona Waltert
20250722,Hard,Julia Grabher,Tara Wuerth
20250722,Hard,Darja Semenistaja,Jule Niemeier
20250722,Hard,Tamara Zidansek,Tyra Caterina Grant
20250722,Hard,Panna Udvardy,Veronika Erjavec
20250722,Hard,Silvia Ambrosio,Leyre Romero Gormaz
20250722,Hard,Oksana Selekhmeteva,Giorgia Pedone
20250722,Hard,Mayar Sherif,Angela Fita Boluda
20250722,Hard,Hanne Vandewinkel,Dalila Spiteri
20250723,Hard,Tatiana Prozorova,Kathinka von Deichmann
20250723,Hard,Francesca Jones,Oksana Selekhmeteva
20250723,Hard,Julia Grabher,Carlota Martinez Cirez
20250723,Hard,Anouk Koevermans,Darja Semenistaja
20250723,Hard,Kaitlin Quevedo,Miriam Bulgaru
20250724,Hard,Panna Udvardy,Renata Jamrichova
20250724,Hard,Tamara Zidansek,Silvia Ambrosio
20250724,Hard,Hanne Vandewinkel,Mayar Sherif
20250725,Hard,Tatiana Prozorova,Hanne Vandewinkel
20250725,Hard,Francesca Jones,Panna Udvardy
20250725,Hard,Anouk Koevermans,Kaitlin Quevedo
20250725,Hard,Julia Grabher,Tamara Zidansek
20250726,Hard,Francesca Jones,Tatiana Prozorova
20250726,Hard,Anouk Koevermans,Julia Grabher
20250727,Hard,Francesca Jones,Anouk Koevermans
20250719,Hard,Colton Smith,Andrew Fenty
20250719,Hard,Tyler Zink,Taro Daniel
20250719,Hard,Murphy Cassone,Thai-Son Kwiatkowski
20250719,Hard,Beibit Zhukayev,James McCabe
20250719,Hard,Wu Yibing,Mitchell Krueger
20250719,Hard,Rinky Hijikata,Adhithya Ganesan
20250719,Hard,Billy Harris,Marek Gengel
20250719,Hard,Andrea Vavassori,Alfredo Perez
20250720,Hard,Zachary Svajda,Bernard Tomic
20250720,Hard,Yosuke Watanuki,Jake Fellows
20250720,Hard,Colton Smith,Tyler Zink
20250720,Hard,Moerani Bouzige,Govind Nanda
20250720,Hard,Corentin Moutet,Karue Sell
20250720,Hard,Murphy Cassone,Rinky Hijikata
20250720,Hard,Beibit Zhukayev,Andrea Vavassori
20250720,Hard,Zachary Svajda,Yosuke Watanuki
20250720,Hard,Wu Yibing,Corentin Moutet
20250720,Hard,Billy Harris,Moerani Bouzige
20250721,Hard,Fabian Marozsan,Benjamin Bonzi
20250721,Hard,Matteo Arnaldi,Daniel Altmaier
20250721,Hard,Ethan Quinn,Christopher O'Connell
20250721,Hard,Daniel Evans,Zizou Bergs
20250721,Hard,Alexandre Muller,Beibit Zhukayev
20250721,Hard,Mackenzie McDonald,Colton Smith
20250721,Hard,Cameron Norrie,Billy Harris
20250721,Hard,Reilly Opelka,Murphy Cassone
20250721,Hard,Learner Tien,Emilio Nava
20250721,Hard,Yoshihito Nishioka,Jenson Brooksby
20250721,Hard,Aleksandar Vukic,Giovanni Mpetshi Perricard
20250722,Hard,Brandon Nakashima,Ethan Quinn
20250722,Hard,Bu Yunchaokete,David Goffin
20250722,Hard,Zachary Svajda,Miomir Kecmanovic
20250722,Hard,Wu Yibing,Gael Monfils
20250722,Hard,Cameron Norrie,Lorenzo Musetti
20250722,Hard,Aleksandar Kovacevic,Quentin Halys
20250722,Hard,Jaume Munar,Marcos Giron
20250722,Hard,Gabriel Diallo,Fabian Marozsan
20250722,Hard,Ben Shelton,Mackenzie McDonald
20250722,Hard,Daniel Evans,Alex Michelsen
20250722,Hard,Corentin Moutet,Alexandre Muller
20250723,Hard,Jiri Lehecka,Zachary Svajda
20250723,Hard,Wu Yibing,Alexei Popyrin
20250723,Hard,Daniil Medvedev,Reilly Opelka
20250723,Hard,Matteo Arnaldi,Lorenzo Sonego
20250723,Hard,Alex de Minaur,Bu Yunchaokete
20250723,Hard,Taylor Fritz,Aleksandar Vukic
20250723,Hard,Learner Tien,Andrey Rublev
20250723,Hard,Flavio Cobolli,Yoshihito Nishioka
20250723,Hard,Alejandro Davidovich Fokina,Jaume Munar
20250724,Hard,Frances Tiafoe,Aleksandar Kovacevic
20250724,Hard,Brandon Nakashima,Cameron Norrie
20250724,Hard,Daniil Medvedev,Wu Yibing
20250724,Hard,Corentin Moutet,Daniel Evans
20250724,Hard,Alex de Minaur,Jiri Lehecka
20250724,Hard,Alejandro Davidovich Fokina,Learner Tien
20250724,Hard,Ben Shelton,Gabriel Diallo
20250724,Hard,Frances Tiafoe,Flavio Cobolli
20250725,Hard,Taylor Fritz,Matteo Arnaldi
20250725,Hard,Corentin Moutet,Daniil Medvedev
20250725,Hard,Alex de Minaur,Brandon Nakashima
20250726,Hard,Ben Shelton,Frances Tiafoe
20250726,Hard,Alejandro Davidovich Fokina,Taylor Fritz
20250727,Hard,Alex de Minaur,Corentin Moutet
20250727,Hard,Alejandro Davidovich Fokina,Ben Shelton
20250727,Hard,Alex de Minaur,Alejandro Davidovich Fokina
20250719,Hard,Taylor Townsend,Camila Osorio
20250719,Hard,Emiliana Arango,Anastasia Zakharova
20250719,Hard,Alana Smith,Polina Kudermetova
20250719,Hard,Clervie Ngounoue,Kimberly Birrell
20250719,Hard,Caroline Dolehide,Cristina Bucsa
20250720,Hard,Kamilla Rakhimova,Varvara Lepchenko
20250720,Hard,Aliaksandra Sasnovich,Anna Blinkova
20250720,Hard,Taylor Townsend,Emiliana Arango
20250720,Hard,Yuliia Starodubtseva,Rebecca Marino
20250720,Hard,Kamilla Rakhimova,Clervie Ngounoue
20250720,Hard,Caroline Dolehide,Aliaksandra Sasnovich
20250720,Hard,Yuliia Starodubtseva,Alana Smith
20250721,Hard,Victoria Mboko,Anastasia Potapova
20250721,Hard,Leylah Fernandez,Maya Joint
20250721,Hard,Maria Sakkari,Katie Boulter
20250721,Hard,Magdalena Frech,Yuliia Starodubtseva
20250722,Hard,Magda Linette,Danielle Collins
20250722,Hard,Taylor Townsend,Tatjana Maria
20250722,Hard,Caroline Dolehide,McCartney Kessler
20250722,Hard,Sofia Kenin,Hailey Baptiste
20250722,Hard,Anna Kalinskaya,Kamilla Rakhimova
20250722,Hard,Emma Raducanu,Marta Kostyuk
20250722,Hard,Naomi Osaka,Yulia Putintseva
20250722,Hard,Venus Williams,Peyton Stearns
20250723,Hard,Anna Kalinskaya,Magda Linette
20250723,Hard,Clara Tauson,Caroline Dolehide
20250723,Hard,Maria Sakkari,Emma Navarro
20250724,Hard,Elena Rybakina,Victoria Mboko
20250724,Hard,Emma Raducanu,Naomi Osaka
20250724,Hard,Taylor Townsend,Sofia Kenin
20250724,Hard,Leylah Fernandez,Jessica Pegula
20250724,Hard,Magdalena Frech,Venus Williams
20250725,Hard,Emma Raducanu,Maria Sakkari
20250725,Hard,Leylah Fernandez,Taylor Townsend
20250725,Hard,Elena Rybakina,Magdalena Frech
20250725,Hard,Anna Kalinskaya,Clara Tauson
20250726,Hard,Leylah Fernandez,Elena Rybakina
20250726,Hard,Anna Kalinskaya,Emma Raducanu
20250727,Hard,Leylah Fernandez,Anna Kalinskaya
20250726,Hard,Kamilla Rakhimova,Astra Sharma
20250726,Hard,Varvara Gracheva,Maddison Inglis
20250726,Hard,Katie Volynets,Jodie Burrage
20250726,Hard,Aoi Ito,Aliaksandra Sasnovich
20250726,Hard,Viktoriya Tomova,Katherine Sebov
20250726,Hard,Wang Yafan,Rebeka Masarova
20250726,Hard,Laura Siegemund,Nao Hibino
20250726,Hard,Bernarda Pera,Madison Brengle
20250726,Hard,Cristina Bucsa,Priscilla Hon
20250726,Hard,Leolia Jeanjean,Cadence Brace
20250726,Hard,Louisa Chirico,Talia Gibson
20250726,Hard,Antonia Ruzic,Dasha Plekhanova
20250726,Hard,Elsa Jacquemot,Carol Zhao
20250726,Hard,Whitney Osuigwe,Aleksandra Krunic
20250726,Hard,Ariana Arseneault,Destanee Aiava
20250726,Hard,Guo Hanyu,Mihaela Buzarnescu
20250727,Hard,Jaqueline Cristian,Marina Stakusic
20250727,Hard,Aoi Ito,Katie Volynets
20250727,Hard,Suzan Lamens,Polina Kudermetova
20250727,Hard,Marketa Vondrousova,Alexandra Eala
20250727,Hard,Jessica Bouzas Maneiro,Louisa Chirico
20250727,Hard,Zhu Lin,Varvara Gracheva
20250727,Hard,Victoria Mboko,Kimberly Birrell
20250727,Hard,Veronika Kudermetova,Cristina Bucsa
20250727,Hard,Camila Osorio,Bernarda Pera
20250727,Hard,Danielle Collins,Viktoriya Tomova
20250727,Hard,Bianca Andreescu,Barbora Krejcikova
20250728,Hard,Hailey Baptiste,Whitney Osuigwe
20250728,Hard,Rebecca Marino,Elsa Jacquemot
20250728,Hard,Yuliia Starodubtseva,Wang Yafan
20250728,Hard,Guo Hanyu,Yulia Putintseva
20250728,Hard,Laura Siegemund,Tatjana Maria
20250728,Hard,Kamilla Rakhimova,Kayla Cross
20250728,Hard,Anna Blinkova,Caroline Dolehide
20250728,Hard,Emma Raducanu,Elena-Gabriela Ruse
20250728,Hard,Eva Lys,Leolia Jeanjean
20250728,Hard,Lulu Sun,Sorana Cirstea
20250728,Hard,Marie Bouzkova,Moyuka Uchijima
20250728,Hard,Naomi Osaka,Ariana Arseneault
20250728,Hard,Renata Zarazua,Katie Boulter
20250728,Hard,Lucia Bronzetti,Elizabeth Mandlik
20250728,Hard,Anastasija Sevastova,Ajla Tomljanovic
20250728,Hard,Eugenie Bouchard,Emiliana Arango
20250729,Hard,Antonia Ruzic,Anastasia Potapova
20250729,Hard,Maria Sakkari,Carson Branstine
20250729,Hard,Daria Kasatkina,Anna Blinkova
20250729,Hard,Catherine McNally,Alycia Parks
20250729,Hard,Emma Navarro,Rebecca Marino
20250729,Hard,Dayana Yastremska,Camila Osorio
20250729,Hard,Maya Joint,Leylah Fernandez
20250729,Hard,Anna Kalinskaya,Ann Li
20250729,Hard,Marta Kostyuk,Marketa Vondrousova
20250729,Hard,Mirra Andreeva,Bianca Andreescu
20250729,Hard,Jaqueline Cristian,Linda Noskova
20250729,Hard,Aoi Ito,Jasmine Paolini
20250729,Hard,Veronika Kudermetova,Olga Danilovic
20250729,Hard,Jessica Bouzas Maneiro,Ashlyn Krueger
20250729,Hard,Marie Bouzkova,Diana Shnaider
20250729,Hard,Zhu Lin,Ekaterina Alexandrova
20250729,Hard,Elena Rybakina,Hailey Baptiste
20250729,Hard,Coco Gauff,Danielle Collins
20250729,Hard,Suzan Lamens,Beatriz Haddad Maia
20250730,Hard,Victoria Mboko,Sofia Kenin
20250730,Hard,McCartney Kessler,Maya Joint
20250730,Hard,Madison Keys,Laura Siegemund
20250730,Hard,Anastasija Sevastova,Magda Linette
20250730,Hard,Naomi Osaka,Liudmila Samsonova
20250730,Hard,Clara Tauson,Lucia Bronzetti
20250730,Hard,Jelena Ostapenko,Renata Zarazua
20250730,Hard,Catherine McNally,Rebecca Sramkova
20250730,Hard,Iga Swiatek,Guo Hanyu
20250730,Hard,Jessica Pegula,Maria Sakkari
20250730,Hard,Anna Kalinskaya,Elise Mertens
20250730,Hard,Yuliia Starodubtseva,Magdalena Frech
20250730,Hard,Emma Raducanu,Peyton Stearns
20250730,Hard,Belinda Bencic,Eugenie Bouchard
20250730,Hard,Eva Lys,Anastasia Pavlyuchenkova
20250730,Hard,Karolina Muchova,Antonia Ruzic
20250731,Hard,Amanda Anisimova,Lulu Sun
20250731,Hard,Elina Svitolina,Kamilla Rakhimova
20250731,Hard,Zhu Lin,Suzan Lamens
20250731,Hard,Marta Kostyuk,Daria Kasatkina
20250731,Hard,McCartney Kessler,Mirra Andreeva
20250731,Hard,Coco Gauff,Veronika Kudermetova
20250731,Hard,Jessica Bouzas Maneiro,Aoi Ito
20250731,Hard,Victoria Mboko,Marie Bouzkova
20250801,Hard,Dayana Yastremska,Emma Navarro
20250801,Hard,Elena Rybakina,Jaqueline Cristian
20250801,Hard,Clara Tauson,Yuliia Starodubtseva
20250801,Hard,Naomi Osaka,Jelena Ostapenko
20250801,Hard,Madison Keys,Catherine McNally
20250801,Hard,Anastasija Sevastova,Jessica Pegula
20250801,Hard,Karolina Muchova,Belinda Bencic
20250801,Hard,Iga Swiatek,Eva Lys
20250802,Hard,Amanda Anisimova,Emma Raducanu
20250802,Hard,Elina Svitolina,Anna Kalinskaya
20250802,Hard,Marta Kostyuk,McCartney Kessler
20250802,Hard,Elena Rybakina,Dayana Yastremska
20250802,Hard,Victoria Mboko,Coco Gauff
20250803,Hard,Jessica Bouzas Maneiro,Zhu Lin
20250803,Hard,Madison Keys,Karolina Muchova
20250803,Hard,Naomi Osaka,Anastasija Sevastova
20250803,Hard,Clara Tauson,Iga Swiatek
20250804,Hard,Elina Svitolina,Amanda Anisimova
20250804,Hard,Elena Rybakina,Marta Kostyuk
20250804,Hard,Victoria Mboko,Jessica Bouzas Maneiro
20250805,Hard,Clara Tauson,Madison Keys
20250805,Hard,Naomi Osaka,Elina Svitolina
20250806,Hard,Victoria Mboko,Elena Rybakina
20250807,Hard,Naomi Osaka,Clara Tauson
20250807,Hard,Victoria Mboko,Naomi Osaka
20250726,Hard,Facundo Bagnis,Terence Atmane
20250726,Hard,Juan Pablo Ficovich,Kyrian Jacquet
20250726,Hard,Adrian Mannarino,Juan Carlos Aguilar
20250726,Hard,Shintaro Mochizuki,Yasutaka Uchiyama
20250726,Hard,James Duckworth,Justin Boulais
20250726,Hard,Yosuke Watanuki,Dalibor Svrcina
20250726,Hard,Pierre-Hugues Herbert,Li Tu
20250726,Hard,Emilio Nava,Mitchell Krueger
20250726,Hard,Valentin Royer,Alvin Nicholas  Tudorica
20250726,Hard,Ugo Blanchet,Chun-Hsin Tseng
20250726,Hard,Colton Smith,Patrick Kypson
20250726,Hard,Tristan Boyer,James Trotter
20250726,Hard,Tomas Barrios Vera,Chak Lam Coleman Wong
20250727,Hard,Alexander Blockx,Duje Ajdukovic
20250727,Hard,Dan Martin,Taro Daniel
20250727,Hard,Tristan Schoolkate,Govind Nanda
20250727,Hard,Adam Walton,Benjamin Bonzi
20250727,Hard,Reilly Opelka,Sebastian Ofner
20250727,Hard,Learner Tien,Colton Smith
20250727,Hard,Tomas Barrios Vera,Gael Monfils
20250727,Hard,Giovanni Mpetshi Perricard,Shintaro Mochizuki
20250727,Hard,Tomas Martin Etcheverry,Pierre-Hugues Herbert
20250727,Hard,Juan Pablo Ficovich,Jacob Fearnley
20250727,Hard,Roman Safiullin,Ugo Blanchet
20250727,Hard,Nicolas Arseneault,Valentin Royer
20250727,Hard,Emilio Nava,Zizou Bergs
20250727,Hard,Facundo Bagnis,Vasek Pospisil
20250727,Hard,Miomir Kecmanovic,Quentin Halys
20250728,Hard,James Duckworth,Shang Juncheng
20250728,Hard,Christopher O'Connell,Chun-Hsin Tseng
20250728,Hard,Ethan Quinn,Yoshihito Nishioka
20250728,Hard,Bu Yunchaokete,Vit Kopriva
20250728,Hard,Mackenzie McDonald,David Goffin
20250728,Hard,Jaume Munar,Dan Martin
20250728,Hard,Dalibor Svrcina,Alexander Blockx
20250728,Hard,Hugo Gaston,Mattia Bellucci
20250728,Hard,Aleksandar Vukic,Pedro Martinez
20250728,Hard,Yosuke Watanuki,Daniel Altmaier
20250728,Hard,Tristan Schoolkate,Joao Fonseca
20250728,Hard,Francisco Comesana,Damir Dzumhur
20250728,Hard,Adrian Mannarino,Marcos Giron
20250728,Hard,Tristan Boyer,Aleksandar Kovacevic
20250728,Hard,Roberto Carballes Baena,Camilo Ugo Carabelli
20250728,Hard,Matteo Gigante,Borna Coric
20250728,Hard,Pablo Carreno Busta,Liam Draxl
20250729,Hard,Fabian Marozsan,Hugo Dellien
20250729,Hard,Alexis Galarneau,Arthur Rinderknech
20250729,Hard,Emilio Nava,Terence Atmane
20250729,Hard,Alexandre Muller,Miomir Kecmanovic
20250729,Hard,Holger Rune,Giovanni Mpetshi Perricard
20250729,Hard,Alex Michelsen,Tomas Barrios Vera
20250729,Hard,Karen Khachanov,Juan Pablo Ficovich
20250729,Hard,Lorenzo Musetti,James Duckworth
20250729,Hard,Alexei Popyrin,Nicolas Arseneault
20250729,Hard,Corentin Moutet,Jenson Brooksby
20250729,Hard,Tomas Martin Etcheverry,Tallon Griekspoor
20250729,Hard,Francisco Cerundolo,Jaume Munar
20250729,Hard,Casper Ruud,Roman Safiullin
20250729,Hard,Nuno Borges,Facundo Bagnis
20250729,Hard,Daniil Medvedev,Dalibor Svrcina
20250729,Hard,Learner Tien,Denis Shapovalov
20250729,Hard,Reilly Opelka,Tomas Machac
20250730,Hard,Matteo Arnaldi,Tristan Schoolkate
20250730,Hard,Alexander Zverev,Adam Walton
20250730,Hard,Andrey Rublev,Hugo Gaston
20250730,Hard,Aleksandar Vukic,Cameron Norrie
20250730,Hard,Ben Shelton,Adrian Mannarino
20250730,Hard,Lorenzo Sonego,Bu Yunchaokete
20250730,Hard,Flavio Cobolli,Alexis Galarneau
20250730,Hard,Gabriel Diallo,Matteo Gigante
20250730,Hard,Brandon Nakashima,Ethan Quinn
20250730,Hard,Jakub Mensik,Tristan Boyer
20250730,Hard,Frances Tiafoe,Yosuke Watanuki
20250730,Hard,Jiri Lehecka,Mackenzie McDonald
20250730,Hard,Alejandro Davidovich Fokina,Corentin Moutet
20250730,Hard,Fabian Marozsan,Felix Auger-Aliassime
20250730,Hard,Christopher O'Connell,Stefanos Tsitsipas
20250730,Hard,Arthur Fils,Pablo Carreno Busta
20250731,Hard,Taylor Fritz,Roberto Carballes Baena
20250731,Hard,Alex de Minaur,Francisco Comesana
20250731,Hard,Karen Khachanov,Emilio Nava
20250731,Hard,Alex Michelsen,Lorenzo Musetti
20250731,Hard,Francisco Cerundolo,Tomas Martin Etcheverry
20250731,Hard,Casper Ruud,Nuno Borges
20250731,Hard,Learner Tien,Reilly Opelka
20250731,Hard,Alexander Zverev,Matteo Arnaldi
20250731,Hard,Holger Rune,Alexandre Muller
20250801,Hard,Alexei Popyrin,Daniil Medvedev
20250801,Hard,Alejandro Davidovich Fokina,Jakub Mensik
20250801,Hard,Andrey Rublev,Lorenzo Sonego
20250801,Hard,Jiri Lehecka,Arthur Fils
20250801,Hard,Frances Tiafoe,Aleksandar Vukic
20250801,Hard,Flavio Cobolli,Fabian Marozsan
20250801,Hard,Taylor Fritz,Gabriel Diallo
20250802,Hard,Ben Shelton,Brandon Nakashima
20250802,Hard,Alex de Minaur,Christopher O'Connell
20250802,Hard,Alex Michelsen,Learner Tien
20250802,Hard,Karen Khachanov,Casper Ruud
20250802,Hard,Alexei Popyrin,Holger Rune
20250803,Hard,Alexander Zverev,Francisco Cerundolo
20250803,Hard,Alex de Minaur,Frances Tiafoe
20250803,Hard,Andrey Rublev,Alejandro Davidovich Fokina
20250803,Hard,Ben Shelton,Flavio Cobolli
20250804,Hard,Taylor Fritz,Jiri Lehecka
20250804,Hard,Alexander Zverev,Alexei Popyrin
20250805,Hard,Karen Khachanov,Alex Michelsen
20250805,Hard,Taylor Fritz,Andrey Rublev
20250806,Hard,Ben Shelton,Alex de Minaur
20250806,Hard,Karen Khachanov,Alexander Zverev
20250807,Hard,Ben Shelton,Taylor Fritz
20250807,Hard,Ben Shelton,Karen Khachanov
20250727,Hard,Anastasia Kulikova,Irene Burillo
20250727,Hard,Viktoria Hruncakova,Nadia Kulbiej
20250727,Hard,Urszula Radwanska,Valentina Ryser
20250727,Hard,Gabriela Knutson,Taylah Preston
20250728,Hard,Kyoka Okamura,Barbora Palicova
20250728,Hard,Mai Hontama,Weronika Ewald
20250728,Hard,Alina Charaeva,Anastasia Kulikova
20250728,Hard,Victoria Jimenez Kasintseva,Polona Hercog
20250729,Hard,Viktorija Golubic,Viktoria Hruncakova
20250729,Hard,Ella Seidel,Andrea Lazaro Garcia
20250729,Hard,Sofia Costoulas,Martyna Kubka
20250729,Hard,Diane Parry,Monika Stankiewicz
20250729,Hard,Kathinka von Deichmann,Anna-Lena Friedsam
20250729,Hard,Katerina Siniakova,Lanlana Tararudee
20250729,Hard,Dominika Salkova,Weronika Falkowska
20250729,Hard,Alina Korneeva,Tiantsoa Rakotomanga Rajaonah
20250729,Hard,Daria Snigur,Gabriela Knutson
20250729,Hard,Zeynep Sonmez,Urszula Radwanska
20250729,Hard,Gao Xinyu,Tamara Korpatsch
20250729,Hard,Anna Bondar,Harriet Dart
20250730,Hard,Viktorija Golubic,Sofia Costoulas
20250730,Hard,Daria Snigur,Diane Parry
20250730,Hard,Katerina Siniakova,Alina Charaeva
20250730,Hard,Alina Korneeva,Anna Bondar
20250730,Hard,Ella Seidel,Gao Xinyu
20250730,Hard,Dominika Salkova,Zeynep Sonmez
20250730,Hard,Victoria Jimenez Kasintseva,Mai Hontama
20250730,Hard,Kyoka Okamura,Kathinka von Deichmann
20250731,Hard,Victoria Jimenez Kasintseva,Alina Korneeva
20250731,Hard,Viktorija Golubic,Daria Snigur
20250731,Hard,Dominika Salkova,Kyoka Okamura
20250731,Hard,Katerina Siniakova,Ella Seidel
20250801,Hard,Viktorija Golubic,Dominika Salkova
20250801,Hard,Katerina Siniakova,Victoria Jimenez Kasintseva
20250802,Hard,Katerina Siniakova,Viktorija Golubic
20250805,Hard,Varvara Gracheva,Mihaela Buzarnescu
20250805,Hard,Ella Seidel,Varvara Lepchenko
20250805,Hard,Viktoriya Tomova,Louisa Chirico
20250805,Hard,Elsa Jacquemot,Kaja Juvan
20250805,Hard,Iva Jovic,Ulrikke Eikeri
20250805,Hard,Priscilla Hon,Elisabetta Cocciaretto
20250805,Hard,Laura Siegemund,Destanee Aiava
20250805,Hard,Kamilla Rakhimova,Jodie Burrage
20250805,Hard,Anastasia Zakharova,Heather Watson
20250805,Hard,Rebecca Marino,Elizabeth Mandlik
20250805,Hard,Solana Sierra,Martina Trevisan
20250805,Hard,Guo Hanyu,Anca Todoni
20250805,Hard,Maddison Inglis,Nuria Parrizas Diaz
20250805,Hard,Emina Bektas,Katarzyna Kawa
20250805,Hard,Cristina Bucsa,Maria Mateas
20250805,Hard,Eri Hozumi,Ena Shibahara
20250805,Hard,Aoi Ito,Aleksandra Krunic
20250805,Hard,Dalma Galfi,Nao Hibino
20250805,Hard,Yuan Yue,Astra Sharma
20250806,Hard,Kamilla Rakhimova,Rebecca Marino
20250806,Hard,Laura Siegemund,Guo Hanyu
20250806,Hard,Antonia Ruzic,Usue Maitane Arconada
20250806,Hard,Leolia Jeanjean,Carol Zhao
20250806,Hard,Whitney Osuigwe,Aliaksandra Sasnovich
20250806,Hard,Rebeka Masarova,Lauren Davis
20250806,Hard,Viktoriya Tomova,Elsa Jacquemot
20250806,Hard,Ella Seidel,Priscilla Hon
20250806,Hard,Clervie Ngounoue,Olivia Gadecki
20250806,Hard,Emina Bektas,Solana Sierra
20250806,Hard,Antonia Ruzic,Eri Hozumi
20250806,Hard,Whitney Osuigwe,Cristina Bucsa
20250806,Hard,Aoi Ito,Dalma Galfi
20250806,Hard,Clervie Ngounoue,Yuan Yue
20250806,Hard,Varvara Gracheva,Iva Jovic
20250806,Hard,Maddison Inglis,Anastasia Zakharova
20250806,Hard,Leolia Jeanjean,Rebeka Masarova
20250807,Hard,Maya Joint,Greet Minnen
20250807,Hard,Sorana Cirstea,Donna Vekic
20250807,Hard,Anastasia Potapova,Laura Siegemund
20250807,Hard,Marketa Vondrousova,Jaqueline Cristian
20250807,Hard,Renata Zarazua,Yulia Putintseva
20250807,Hard,Aoi Ito,Elena-Gabriela Ruse
20250807,Hard,Jessica Bouzas Maneiro,Venus Williams
20250807,Hard,Eva Lys,Bernarda Pera
20250807,Hard,Olga Danilovic,Katie Boulter
20250807,Hard,Tatjana Maria,Whitney Osuigwe
20250808,Hard,Clervie Ngounoue,Hailey Baptiste
20250808,Hard,Peyton Stearns,Wang Yafan
20250808,Hard,Lucia Bronzetti,Zhu Lin
20250808,Hard,Rebecca Sramkova,Caroline Dolehide
20250808,Hard,Caroline Garcia,Sonay Kartal
20250808,Hard,Leolia Jeanjean,Yuliia Starodubtseva
20250808,Hard,Lulu Sun,Antonia Ruzic
20250808,Hard,Ajla Tomljanovic,Anna Bondar
20250808,Hard,Taylor Townsend,Danielle Collins
20250808,Hard,Kimberly Birrell,Anna Blinkova
20250808,Hard,Varvara Gracheva,Katie Volynets
20250808,Hard,Ella Seidel,Polina Kudermetova
20250808,Hard,Camila Osorio,Moyuka Uchijima
20250808,Hard,Maria Sakkari,Kamilla Rakhimova
20250808,Hard,Viktoriya Tomova,Ann Li
20250808,Hard,Wang Xinyu,Emiliana Arango
20250808,Hard,Anastasija Sevastova,Emina Bektas
20250808,Hard,Veronika Kudermetova,Suzan Lamens
20250808,Hard,Barbora Krejcikova,Alycia Parks
20250808,Hard,Yuan Yue,Cristina Bucsa
20250808,Hard,Iva Jovic,Solana Sierra
20250809,Hard,Catherine McNally,Maddison Inglis
20250809,Hard,Marta Kostyuk,Tatjana Maria
20250809,Hard,Iga Swiatek,Anastasia Potapova
20250809,Hard,Aoi Ito,Anastasia Pavlyuchenkova
20250809,Hard,Jessica Bouzas Maneiro,Leylah Fernandez
20250809,Hard,Sorana Cirstea,Magdalena Frech
20250809,Hard,Madison Keys,Eva Lys
20250809,Hard,Maya Joint,Beatriz Haddad Maia
20250809,Hard,Taylor Townsend,Liudmila Samsonova
20250809,Hard,Emma Raducanu,Olga Danilovic
20250809,Hard,Ekaterina Alexandrova,Lulu Sun
20250809,Hard,Yuan Yue,Diana Shnaider
20250809,Hard,Elena Rybakina,Renata Zarazua
20250809,Hard,Anna Kalinskaya,Peyton Stearns
20250809,Hard,Elise Mertens,Clervie Ngounoue
20250809,Hard,Aryna Sabalenka,Marketa Vondrousova
20250810,Hard,Amanda Anisimova,Leolia Jeanjean
20250810,Hard,Ashlyn Krueger,Anastasija Sevastova
20250810,Hard,Jasmine Paolini,Maria Sakkari
20250810,Hard,Veronika Kudermetova,Belinda Bencic
20250810,Hard,Dayana Yastremska,Viktoriya Tomova
20250810,Hard,Magda Linette,Rebecca Sramkova
20250810,Hard,Ella Seidel,Emma Navarro
20250810,Hard,Clara Tauson,Ajla Tomljanovic
20250810,Hard,Coco Gauff,Wang Xinyu
20250810,Hard,Lucia Bronzetti,Daria Kasatkina
20250810,Hard,Jessica Pegula,Kimberly Birrell
20250810,Hard,Iva Jovic,Linda Noskova
20250810,Hard,Jelena Ostapenko,Camila Osorio
20250810,Hard,McCartney Kessler,Catherine McNally
20250810,Hard,Varvara Gracheva,Sofia Kenin
20250810,Hard,Barbora Krejcikova,Elina Svitolina
20250811,Hard,Karolina Muchova,Caroline Garcia
20250811,Hard,Iga Swiatek,Marta Kostyuk
20250811,Hard,Jessica Bouzas Maneiro,Taylor Townsend
20250811,Hard,Ekaterina Alexandrova,Maya Joint
20250811,Hard,Sorana Cirstea,Yuan Yue
20250811,Hard,Aryna Sabalenka,Emma Raducanu
20250811,Hard,Anna Kalinskaya,Amanda Anisimova
20250811,Hard,Madison Keys,Aoi Ito
20250812,Hard,Elena Rybakina,Elise Mertens
20250812,Hard,Ella Seidel,McCartney Kessler
20250812,Hard,Barbora Krejcikova,Iva Jovic
20250812,Hard,Jasmine Paolini,Ashlyn Krueger
20250812,Hard,Coco Gauff,Dayana Yastremska
20250812,Hard,Varvara Gracheva,Karolina Muchova
20250812,Hard,Lucia Bronzetti,Jelena Ostapenko
20250813,Hard,Iga Swiatek,Sorana Cirstea
20250813,Hard,Veronika Kudermetova,Clara Tauson
20250813,Hard,Magda Linette,Jessica Pegula
20250813,Hard,Elena Rybakina,Madison Keys
20250813,Hard,Aryna Sabalenka,Jessica Bouzas Maneiro
20250814,Hard,Anna Kalinskaya,Ekaterina Alexandrova
20250814,Hard,Coco Gauff,Lucia Bronzetti
20250814,Hard,Jasmine Paolini,Barbora Krejcikova
20250814,Hard,Varvara Gracheva,Ella Seidel
20250814,Hard,Veronika Kudermetova,Magda Linette
20250815,Hard,Iga Swiatek,Anna Kalinskaya
20250815,Hard,Elena Rybakina,Aryna Sabalenka
20250815,Hard,Veronika Kudermetova,Varvara Gracheva
20250816,Hard,Jasmine Paolini,Coco Gauff
20250817,Hard,Iga Swiatek,Elena Rybakina
20250817,Hard,Jasmine Paolini,Veronika Kudermetova
20250818,Hard,Iga Swiatek,Jasmine Paolini
20250805,Hard,Martin Landaluce,Cristian Garin
20250805,Hard,Valentin Royer,Juan Pablo Ficovich
20250805,Hard,Liam Draxl,Andres Martin
20250805,Hard,Arthur Fery,Zachary Svajda
20250805,Hard,Chak Lam Coleman Wong,Juan Manuel Cerundolo
20250805,Hard,Leandro Riedi,Pablo Carreno Busta
20250805,Hard,Nikoloz Basilashvili,Christopher Eubanks
20250805,Hard,Daniel Elahi Galan,Taro Daniel
20250805,Hard,Aleksandr Shevchenko,Tyler Zink
20250805,Hard,Shintaro Mochizuki,Facundo Bagnis
20250805,Hard,Lloyd Harris,Eliot Spizzirri
20250805,Hard,Colton Smith,Tristan Schoolkate
20250805,Hard,Li Tu,James Duckworth
20250805,Hard,Alexander Blockx,Alibek Kachmazov
20250805,Hard,Adrian Mannarino,Mitchell Krueger
20250805,Hard,Terence Atmane,Omar Jasika
20250805,Hard,Luca Nardi,Aidan Mayo
20250805,Hard,Patrick Kypson,Matteo Gigante
20250805,Hard,Dalibor Svrcina,Yosuke Watanuki
20250806,Hard,Valentin Royer,Liam Draxl
20250806,Hard,Martin Landaluce,Arthur Fery
20250806,Hard,Daniel Elahi Galan,Aleksandr Shevchenko
20250806,Hard,Chak Lam Coleman Wong,Shintaro Mochizuki
20250806,Hard,Leandro Riedi,Lloyd Harris
20250806,Hard,Emilio Nava,Mikhail Kukushkin
20250806,Hard,Aleksandar Vukic,Murphy Cassone
20250806,Hard,Arthur Cazaux,Mark Lajal
20250806,Hard,Adrian Mannarino,Dalibor Svrcina
20250806,Hard,Thiago Agustin Tirante,James Trotter
20250806,Hard,Alexander Blockx,Luca Nardi
20250806,Hard,Colton Smith,Nikoloz Basilashvili
20250806,Hard,Mariano Navone,Jan-Lennard Struff
20250806,Hard,Terence Atmane,Li Tu
20250806,Hard,Patrick Kypson,Aleksandar Vukic
20250806,Hard,Emilio Nava,Mariano Navone
20250806,Hard,Thiago Agustin Tirante,Arthur Cazaux
20250807,Hard,Roberto Carballes Baena,Hugo Gaston
20250807,Hard,Arthur Rinderknech,Nuno Borges
20250807,Hard,Joao Fonseca,Bu Yunchaokete
20250807,Hard,Benjamin Bonzi,Matteo Arnaldi
20250807,Hard,Pedro Martinez,Nicolas Jarry
20250807,Hard,Chak Lam Coleman Wong,Giovanni Mpetshi Perricard
20250807,Hard,Zizou Bergs,Jacob Fearnley
20250807,Hard,Daniel Elahi Galan,Vit Kopriva
20250807,Hard,Roman Safiullin,Alejandro Tabilo
20250807,Hard,Terence Atmane,Yoshihito Nishioka
20250807,Hard,Tomas Martin Etcheverry,Shang Juncheng
20250807,Hard,Adrian Mannarino,Jordan Thompson
20250807,Hard,Corentin Moutet,Mackenzie McDonald
20250808,Hard,Fabian Marozsan,Colton Smith
20250808,Hard,Sebastian Baez,David Goffin
20250808,Hard,Tristan Boyer,Brandon Holt
20250808,Hard,Camilo Ugo Carabelli,Kei Nishikori
20250808,Hard,Luca Nardi,Thiago Agustin Tirante
20250808,Hard,Alexander Blockx,Marcos Giron
20250808,Hard,Emilio Nava,Borna Coric
20250808,Hard,Ethan Quinn,Miomir Kecmanovic
20250808,Hard,Francisco Comesana,Jaume Munar
20250808,Hard,Jenson Brooksby,Alexandre Muller
20250808,Hard,Adam Walton,Mariano Navone
20250808,Hard,Reilly Opelka,Hugo Dellien
20250808,Hard,Hamad Medjedovic,Aleksandar Kovacevic
20250808,Hard,Roberto Bautista Agut,Daniel Altmaier
20250808,Hard,Martin Landaluce,Patrick Kypson
20250808,Hard,Learner Tien,Leandro Riedi
20250808,Hard,Valentin Royer,Sebastian Ofner
20250808,Hard,Damir Dzumhur,Mattia Bellucci
20250809,Hard,Nishesh Basavareddy,Aleksandar Vukic
20250809,Hard,Holger Rune,Roman Safiullin
20250809,Hard,Benjamin Bonzi,Lorenzo Musetti
20250809,Hard,Alex Michelsen,Corentin Moutet
20250809,Hard,Arthur Rinderknech,Casper Ruud
20250809,Hard,Felix Auger-Aliassime,Tomas Martin Etcheverry
20250809,Hard,Tommy Paul,Pedro Martinez
20250809,Hard,Stefanos Tsitsipas,Fabian Marozsan
20250809,Hard,Adrian Mannarino,Tomas Machac
20250809,Hard,Jannik Sinner,Daniel Elahi Galan
20250809,Hard,Gabriel Diallo,Sebastian Baez
20250809,Hard,Ugo Humbert,Chak Lam Coleman Wong
20250809,Hard,Joao Fonseca,Alejandro Davidovich Fokina
20250809,Hard,Lorenzo Sonego,Zizou Bergs
20250809,Hard,Terence Atmane,Flavio Cobolli
20250809,Hard,Frances Tiafoe,Roberto Carballes Baena
20250810,Hard,Taylor Fritz,Emilio Nava
20250810,Hard,Francisco Comesana,Luciano Darderi
20250810,Hard,Jiri Lehecka,Tristan Boyer
20250810,Hard,Reilly Opelka,Alex de Minaur
20250810,Hard,Andrey Rublev,Learner Tien
20250810,Hard,Roberto Bautista Agut,Cameron Norrie
20250810,Hard,Jakub Mensik,Ethan Quinn
20250810,Hard,Alexei Popyrin,Martin Landaluce
20250810,Hard,Carlos Alcaraz,Damir Dzumhur
20250810,Hard,Jenson Brooksby,Arthur Cazaux
20250810,Hard,Adam Walton,Daniil Medvedev
20250810,Hard,Luca Nardi,Denis Shapovalov
20250810,Hard,Hamad Medjedovic,Tallon Griekspoor
20250810,Hard,Karen Khachanov,Valentin Royer
20250810,Hard,Ben Shelton,Camilo Ugo Carabelli
20250810,Hard,Brandon Nakashima,Alexander Blockx
20250811,Hard,Alexander Zverev,Nishesh Basavareddy
20250811,Hard,Felix Auger-Aliassime,Arthur Rinderknech
20250811,Hard,Holger Rune,Alex Michelsen
20250811,Hard,Frances Tiafoe,Ugo Humbert
20250811,Hard,Benjamin Bonzi,Stefanos Tsitsipas
20250811,Hard,Taylor Fritz,Lorenzo Sonego
20250811,Hard,Terence Atmane,Joao Fonseca
20250811,Hard,Jannik Sinner,Gabriel Diallo
20250812,Hard,Adrian Mannarino,Tommy Paul
20250812,Hard,Francisco Comesana,Reilly Opelka
20250812,Hard,Andrey Rublev,Alexei Popyrin
20250812,Hard,Carlos Alcaraz,Hamad Medjedovic
20250812,Hard,Luca Nardi,Jakub Mensik
20250812,Hard,Karen Khachanov,Jenson Brooksby
20250812,Hard,Jiri Lehecka,Adam Walton
20250813,Hard,Holger Rune,Frances Tiafoe
20250813,Hard,Alexander Zverev,Brandon Nakashima
20250813,Hard,Ben Shelton,Roberto Bautista Agut
20250813,Hard,Jannik Sinner,Adrian Mannarino
20250813,Hard,Felix Auger-Aliassime,Benjamin Bonzi
20250813,Hard,Terence Atmane,Taylor Fritz
20250814,Hard,Carlos Alcaraz,Luca Nardi
20250814,Hard,Andrey Rublev,Francisco Comesana
20250814,Hard,Alexander Zverev,Karen Khachanov
20250814,Hard,Jannik Sinner,Felix Auger-Aliassime
20250814,Hard,Ben Shelton,Jiri Lehecka
20250815,Hard,Terence Atmane,Holger Rune
20250815,Hard,Carlos Alcaraz,Andrey Rublev
20250815,Hard,Alexander Zverev,Ben Shelton
20250816,Hard,Jannik Sinner,Terence Atmane
20250816,Hard,Carlos Alcaraz,Alexander Zverev
20250818,Hard,Carlos Alcaraz,Jannik Sinner
20250816,Hard,Leolia Jeanjean,Anna Siskova
20250816,Hard,Elvina Kalieva,Nicole Fossa Huergo
20250816,Hard,Antonia Ruzic,Bianca Jolie Fernandez
20250816,Hard,Cristina Bucsa,Lia Karatancheva
20250816,Hard,Kayla Cross,Julia Garcia Ruiz
20250816,Hard,You Xiaodi,Mei Yamaguchi
20250817,Hard,Diane Parry,Amandine Hesse
20250817,Hard,Lulu Sun,Lea Ma
20250817,Hard,Leolia Jeanjean,Elvina Kalieva
20250817,Hard,Antonia Ruzic,You Xiaodi
20250817,Hard,Cristina Bucsa,Kayla Cross
20250817,Hard,Lulu Sun,Diane Parry
20250818,Hard,Kamilla Rakhimova,Jessica Bouzas Maneiro
20250818,Hard,Tatjana Maria,Anna Bondar
20250818,Hard,Elise Mertens,Anna Blinkova
20250819,Hard,Marie Bouzkova,Zeynep Sonmez
20250819,Hard,Donna Vekic,Maria Sakkari
20250819,Hard,Leylah Fernandez,Jaqueline Cristian
20250819,Hard,Rebecca Sramkova,Victoria Rodriguez
20250819,Hard,Alycia Parks,Cristina Bucsa
20250819,Hard,Antonia Ruzic,Anastasia Pavlyuchenkova
20250820,Hard,Elisabetta Cocciaretto,Leolia Jeanjean
20250820,Hard,Ajla Tomljanovic,Renata Zarazua
20250820,Hard,Linda Noskova,Lulu Sun
20250820,Hard,Elise Mertens,Donna Vekic
20250820,Hard,Diana Shnaider,Kamilla Rakhimova
20250820,Hard,Antonia Ruzic,Elisabetta Cocciaretto
20250820,Hard,Rebecca Sramkova,Leylah Fernandez
20250820,Hard,Marie Bouzkova,Beatriz Haddad Maia
20250821,Hard,Linda Noskova,Tatjana Maria
20250821,Hard,Alycia Parks,Emma Navarro
20250821,Hard,Ekaterina Alexandrova,Ajla Tomljanovic
20250821,Hard,Diana Shnaider,Elise Mertens
20250822,Hard,Alycia Parks,Rebecca Sramkova
20250822,Hard,Ekaterina Alexandrova,Linda Noskova
20250822,Hard,Marie Bouzkova,Antonia Ruzic
20250822,Hard,Diana Shnaider,Alycia Parks
20250823,Hard,Ekaterina Alexandrova,Marie Bouzkova
20250824,Hard,Diana Shnaider,Ekaterina Alexandrova
20250816,Hard,Anna Rogers,Emily Appleton
20250816,Hard,Talia Gibson,Vivian Wolff
20250816,Hard,Rebeka Masarova,Daphnée Mpetshi Perricard
20250816,Hard,Sorana Cirstea,Anna Frey
20250816,Hard,Wang Yafan,Aleksandra Krunic
20250816,Hard,Nuria Parrizas Diaz,Anna Danilina
20250816,Hard,Jessica Failla,Aliaksandra Sasnovich
20250816,Hard,Elsa Jacquemot,Zheng Saisai
20250817,Hard,Sorana Cirstea,Rebeka Masarova
20250817,Hard,Wang Yafan,Nuria Parrizas Diaz
20250817,Hard,Talia Gibson,Anna Rogers
20250817,Hard,Anastasia Zakharova,Kimberly Birrell
20250817,Hard,Elsa Jacquemot,Jessica Failla
20250817,Hard,Iva Jovic,Anastasia Potapova
20250817,Hard,Eva Lys,Maya Joint
20250817,Hard,Solana Sierra,Sonay Kartal
20250817,Hard,Polina Kudermetova,Katrina Scott
20250817,Hard,Ann Li,Yuliia Starodubtseva
20250818,Hard,Jil Teichmann,Lois Boisson
20250818,Hard,Hailey Baptiste,Elena-Gabriela Ruse
20250818,Hard,Sorana Cirstea,Moyuka Uchijima
20250818,Hard,Talia Gibson,Greet Minnen
20250818,Hard,Elsa Jacquemot,Zhu Lin
20250818,Hard,Liudmila Samsonova,Caroline Dolehide
20250818,Hard,Viktorija Golubic,Lucia Bronzetti
20250818,Hard,Wang Xinyu,Suzan Lamens
20250818,Hard,Wang Yafan,Peyton Stearns
20250819,Hard,Katie Boulter,Yuan Yue
20250819,Hard,Anastasia Zakharova,Hailey Baptiste
20250819,Hard,Eva Lys,Polina Kudermetova
20250820,Hard,Sorana Cirstea,Jil Teichmann
20250820,Hard,Liudmila Samsonova,Wang Yafan
20250821,Hard,Anastasia Zakharova,Eva Lys
20250821,Hard,Wang Xinyu,Talia Gibson
20250821,Hard,Ann Li,Iva Jovic
20250821,Hard,Elsa Jacquemot,Solana Sierra
20250821,Hard,Viktorija Golubic,Katie Boulter
20250821,Hard,Ann Li,Elsa Jacquemot
20250821,Hard,Sorana Cirstea,Liudmila Samsonova
20250822,Hard,Wang Xinyu,Viktorija Golubic
20250822,Hard,Sorana Cirstea,Anastasia Zakharova
20250822,Hard,Ann Li,Wang Xinyu
20250823,Hard,Sorana Cirstea,Ann Li
20250818,Hard,Chak Lam Coleman Wong,Chris Rodesch
20250818,Hard,Martin Landaluce,Clement Tabur
20250818,Hard,Matteo Gigante,Edas Butvilas
20250818,Hard,Pablo Llamas Ruiz,Yannick Hanfmann
20250818,Hard,Andres Martin,Viktor Durasovic
20250818,Hard,Hugo Grenier,Omar Jasika
20250818,Hard,Jesper de Jong,Vilius Gaubas
20250818,Hard,Billy Harris,James Trotter
20250818,Hard,Mikhail Kukushkin,Andrea Pellegrino
20250818,Hard,Harold Mayot,Johannus Monday
20250818,Hard,Marco Trungelliti,Christopher Eubanks
20250818,Hard,Cristian Garin,Yosuke Watanuki
20250818,Hard,Federico Cina,Dominic Stricker
20250818,Hard,Federico Agustin Gomez,Lukas Klein
20250818,Hard,Taro Daniel,Vitaliy Sachko
20250818,Hard,Marc-Andrea Huesler,Stefano Napolitano
20250818,Hard,Arthur Cazaux,Mark Lajal
20250818,Hard,Jan-Lennard Struff,Clement Chidekh
20250818,Hard,Nikoloz Basilashvili,Gauthier Onclin
20250818,Hard,Jay Clarke,Jack Satterfield
20250818,Hard,Ugo Blanchet,Borna Gojo
20250818,Hard,Patrick Maloney,Elias Ymer
20250818,Hard,James Duckworth,Facundo Bagnis
20250818,Hard,Daniel Elahi Galan,Guy Den Ouden
20250818,Hard,James McCabe,Francesco Maestrelli
20250818,Hard,Murphy Cassone,Thiago Monteiro
20250818,Hard,Lloyd Harris,Daniel Evans
20250818,Hard,Dmitry Popko,Thiago Seyboth Wild
20250818,Hard,Sun Fajing,Pol Martin Tiffon
20250818,Hard,Dino Prizmic,Alexis Galarneau
20250818,Hard,Rodrigo Pacheco Mendez,Sascha Gueymard Wayenburg
20250818,Hard,Francesco Passaro,Yu Hsiou Hsu
20250819,Hard,Andrea Collarini,Jan Choinski
20250819,Hard,Mitchell Krueger,Santiago Rodriguez Taverna
20250819,Hard,Jaime Faria,Rio Noguchi
20250819,Hard,Roman Andres Burruchaga,Justin Engel
20250819,Hard,Zachary Svajda,August Holmgren
20250819,Hard,Shintaro Mochizuki,Jurij Rodionov
20250819,Hard,Wu Yibing,Juan Pablo Ficovich
20250819,Hard,Luca Van Assche,Dusan Lajovic
20250819,Hard,Giulio Zeppieri,Hady Habib
20250819,Hard,Beibit Zhukayev,Jack Pinnington Jones
20250819,Hard,Jerome Kym,Carlos Taberner
20250819,Hard,Jason Kubler,George Loffhagen
20250819,Hard,Otto Virtanen,Benjamin Willwerth
20250819,Hard,Kyrian Jacquet,Liam Draxl
20250819,Hard,Michael Zheng,Yasutaka Uchiyama
20250819,Hard,Leandro Riedi,Luka Pavlovic
20250819,Hard,Oliver Crawford,Alex Bolt
20250819,Hard,Zsombor Piros,Arthur Bouquier
20250819,Hard,Thiago Agustin Tirante,Jack Kennedy
20250819,Hard,Garrett Johns,Colton Smith
20250819,Hard,Yuta Shimizu,Sho Shimabukuro
20250819,Hard,Juan Manuel Cerundolo,Calvin Hemery
20250819,Hard,Henrique Rocha,Pierre-Hugues Herbert
20250819,Hard,Bernard Tomic,Patrick Kypson
20250819,Hard,Daniel Merida,Dalibor Svrcina
20250819,Hard,Titouan Droguet,Alibek Kachmazov
20250819,Hard,Kimmer Coppejans,Alex Barrena
20250819,Hard,Benjamin Hassan,Tomas Barrios Vera
20250819,Hard,Martin Damm,Stefano Travaglia
20250819,Hard,Alexander Blockx,Joao Lucas Reis Da Silva
20250819,Hard,Rei Sakamoto,Tyler Zink
20250819,Hard,Ignacio Buse,Lukas Neumayer
20250821,Hard,Ignacio Buse,Rei Sakamoto
20250821,Hard,Kimmer Coppejans,Alexander Blockx
20250821,Hard,Leandro Riedi,Otto Virtanen
20250821,Hard,Garrett Johns,Oliver Crawford
20250821,Hard,Martin Damm,Benjamin Hassan
20250821,Hard,Yuta Shimizu,Juan Manuel Cerundolo
20250821,Hard,Pablo Llamas Ruiz,Andres Martin
20250821,Hard,Federico Agustin Gomez,Federico Cina
20250821,Hard,Marco Trungelliti,Cristian Garin
20250821,Hard,Hugo Grenier,Martin Landaluce
20250821,Hard,Dino Prizmic,Murphy Cassone
20250821,Hard,Arthur Cazaux,Jay Clarke
20250821,Hard,Jan-Lennard Struff,Taro Daniel
20250821,Hard,Chak Lam Coleman Wong,Matteo Gigante
20250821,Hard,Mitchell Krueger,Andrea Collarini
20250821,Hard,James Duckworth,James McCabe
20250821,Hard,Zsombor Piros,Thiago Agustin Tirante
20250821,Hard,Marc-Andrea Huesler,Nikoloz Basilashvili
20250821,Hard,Jesper de Jong,Harold Mayot
20250821,Hard,Henrique Rocha,Bernard Tomic
20250821,Hard,Zachary Svajda,Beibit Zhukayev
20250821,Hard,Billy Harris,Mikhail Kukushkin
20250821,Hard,Lloyd Harris,Sun Fajing
20250821,Hard,Jason Kubler,Kyrian Jacquet
20250821,Hard,Shintaro Mochizuki,Roman Andres Burruchaga
20250821,Hard,Daniel Merida,Titouan Droguet
20250821,Hard,Jaime Faria,Giulio Zeppieri
20250821,Hard,Francesco Passaro,Rodrigo Pacheco Mendez
20250821,Hard,Ugo Blanchet,Dmitry Popko
20250821,Hard,Daniel Elahi Galan,Patrick Maloney
20250821,Hard,Jerome Kym,Michael Zheng
20250821,Hard,Wu Yibing,Luca Van Assche
20250822,Hard,Jan-Lennard Struff,Arthur Cazaux
20250822,Hard,Leandro Riedi,Garrett Johns
20250822,Hard,Pablo Llamas Ruiz,Marco Trungelliti
20250822,Hard,Federico Agustin Gomez,Hugo Grenier
20250822,Hard,Martin Damm,Yuta Shimizu
20250822,Hard,Ignacio Buse,Kimmer Coppejans
20250822,Hard,Zachary Svajda,Marc-Andrea Huesler
20250822,Hard,Jesper de Jong,Mitchell Krueger
20250822,Hard,Francesco Passaro,Henrique Rocha
20250822,Hard,Lloyd Harris,Daniel Merida
20250822,Hard,Chak Lam Coleman Wong,Billy Harris
20250822,Hard,Zsombor Piros,James Duckworth
20250822,Hard,Dino Prizmic,Jason Kubler
20250822,Hard,Shintaro Mochizuki,Daniel Elahi Galan
20250822,Hard,Jerome Kym,Wu Yibing
20250822,Hard,Ugo Blanchet,Jaime Faria
20250824,Hard,Jakub Mensik,Nicolas Jarry
20250824,Hard,Alejandro Davidovich Fokina,Aleksandr Shevchenko
20250824,Hard,Arthur Rinderknech,Roberto Carballes Baena
20250824,Hard,Ben Shelton,Ignacio Buse
20250824,Hard,Taylor Fritz,Emilio Nava
20250824,Hard,Ugo Blanchet,Fabian Marozsan
20250824,Hard,Eliot Spizzirri,Stefan Dostanic
20250824,Hard,Luciano Darderi,Rinky Hijikata
20250824,Hard,Jiri Lehecka,Borna Coric
20250824,Hard,Adrian Mannarino,Tallon Griekspoor
20250824,Hard,Tomas Machac,Luca Nardi
20250824,Hard,Zachary Svajda,Zsombor Piros
20250824,Hard,Jerome Kym,Ethan Quinn
20250824,Hard,Pablo Carreno Busta,Pablo Llamas Ruiz
20250824,Hard,Tomas Martin Etcheverry,Camilo Ugo Carabelli
20250824,Hard,Jordan Thompson,Corentin Moutet
20250824,Hard,Marcos Giron,Mariano Navone
20250824,Hard,Brandon Nakashima,Jesper de Jong
20250824,Hard,Novak Djokovic,Learner Tien
20250825,Hard,Benjamin Bonzi,Daniil Medvedev
20250825,Hard,Lloyd Harris,Sebastian Baez
20250825,Hard,Martin Damm,Darwin Blanch
20250825,Hard,Chak Lam Coleman Wong,Aleksandar Kovacevic
20250825,Hard,Adam Walton,Ugo Humbert
20250825,Hard,Zizou Bergs,Chun-Hsin Tseng
20250825,Hard,Cameron Norrie,Sebastian Korda
20250825,Hard,Joao Fonseca,Miomir Kecmanovic
20250825,Hard,Jack Draper,Federico Agustin Gomez
20250825,Hard,Raphael Collignon,Daniel Elahi Galan
20250825,Hard,Francisco Comesana,Alex Michelsen
20250825,Hard,Mattia Bellucci,Shang Juncheng
20250825,Hard,Flavio Cobolli,Francesco Passaro
20250825,Hard,Jenson Brooksby,Aleksandar Vukic
20250825,Hard,Holger Rune,Botic Van De Zandschulp
20250825,Hard,Frances Tiafoe,Yoshihito Nishioka
20250825,Hard,Jaume Munar,Jaime Faria
20250825,Hard,Kamil Majchrzak,Hugo Dellien
20250825,Hard,Jan-Lennard Struff,Mackenzie McDonald
20250825,Hard,Tristan Boyer,James Duckworth
20250825,Hard,Karen Khachanov,Nishesh Basavareddy
20250825,Hard,Andrey Rublev,Dino Prizmic
20250825,Hard,Casper Ruud,Sebastian Ofner
20250825,Hard,Gabriel Diallo,Damir Dzumhur
20250826,Hard,Carlos Alcaraz,Reilly Opelka
20250826,Hard,Lorenzo Musetti,Giovanni Mpetshi Perricard
20250826,Hard,Francisco Cerundolo,Matteo Arnaldi
20250826,Hard,Denis Shapovalov,Marton Fucsovics
20250826,Hard,David Goffin,Quentin Halys
20250826,Hard,Alexander Bublik,Marin Cilic
20250826,Hard,Alexei Popyrin,Emil Ruusuvuori
20250826,Hard,Valentin Royer,Bu Yunchaokete
20250826,Hard,Jannik Sinner,Vit Kopriva
20250826,Hard,Leandro Riedi,Pedro Martinez
20250826,Hard,Felix Auger-Aliassime,Billy Harris
20250826,Hard,Shintaro Mochizuki,Hugo Gaston
20250826,Hard,Daniel Altmaier,Hamad Medjedovic
20250826,Hard,Tristan Schoolkate,Lorenzo Sonego
20250826,Hard,Stefanos Tsitsipas,Alexandre Muller
20250826,Hard,Alex de Minaur,Christopher O'Connell
20250826,Hard,Nuno Borges,Brandon Holt
20250826,Hard,Roman Safiullin,Gael Monfils
20250826,Hard,Jacob Fearnley,Roberto Bautista Agut
20250827,Hard,Tommy Paul,Elmer Moller
20250827,Hard,Alexander Zverev,Alejandro Tabilo
20250827,Hard,Jerome Kym,Brandon Nakashima
20250827,Hard,Jiri Lehecka,Tomas Martin Etcheverry
20250827,Hard,Novak Djokovic,Zachary Svajda
20250827,Hard,Tomas Machac,Joao Fonseca
20250827,Hard,Raphael Collignon,Casper Ruud
20250827,Hard,Taylor Fritz,Lloyd Harris
20250827,Hard,Benjamin Bonzi,Marcos Giron
20250827,Hard,Cameron Norrie,Francisco Comesana
20250827,Hard,Arthur Rinderknech,Alejandro Davidovich Fokina
20250827,Hard,Ugo Blanchet,Jakub Mensik
20250827,Hard,Frances Tiafoe,Martin Damm
20250827,Hard,Luciano Darderi,Eliot Spizzirri
20250827,Hard,Adrian Mannarino,Jordan Thompson
20250827,Hard,Jan-Lennard Struff,Holger Rune
20250827,Hard,Carlos Alcaraz,Mattia Bellucci
20250828,Hard,Ben Shelton,Pablo Carreno Busta
20250828,Hard,Zizou Bergs,Jack Draper
20250828,Hard,Chak Lam Coleman Wong,Adam Walton
20250828,Hard,Andrey Rublev,Tristan Boyer
20250828,Hard,Lorenzo Musetti,David Goffin
20250828,Hard,Kamil Majchrzak,Karen Khachanov
20250828,Hard,Denis Shapovalov,Valentin Royer
20250828,Hard,Leandro Riedi,Francisco Cerundolo
20250828,Hard,Flavio Cobolli,Jenson Brooksby
20250828,Hard,Jannik Sinner,Alexei Popyrin
20250828,Hard,Jaume Munar,Gabriel Diallo
20250828,Hard,Alexander Bublik,Tristan Schoolkate
20250828,Hard,Alexander Zverev,Jacob Fearnley
20250828,Hard,Felix Auger-Aliassime,Roman Safiullin
20250828,Hard,Daniel Altmaier,Stefanos Tsitsipas
20250829,Hard,Alex de Minaur,Shintaro Mochizuki
20250829,Hard,Tommy Paul,Nuno Borges
20250829,Hard,Jiri Lehecka,Raphael Collignon
20250829,Hard,Arthur Rinderknech,Benjamin Bonzi
20250829,Hard,Carlos Alcaraz,Luciano Darderi
20250829,Hard,Adrian Mannarino,Ben Shelton
20250829,Hard,Jan-Lennard Struff,Frances Tiafoe
20250829,Hard,Novak Djokovic,Cameron Norrie
20250829,Hard,Tomas Machac,Ugo Blanchet
20250830,Hard,Taylor Fritz,Jerome Kym
20250830,Hard,Lorenzo Musetti,Flavio Cobolli
20250830,Hard,Jaume Munar,Zizou Bergs
20250830,Hard,Jannik Sinner,Denis Shapovalov
20250830,Hard,Andrey Rublev,Chak Lam Coleman Wong
20250830,Hard,Leandro Riedi,Kamil Majchrzak
20250830,Hard,Alex de Minaur,Daniel Altmaier
20250830,Hard,Felix Auger-Aliassime,Alexander Zverev
20250831,Hard,Alexander Bublik,Tommy Paul
20250831,Hard,Jiri Lehecka,Adrian Mannarino
20250831,Hard,Carlos Alcaraz,Arthur Rinderknech
20250831,Hard,Taylor Fritz,Tomas Machac
20250831,Hard,Novak Djokovic,Jan-Lennard Struff
20250901,Hard,Alex de Minaur,Leandro Riedi
20250901,Hard,Felix Auger-Aliassime,Andrey Rublev
20250901,Hard,Lorenzo Musetti,Jaume Munar
20250901,Hard,Jannik Sinner,Alexander Bublik
20250902,Hard,Carlos Alcaraz,Jiri Lehecka
20250903,Hard,Novak Djokovic,Taylor Fritz
20250903,Hard,Felix Auger-Aliassime,Alex de Minaur
20250904,Hard,Jannik Sinner,Lorenzo Musetti
20250905,Hard,Carlos Alcaraz,Novak Djokovic
20250905,Hard,Jannik Sinner,Felix Auger-Aliassime
20250907,Hard,Carlos Alcaraz,Jannik Sinner
20250818,Hard,Jodie Burrage,Patricia Maria Tig
20250818,Hard,Tatiana Prozorova,Martina Trevisan
20250818,Hard,Panna Udvardy,Paula Ormaechea
20250818,Hard,Manon Leonard,Sada Nahimana
20250818,Hard,Fiona Crawley,Louisa Chirico
20250818,Hard,Dalma Galfi,Akasha Urhobo
20250818,Hard,Tereza Valentova,Mona Barthel
20250818,Hard,Arantxa Rus,Carlota Martinez Cirez
20250818,Hard,Tessah Andrianjafitrimo,Polona Hercog
20250818,Hard,Jana Fett,Joanna Garland
20250818,Hard,Victoria Jimenez Kasintseva,Alexis Nguyen
20250818,Hard,Amelia Honer,Whitney Osuigwe
20250818,Hard,Katie Volynets,Sofia Costoulas
20250818,Hard,Elena Pridankina,Barbora Palicova
20250818,Hard,Astra Sharma,Lola Radivojevic
20250818,Hard,Petra Marcinko,Gao Xinyu
20250818,Hard,Alina Charaeva,Monika Ekstrand
20250818,Hard,Ena Shibahara,Kayla Day
20250818,Hard,Varvara Gracheva,Madison Brengle
20250818,Hard,Laura Pigossi,Tamara Zidansek
20250818,Hard,Dominika Salkova,Julia Grabher
20250818,Hard,Emerson Jones,Bernarda Pera
20250818,Hard,Kristina Dmitruk,Kaja Juvan
20250818,Hard,Mai Hontama,Kristina Penickova
20250818,Hard,Tara Wuerth,Arina Rodionova
20250818,Hard,Rebecca Marino,Lanlana Tararudee
20250818,Hard,Wang Xiyu,Carson Branstine
20250818,Hard,Hina Inoue,Lauren Davis
20250818,Hard,Claire Liu,Katarzyna Kawa
20250818,Hard,Maddison Inglis,Storm Hunter
20250818,Hard,Simona Waltert,Daria Snigur
20250818,Hard,Petra Martic,Linda Fruhvirtova
20250819,Hard,Jule Niemeier,Daria Saville
20250819,Hard,Priscilla Hon,Nuria Brancaccio
20250819,Hard,Veronika Erjavec,Maria Timofeeva
20250819,Hard,Cadence Brace,Nao Hibino
20250819,Hard,Hanne Vandewinkel,Marina Stakusic
20250819,Hard,Iryna Shymanovich,Sinja Kraus
20250819,Hard,Viktoriya Tomova,Irene Burillo
20250819,Hard,Harriet Dart,Anca Todoni
20250819,Hard,Oksana Selekhmeteva,Julia Riera
20250819,Hard,Carol Zhao,Maria Lourdes Carle
20250819,Hard,Ayana Akli,Eva Vedder
20250819,Hard,Lizette Cabrera,Oleksandra Oliynykova
20250819,Hard,Olivia Gadecki,Anouk Koevermans
20250819,Hard,Darja Semenistaja,Andrea Lazaro Garcia
20250819,Hard,Jessika Ponchet,Elizabeth Mandlik
20250819,Hard,Lucrezia Stefanini,Vitalia Diatchenko
20250819,Hard,Linda Klimovicova,Alina Korneeva
20250819,Hard,Ekaterine Gorgodze,Heather Watson
20250819,Hard,Aoi Ito,Anna-Lena Friedsam
20250819,Hard,Justina Mikulskyte,Kyoka Okamura
20250819,Hard,Maja Chwalinska,Giorgia Pedone
20250819,Hard,Destanee Aiava,Sara Bejlek
20250819,Hard,Francesca Jones,Viktoria Hruncakova
20250819,Hard,Arianne Hartono,Ana Sofia Sanchez
20250819,Hard,Janice Tjen,Varvara Lepchenko
20250819,Hard,Sachia Vickery,Anastasiia Sobolieva
20250819,Hard,Darja Vidmanova,Maya Iyengar
20250819,Hard,Guiomar Maristany Zuleta De Reales,Tiantsoa Rakotomanga Rajaonah
20250819,Hard,Ella Seidel,Kathinka von Deichmann
20250819,Hard,Wei Sijia,Berfu Cengiz
20250819,Hard,Zhang Shuai,Mary Stoiana
20250819,Hard,Leyre Romero Gormaz,Celine Naef
20250821,Hard,Wei Sijia,Leyre Romero Gormaz
20250821,Hard,Destanee Aiava,Justina Mikulskyte
20250821,Hard,Ella Seidel,Sachia Vickery
20250821,Hard,Arianne Hartono,Olivia Gadecki
20250821,Hard,Francesca Jones,Ekaterine Gorgodze
20250821,Hard,Janice Tjen,Maja Chwalinska
20250821,Hard,Aoi Ito,Guiomar Maristany Zuleta De Reales
20250821,Hard,Zhang Shuai,Darja Vidmanova
20250821,Hard,Dalma Galfi,Fiona Crawley
20250821,Hard,Katie Volynets,Amelia Honer
20250821,Hard,Emerson Jones,Laura Pigossi
20250821,Hard,Victoria Jimenez Kasintseva,Astra Sharma
20250821,Hard,Jana Fett,Tessah Andrianjafitrimo
20250821,Hard,Arantxa Rus,Jodie Burrage
20250821,Hard,Tereza Valentova,Tatiana Prozorova
20250821,Hard,Panna Udvardy,Manon Leonard
20250821,Hard,Varvara Gracheva,Tara Wuerth
20250821,Hard,Ena Shibahara,Elena Pridankina
20250821,Hard,Wang Xiyu,Petra Martic
20250821,Hard,Alina Charaeva,Petra Marcinko
20250821,Hard,Claire Liu,Maddison Inglis
20250821,Hard,Veronika Erjavec,Cadence Brace
20250821,Hard,Dominika Salkova,Kristina Dmitruk
20250821,Hard,Hina Inoue,Simona Waltert
20250821,Hard,Rebecca Marino,Mai Hontama
20250821,Hard,Priscilla Hon,Jule Niemeier
20250821,Hard,Hanne Vandewinkel,Viktoriya Tomova
20250821,Hard,Darja Semenistaja,Lizette Cabrera
20250821,Hard,Lucrezia Stefanini,Carol Zhao
20250821,Hard,Oksana Selekhmeteva,Iryna Shymanovich
20250821,Hard,Ayana Akli,Harriet Dart
20250821,Hard,Linda Klimovicova,Jessika Ponchet
20250822,Hard,Destanee Aiava,Ella Seidel
20250822,Hard,Victoria Jimenez Kasintseva,Emerson Jones
20250822,Hard,Francesca Jones,Arianne Hartono
20250822,Hard,Zhang Shuai,Wei Sijia
20250822,Hard,Janice Tjen,Aoi Ito
20250822,Hard,Dalma Galfi,Panna Udvardy
20250822,Hard,Tereza Valentova,Arantxa Rus
20250822,Hard,Wang Xiyu,Alina Charaeva
20250822,Hard,Katie Volynets,Jana Fett
20250822,Hard,Claire Liu,Veronika Erjavec
20250822,Hard,Ena Shibahara,Varvara Gracheva
20250822,Hard,Priscilla Hon,Hanne Vandewinkel
20250822,Hard,Rebecca Marino,Dominika Salkova
20250822,Hard,Darja Semenistaja,Linda Klimovicova
20250822,Hard,Hina Inoue,Lucrezia Stefanini
20250822,Hard,Oksana Selekhmeteva,Ayana Akli
20250824,Hard,McCartney Kessler,Magda Linette
20250824,Hard,Tereza Valentova,Lucia Bronzetti
20250824,Hard,Emma Raducanu,Ena Shibahara
20250824,Hard,Polina Kudermetova,Nuria Parrizas Diaz
20250824,Hard,Marketa Vondrousova,Oksana Selekhmeteva
20250824,Hard,Leylah Fernandez,Rebecca Marino
20250824,Hard,Janice Tjen,Veronika Kudermetova
20250824,Hard,Moyuka Uchijima,Olga Danilovic
20250824,Hard,Alexandra Eala,Clara Tauson
20250824,Hard,Aryna Sabalenka,Rebeka Masarova
20250824,Hard,Catherine McNally,Jil Teichmann
20250824,Hard,Jelena Ostapenko,Wang Xiyu
20250824,Hard,Lulu Sun,Camila Osorio
20250824,Hard,Emma Navarro,Wang Yafan
20250824,Hard,Anastasia Potapova,Zhu Lin
20250824,Hard,Belinda Bencic,Zhang Shuai
20250824,Hard,Anna Blinkova,Yuliia Starodubtseva
20250824,Hard,Jasmine Paolini,Destanee Aiava
20250824,Hard,Victoria Azarenka,Hina Inoue
20250825,Hard,Jessica Pegula,Mayar Sherif
20250825,Hard,Yulia Putintseva,Elisabetta Cocciaretto
20250825,Hard,Diane Parry,Petra Kvitova
20250825,Hard,Priscilla Hon,Leolia Jeanjean
20250825,Hard,Liudmila Samsonova,Yuan Yue
20250825,Hard,Barbora Krejcikova,Victoria Mboko
20250825,Hard,Anastasia Pavlyuchenkova,Dayana Yastremska
20250825,Hard,Renata Zarazua,Madison Keys
20250825,Hard,Elise Mertens,Alyssa Ahn
20250825,Hard,Taylor Townsend,Antonia Ruzic
20250825,Hard,Iva Jovic,Aliaksandra Sasnovich
20250825,Hard,Anna Kalinskaya,Clervie Ngounoue
20250825,Hard,Elena Rybakina,Julieta Pareja
20250825,Hard,Cristina Bucsa,Claire Liu
20250825,Hard,Kamilla Rakhimova,Caroline Garcia
20250825,Hard,Daria Kasatkina,Elena-Gabriela Ruse
20250825,Hard,Ann Li,Rebecca Sramkova
20250825,Hard,Maria Sakkari,Tatjana Maria
20250825,Hard,Elsa Jacquemot,Marie Bouzkova
20250825,Hard,Magdalena Frech,Talia Gibson
20250825,Hard,Anna Bondar,Elina Svitolina
20250825,Hard,Peyton Stearns,Darja Semenistaja
20250825,Hard,Zeynep Sonmez,Katie Volynets
20250825,Hard,Karolina Muchova,Venus Williams
20250826,Hard,Mirra Andreeva,Alycia Parks
20250826,Hard,Maya Joint,Victoria Jimenez Kasintseva
20250826,Hard,Marta Kostyuk,Katie Boulter
20250826,Hard,Suzan Lamens,Valerie Glozman
20250826,Hard,Beatriz Haddad Maia,Sonay Kartal
20250826,Hard,Iga Swiatek,Emiliana Arango
20250826,Hard,Viktorija Golubic,Lois Boisson
20250826,Hard,Jaqueline Cristian,Danielle Collins
20250826,Hard,Wang Xinyu,Caroline Dolehide
20250826,Hard,Amanda Anisimova,Kimberly Birrell
20250826,Hard,Linda Noskova,Dalma Galfi
20250826,Hard,Ashlyn Krueger,Sofia Kenin
20250826,Hard,Laura Siegemund,Diana Shnaider
20250826,Hard,Eva Lys,Francesca Jones
20250826,Hard,Ekaterina Alexandrova,Anastasija Sevastova
20250826,Hard,Sorana Cirstea,Solana Sierra
20250826,Hard,Hailey Baptiste,Katerina Siniakova
20250826,Hard,Donna Vekic,Jessica Bouzas Maneiro
20250826,Hard,Naomi Osaka,Greet Minnen
20250826,Hard,Anastasia Zakharova,Elina Avanesyan
20250826,Hard,Coco Gauff,Ajla Tomljanovic
20250827,Hard,Emma Navarro,Catherine McNally
20250827,Hard,Emma Raducanu,Janice Tjen
20250827,Hard,Victoria Azarenka,Anastasia Pavlyuchenkova
20250827,Hard,Cristina Bucsa,Alexandra Eala
20250827,Hard,Jessica Pegula,Anna Blinkova
20250827,Hard,Barbora Krejcikova,Moyuka Uchijima
20250827,Hard,Elena Rybakina,Tereza Valentova
20250827,Hard,Taylor Townsend,Jelena Ostapenko
20250827,Hard,Priscilla Hon,Liudmila Samsonova
20250827,Hard,Elise Mertens,Lulu Sun
20250827,Hard,Mirra Andreeva,Anastasia Potapova
20250827,Hard,Jasmine Paolini,Iva Jovic
20250827,Hard,Marketa Vondrousova,McCartney Kessler
20250827,Hard,Leylah Fernandez,Elsa Jacquemot
20250828,Hard,Ann Li,Belinda Bencic
20250828,Hard,Aryna Sabalenka,Polina Kudermetova
20250828,Hard,Maria Sakkari,Anna Bondar
20250828,Hard,Anna Kalinskaya,Yulia Putintseva
20250828,Hard,Ekaterina Alexandrova,Wang Xinyu
20250828,Hard,Linda Noskova,Eva Lys
20250828,Hard,Beatriz Haddad Maia,Viktorija Golubic
20250828,Hard,Iga Swiatek,Suzan Lamens
20250828,Hard,Marta Kostyuk,Zeynep Sonmez
20250828,Hard,Magdalena Frech,Peyton Stearns
20250828,Hard,Naomi Osaka,Hailey Baptiste
20250828,Hard,Laura Siegemund,Anastasia Zakharova
20250828,Hard,Karolina Muchova,Sorana Cirstea
20250828,Hard,Diane Parry,Renata Zarazua
20250828,Hard,Jaqueline Cristian,Ashlyn Krueger
20250828,Hard,Daria Kasatkina,Kamilla Rakhimova
20250828,Hard,Coco Gauff,Donna Vekic
20250829,Hard,Amanda Anisimova,Maya Joint
20250829,Hard,Elena Rybakina,Emma Raducanu
20250829,Hard,Marketa Vondrousova,Jasmine Paolini
20250829,Hard,Jessica Pegula,Victoria Azarenka
20250829,Hard,Cristina Bucsa,Elise Mertens
20250829,Hard,Ann Li,Priscilla Hon
20250829,Hard,Barbora Krejcikova,Emma Navarro
20250829,Hard,Aryna Sabalenka,Leylah Fernandez
20250830,Hard,Taylor Townsend,Mirra Andreeva
20250830,Hard,Karolina Muchova,Linda Noskova
20250830,Hard,Coco Gauff,Magdalena Frech
20250830,Hard,Marta Kostyuk,Diane Parry
20250830,Hard,Naomi Osaka,Daria Kasatkina
20250830,Hard,Ekaterina Alexandrova,Laura Siegemund
20250830,Hard,Amanda Anisimova,Jaqueline Cristian
20250830,Hard,Iga Swiatek,Anna Kalinskaya
20250831,Hard,Beatriz Haddad Maia,Maria Sakkari
20250831,Hard,Jessica Pegula,Ann Li
20250831,Hard,Barbora Krejcikova,Taylor Townsend
20250901,Hard,Aryna Sabalenka,Cristina Bucsa
20250901,Hard,Marketa Vondrousova,Elena Rybakina
20250901,Hard,Iga Swiatek,Ekaterina Alexandrova
20250901,Hard,Karolina Muchova,Marta Kostyuk
20250901,Hard,Naomi Osaka,Coco Gauff
20250902,Hard,Amanda Anisimova,Beatriz Haddad Maia
20250902,Hard,Jessica Pegula,Barbora Krejcikova
20250902,Hard,Aryna Sabalenka,Marketa Vondrousova
20250903,Hard,Amanda Anisimova,Iga Swiatek
20250903,Hard,Naomi Osaka,Karolina Muchova
20250904,Hard,Aryna Sabalenka,Jessica Pegula
20250905,Hard,Amanda Anisimova,Naomi Osaka
20250906,Hard,Aryna Sabalenka,Amanda Anisimova
20250831,Hard,Wang Meiling,Viktoria Morvayova
20250831,Hard,Jessica Pieri,Su-Jeong Jang
20250831,Hard,Li Zongyu,Liu Fangzhou
20250831,Hard,Guo Meiqi,Feng Shuo
20250831,Hard,Sohyun Park,Rinko Matsuda
20250831,Hard,Diletta Cherubini,Chengyiyi Yuan
20250831,Hard,Daria Kudashova,Wang Jiaqi
20250831,Hard,Ekaterina Reyngold,Eudice Wong Chong
20250901,Hard,Ekaterina Reyngold,Diletta Cherubini
20250901,Hard,Jessica Pieri,Li Zongyu
20250901,Hard,Guo Meiqi,Wang Meiling
20250901,Hard,Ma YeXin,En-Shuo Liang
20250901,Hard,Maria Timofeeva,Shi Han
20250901,Hard,Daria Kudashova,Sohyun Park
20250901,Hard,Alina Charaeva,Zhang Ying
20250901,Hard,Gao Xinyu,Anna-Lena Friedsam
20250901,Hard,Sara Saito,Raluka Serban
20250902,Hard,Ekaterina Reyngold,Mai Hontama
20250902,Hard,Carol Zhao,Zarina Diyas
20250902,Hard,Chloe Paquet,Daria Kudashova
20250902,Hard,Zhibek Kulambayeva,Wei Sijia
20250902,Hard,Veronika Erjavec,Carole Monnet
20250902,Hard,Jessica Pieri,Hanna Chang
20250902,Hard,You Xiaodi,Zheng Wushuang
20250902,Hard,Lanlana Tararudee,Guo Meiqi
20250902,Hard,Joanna Garland,Anastasia Gasanova
20250902,Hard,Yang Yidi,Ren Yufei
20250902,Hard,Maria Lourdes Carle,Yao Xinxin
20250903,Hard,Lanlana Tararudee,Jessica Pieri
20250903,Hard,Gao Xinyu,Chloe Paquet
20250903,Hard,Maria Timofeeva,You Xiaodi
20250903,Hard,Ekaterina Reyngold,Carol Zhao
20250903,Hard,Alina Charaeva,Zhibek Kulambayeva
20250903,Hard,Joanna Garland,Sara Saito
20250903,Hard,Maria Lourdes Carle,Yang Yidi
20250903,Hard,Veronika Erjavec,Ma YeXin
20250904,Hard,Alina Charaeva,Gao Xinyu
20250904,Hard,Maria Timofeeva,Maria Lourdes Carle
20250904,Hard,Veronika Erjavec,Lanlana Tararudee
20250904,Hard,Ekaterina Reyngold,Joanna Garland
20250905,Hard,Veronika Erjavec,Ekaterina Reyngold
20250905,Hard,Maria Timofeeva,Alina Charaeva
20250906,Hard,Veronika Erjavec,Maria Timofeeva
20250831,Hard,Dalila Spiteri,Jessica Bertoldo
20250831,Hard,Alina Granwehr,Elena Malygina
20250831,Hard,Anouck Vrancken Peeters,Marie Mettraux
20250831,Hard,Caroline Werner,Renata Jamrichova
20250901,Hard,Teodora Kostovic,Alina Granwehr
20250901,Hard,Sada Nahimana,Anouck Vrancken Peeters
20250901,Hard,Aliona Bolsova,Dalila Spiteri
20250901,Hard,Dominika Salkova,Sara Bejlek
20250901,Hard,Julia Grabher,Hanne Vandewinkel
20250901,Hard,Kaja Juvan,Kathinka von Deichmann
20250902,Hard,Tamara Korpatsch,Susan Bandecchi
20250902,Hard,Darja Semenistaja,Mona Barthel
20250902,Hard,Arantxa Rus,Dalila Spiteri
20250902,Hard,Darya Astakhova,Nuria Brancaccio
20250902,Hard,Carson Branstine,Anouk Koevermans
20250902,Hard,Teodora Kostovic,Guiomar Maristany Zuleta De Reales
20250902,Hard,Anca Todoni,Sada Nahimana
20250902,Hard,Tara Wuerth,Lola Radivojevic
20250902,Hard,Oleksandra Oliynykova,Mayar Sherif
20250902,Hard,Andrea Lazaro Garcia,Aliona Bolsova
20250902,Hard,Simona Waltert,Valentina Ryser
20250902,Hard,Oksana Selekhmeteva,Caroline Werner
20250902,Hard,Maja Chwalinska,Jil Teichmann
20250903,Hard,Darja Semenistaja,Kaja Juvan
20250903,Hard,Andrea Lazaro Garcia,Dominika Salkova
20250903,Hard,Oleksandra Oliynykova,Teodora Kostovic
20250903,Hard,Julia Grabher,Tara Wuerth
20250904,Hard,Anca Todoni,Darya Astakhova
20250904,Hard,Maja Chwalinska,Oksana Selekhmeteva
20250904,Hard,Simona Waltert,Carson Branstine
20250904,Hard,Arantxa Rus,Tamara Korpatsch
20250905,Hard,Darja Semenistaja,Anca Todoni
20250905,Hard,Oleksandra Oliynykova,Simona Waltert
20250905,Hard,Maja Chwalinska,Arantxa Rus
20250905,Hard,Andrea Lazaro Garcia,Julia Grabher
20250906,Hard,Darja Semenistaja,Oleksandra Oliynykova
20250906,Hard,Maja Chwalinska,Andrea Lazaro Garcia
20250907,Hard,Maja Chwalinska,Darja Semenistaja
20250831,Hard,Mariia Kozyreva,Natalia Sousa Salazar
20250831,Hard,Varvara Lepchenko,Jessica Hinojosa Gomez
20250831,Hard,Victoria Rodriguez,Lya Isabel Fernandez Olivares
20250831,Hard,Anastasia Kulikova,Tang Qianhui
20250901,Hard,Nikola Bartunkova,Alisa Oktiabreva
20250901,Hard,Katarzyna Kawa,Amandine Hesse
20250901,Hard,Martina Trevisan,Olivia Gadecki
20250901,Hard,Panna Udvardy,Jessica Hinojosa Gomez
20250901,Hard,Laura Pigossi,Iryna Shymanovich
20250901,Hard,Kayla Day,Emina Bektas
20250901,Hard,Ana Sofia Sanchez,Rebecca Marino
20250901,Hard,Mariia Kozyreva,Anastasia Kulikova
20250902,Hard,Nicole Fossa Huergo,Natalia Sousa Salazar
20250902,Hard,Emiliana Arango,Lucrezia Stefanini
20250902,Hard,Alana Smith,Anna Rogers
20250902,Hard,Victoria Jimenez Kasintseva,Kamilla Rakhimova
20250902,Hard,Varvara Lepchenko,Maddison Inglis
20250902,Hard,Francesca Jones,Victoria Rodriguez
20250902,Hard,Elena Pridankina,Marina Stakusic
20250902,Hard,Alexandra Eala,Arianne Hartono
20250903,Hard,Nicole Fossa Huergo,Katarzyna Kawa
20250903,Hard,Francesca Jones,Laura Pigossi
20250903,Hard,Alana Smith,Victoria Jimenez Kasintseva
20250903,Hard,Mariia Kozyreva,Martina Trevisan
20250903,Hard,Emiliana Arango,Elena Pridankina
20250903,Hard,Panna Udvardy,Nikola Bartunkova
20250903,Hard,Kayla Day,Ana Sofia Sanchez
20250904,Hard,Panna Udvardy,Francesca Jones
20250904,Hard,Mariia Kozyreva,Alana Smith
20250904,Hard,Alexandra Eala,Varvara Lepchenko
20250904,Hard,Kayla Day,Emiliana Arango
20250904,Hard,Alexandra Eala,Nicole Fossa Huergo
20250905,Hard,Panna Udvardy,Mariia Kozyreva
20250905,Hard,Alexandra Eala,Kayla Day
20250906,Hard,Alexandra Eala,Panna Udvardy
20250906,Hard,Victoria Jimenez Kasintseva,Maria Fernanda Navarro Oliva
20250906,Hard,Elena Pridankina,Abril Cardenas Olivares
20250906,Hard,Cadence Brace,Martyna Kubka
20250906,Hard,Alana Smith,Varvara Lepchenko
20250906,Hard,Anastasia Kulikova,Hina Inoue
20250906,Hard,Lucrezia Stefanini,Sachia Vickery
20250906,Hard,Darja Vidmanova,Emina Bektas
20250906,Hard,Ena Shibahara,Natalia Sousa Salazar
20250906,Hard,Iryna Shymanovich,Nicole Melichar-Martinez
20250906,Hard,Maddison Inglis,Vivian Wolff
20250906,Hard,Nicole Fossa Huergo,Marianne Ángel Gonzalez
20250907,Hard,Victoria Jimenez Kasintseva,Cadence Brace
20250907,Hard,Elena Pridankina,Alana Smith
20250907,Hard,Marina Stakusic,Amandine Hesse
20250907,Hard,Lucrezia Stefanini,Anastasia Kulikova
20250907,Hard,Darja Vidmanova,Ena Shibahara
20250907,Hard,Marina Stakusic,Iryna Shymanovich
20250907,Hard,Nicole Fossa Huergo,Maddison Inglis
20250908,Hard,Darja Vidmanova,Alycia Parks
20250908,Hard,Nikola Bartunkova,Nicole Fossa Huergo
20250908,Hard,Iva Jovic,Katarzyna Kawa
20250908,Hard,Victoria Jimenez Kasintseva,Elena Pridankina
20250909,Hard,Marina Stakusic,Polina Kudermetova
20250909,Hard,Tatjana Maria,Zeynep Sonmez
20250909,Hard,Elsa Jacquemot,Maria Sakkari
20250909,Hard,Rebecca Marino,Martina Trevisan
20250909,Hard,Emiliana Arango,Magda Linette
20250910,Hard,Storm Hunter,Katerina Siniakova
20250910,Hard,Camila Osorio,Kamilla Rakhimova
20250910,Hard,Nikola Bartunkova,Darja Vidmanova
20250910,Hard,Lucrezia Stefanini,Sloane Stephens
20250910,Hard,Tatjana Maria,Rebecca Marino
20250911,Hard,Emiliana Arango,Storm Hunter
20250911,Hard,Victoria Jimenez Kasintseva,Veronika Kudermetova
20250911,Hard,Elsa Jacquemot,Elise Mertens
20250911,Hard,Iva Jovic,Camila Osorio
20250912,Hard,Magdalena Frech,Lucrezia Stefanini
20250912,Hard,Marina Stakusic,Jelena Ostapenko
20250912,Hard,Elsa Jacquemot,Tatjana Maria
20250912,Hard,Iva Jovic,Victoria Jimenez Kasintseva
20250913,Hard,Emiliana Arango,Marina Stakusic
20250913,Hard,Nikola Bartunkova,Magdalena Frech
20250913,Hard,Emiliana Arango,Elsa Jacquemot
20250914,Hard,Iva Jovic,Nikola Bartunkova
20250914,Hard,Iva Jovic,Emiliana Arango
20250906,Hard,Yasmine Mansouri,Ana Luiza Cruz
20250906,Hard,Victoria Rodriguez,Haley Giavara
20250906,Hard,Victoria Hu,Emily Appleton
20250906,Hard,Martina Okalova,Martha Matoula
20250906,Hard,Thaisa Grana Pedretti,Victoria Bosio
20250906,Hard,Alicia Herrero Linana,Valentini Grammatikopoulou
20250906,Hard,Lian Tran,Noelia Zeballos
20250906,Hard,Miriana Tona,Pietra Rivoli
20250907,Hard,Victoria Rodriguez,Victoria Hu
20250907,Hard,Yasmine Mansouri,Thaisa Grana Pedretti
20250907,Hard,Miriana Tona,Lian Tran
20250907,Hard,Martina Okalova,Alicia Herrero Linana
20250908,Hard,Victoria Rodriguez,Ajla Tomljanovic
20250908,Hard,Solana Sierra,Arianne Hartono
20250908,Hard,Tiantsoa Rakotomanga Rajaonah,Ana Sofia Sanchez
20250908,Hard,Nauhany Vitoria Leme Da Silva,Carolina Alves
20250908,Hard,Martina Okalova,Arina Rodionova
20250908,Hard,Janice Tjen,Leolia Jeanjean
20250908,Hard,Julia Riera,Vitalia Diatchenko
20250908,Hard,Whitney Osuigwe,Victoria Luiza Barros
20250909,Hard,Francesca Jones,Lina Glushko
20250909,Hard,Renata Zarazua,Luiza Fullana
20250909,Hard,Panna Udvardy,Anna Rogers
20250909,Hard,Berfu Cengiz,Jazmin Ortenzi
20250909,Hard,Laura Pigossi,Elizabeth Mandlik
20250909,Hard,Ana Candiotto,Valeriya Strakhova
20250909,Hard,Alexandra Eala,Yasmine Mansouri
20250909,Hard,Beatriz Haddad Maia,Miriana Tona
20250910,Hard,Tiantsoa Rakotomanga Rajaonah,Victoria Rodriguez
20250910,Hard,Francesca Jones,Whitney Osuigwe
20250910,Hard,Janice Tjen,Martina Okalova
20250910,Hard,Solana Sierra,Nauhany Vitoria Leme Da Silva
20250910,Hard,Alexandra Eala,Julia Riera
20250911,Hard,Renata Zarazua,Berfu Cengiz
20250911,Hard,Panna Udvardy,Ana Candiotto
20250911,Hard,Beatriz Haddad Maia,Laura Pigossi
20250912,Hard,Janice Tjen,Alexandra Eala
20250912,Hard,Francesca Jones,Solana Sierra
20250912,Hard,Renata Zarazua,Beatriz Haddad Maia
20250912,Hard,Tiantsoa Rakotomanga Rajaonah,Panna Udvardy
20250913,Hard,Janice Tjen,Francesca Jones
20250913,Hard,Tiantsoa Rakotomanga Rajaonah,Renata Zarazua
20250914,Hard,Tiantsoa Rakotomanga Rajaonah,Janice Tjen
20250906,Hard,Nahia Berecoechea,Tatiana Pieri
20250906,Hard,Tina Nadine Smith,Olga Bienzobas Fernandez
20250906,Hard,Carson Branstine,Noma Noha Akugue
20250906,Hard,Francesca Curmi,Enola Chiesa
20250906,Hard,Ekaterina Kazionova,Gabriela Lee
20250906,Hard,Tamara Korpatsch,Emily Seibold
20250906,Hard,Dalila Spiteri,Naoko Eto
20250906,Hard,Anastasia Tikhonova,Ellie Schoppe
20250907,Hard,Nahia Berecoechea,Ekaterina Kazionova
20250907,Hard,Carson Branstine,Francesca Curmi
20250907,Hard,Tamara Korpatsch,Tina Nadine Smith
20250907,Hard,Dalila Spiteri,Anastasia Tikhonova
20250909,Hard,Arantxa Rus,Eva Vedder
20250909,Hard,Aliona Bolsova,Elvina Kalieva
20250909,Hard,Irene Burillo,Celine Naef
20250909,Hard,Darja Semenistaja,Guiomar Maristany Zuleta De Reales
20250909,Hard,Anouk Koevermans,Tina Nadine Smith
20250909,Hard,Lola Radivojevic,Caroline Werner
20250909,Hard,Anca Todoni,Dalila Spiteri
20250909,Hard,Sara Bejlek,Nastasja Schunk
20250909,Hard,Ane Mintegi Del Olmo,Kathinka von Deichmann
20250909,Hard,Julia Grabher,Lucia Cortez Llorca
20250909,Hard,Mayar Sherif,Nahia Berecoechea
20250909,Hard,Oksana Selekhmeteva,Tara Wuerth
20250909,Hard,Tamara Korpatsch,Alize Cornet
20250909,Hard,Carson Branstine,Marina Bassols Ribera
20250910,Hard,Leyre Romero Gormaz,Charo Esquiva Banuls
20250910,Hard,Angela Fita Boluda,Carlota Martinez Cirez
20250910,Hard,Lola Radivojevic,Anca Todoni
20250911,Hard,Darja Semenistaja,Irene Burillo
20250911,Hard,Carson Branstine,Julia Grabher
20250911,Hard,Tamara Korpatsch,Mayar Sherif
20250911,Hard,Angela Fita Boluda,Leyre Romero Gormaz
20250911,Hard,Anouk Koevermans,Sara Bejlek
20250911,Hard,Arantxa Rus,Aliona Bolsova
20250911,Hard,Oksana Selekhmeteva,Ane Mintegi Del Olmo
20250911,Hard,Darja Semenistaja,Carson Branstine
20250911,Hard,Anouk Koevermans,Angela Fita Boluda
20250911,Hard,Tamara Korpatsch,Arantxa Rus
20250911,Hard,Oksana Selekhmeteva,Lola Radivojevic
20250912,Hard,Anouk Koevermans,Darja Semenistaja
20250912,Hard,Oksana Selekhmeteva,Tamara Korpatsch
20250913,Hard,Oksana Selekhmeteva,Anouk Koevermans
20250907,Hard,Hanna Chang,Guo Meiqi
20250907,Hard,Su-Jeong Jang,Momoko Kobori
20250907,Hard,Ekaterina Reyngold,Li Zongyu
20250907,Hard,Daria Kudashova,Chengyiyi Yuan
20250907,Hard,Diletta Cherubini,Yuki Naito
20250907,Hard,Zhibek Kulambayeva,Guyu Xu
20250907,Hard,Jessica Pieri,Eudice Wong Chong
20250907,Hard,En-Shuo Liang,Riya Bhatia
20250908,Hard,Hanna Chang,Ekaterina Reyngold
20250908,Hard,Zhibek Kulambayeva,Su-Jeong Jang
20250908,Hard,Carole Monnet,Zarina Diyas
20250908,Hard,Jessica Pieri,Daria Kudashova
20250908,Hard,Diletta Cherubini,En-Shuo Liang
20250908,Hard,Lanlana Tararudee,Lu Jia-Jing
20250908,Hard,Mai Hontama,Wang Meiling
20250908,Hard,Anastasia Gasanova,You Xiaodi
20250908,Hard,Wei Sijia,Carol Zhao
20250908,Hard,Kyoka Okamura,Ayano Shimizu
20250908,Hard,Anna-Lena Friedsam,Ma YeXin
20250909,Hard,Chloe Paquet,Sara Saito
20250909,Hard,Maria Timofeeva,Sohyun Park
20250909,Hard,Maria Lourdes Carle,Yang Yidi
20250909,Hard,Yao Xinxin,Shi Han
20250909,Hard,Veronika Erjavec,Hanna Chang
20250909,Hard,Jessica Pieri,Zheng Wushuang
20250909,Hard,Diletta Cherubini,Raluka Serban
20250909,Hard,Alina Charaeva,En-Shuo Liang
20250909,Hard,Joanna Garland,Zhibek Kulambayeva
20250910,Hard,Mai Hontama,Yao Xinxin
20250910,Hard,Anna-Lena Friedsam,Maria Timofeeva
20250910,Hard,Kyoka Okamura,Wei Sijia
20250910,Hard,Anastasia Gasanova,Lanlana Tararudee
20250911,Hard,Jessica Pieri,Maria Lourdes Carle
20250911,Hard,Alina Charaeva,Diletta Cherubini
20250911,Hard,Veronika Erjavec,Chloe Paquet
20250911,Hard,Carole Monnet,Joanna Garland
20250912,Hard,Anastasia Gasanova,Jessica Pieri
20250912,Hard,Veronika Erjavec,Kyoka Okamura
20250912,Hard,Carole Monnet,Anna-Lena Friedsam
20250912,Hard,Alina Charaeva,Mai Hontama
20250913,Hard,Veronika Erjavec,Anastasia Gasanova
20250913,Hard,Alina Charaeva,Carole Monnet
20250914,Hard,Veronika Erjavec,Alina Charaeva
20250908,Hard,Teodora Kostovic,Alja Senica
20250908,Hard,Lucija Ciric Bagaric,Lisa Zaar
20250908,Hard,Ipek Oz,Nala Kovacic
20250908,Hard,Giorgia Pedone,Barbora Palicova
20250908,Hard,Kaja Juvan,Valentina Ryser
20250908,Hard,Aneta Kucmova,Silvia Ambrosio
20250908,Hard,Anastasiia Sobolieva,Kristina Novak
20250908,Hard,Amarissa Toth,Lea Boskovic
20250908,Hard,Renata Jamrichova,Pia Lovric
20250909,Hard,Dominika Salkova,Nika Radisic
20250909,Hard,Teodora Kostovic,Selena Janicijevic
20250909,Hard,Sinja Kraus,Silvia Ambrosio
20250909,Hard,Oleksandra Oliynykova,Tamara Zidansek
20250909,Hard,Hanne Vandewinkel,Aneta Kucmova
20250909,Hard,Jule Niemeier,Lucija Ciric Bagaric
20250909,Hard,Simona Waltert,Darya Astakhova
20250909,Hard,Nuria Brancaccio,Ekaterine Gorgodze
20250909,Hard,Dalila Jakupovic,Aurora Zantedeschi
20250909,Hard,Maja Chwalinska,Leonie Kung
20250909,Hard,Mona Barthel,Ipek Oz
20250911,Hard,Maja Chwalinska,Dalila Jakupovic
20250911,Hard,Hanne Vandewinkel,Anastasiia Sobolieva
20250911,Hard,Amarissa Toth,Sinja Kraus
20250911,Hard,Simona Waltert,Jule Niemeier
20250911,Hard,Renata Jamrichova,Dominika Salkova
20250911,Hard,Kaja Juvan,Giorgia Pedone
20250911,Hard,Mona Barthel,Nuria Brancaccio
20250911,Hard,Oleksandra Oliynykova,Teodora Kostovic
20250912,Hard,Renata Jamrichova,Hanne Vandewinkel
20250912,Hard,Simona Waltert,Maja Chwalinska
20250912,Hard,Kaja Juvan,Amarissa Toth
20250912,Hard,Mona Barthel,Oleksandra Oliynykova
20250913,Hard,Simona Waltert,Renata Jamrichova
20250913,Hard,Kaja Juvan,Mona Barthel
20250914,Hard,Kaja Juvan,Simona Waltert
20250913,Hard,Katie Volynets,Hanna Chang
20250913,Hard,Catherine McNally,Wang Yafan
20250913,Hard,Tatiana Prozorova,Varvara Gracheva
20250913,Hard,Talia Gibson,Su-Jeong Jang
20250913,Hard,En-Shuo Liang,Eunhye Lee
20250913,Hard,Katerina Siniakova,Astra Sharma
20250913,Hard,Chloe Paquet,Alycia Parks
20250913,Hard,Jessika Ponchet,Maria Lourdes Carle
20250913,Hard,Linda Fruhvirtova,Boyoung Jeong
20250913,Hard,Anastasia Zakharova,Gaeul Jang
20250913,Hard,Ella Seidel,Mai Hontama
20250913,Hard,Kyoka Okamura,Anna Blinkova
20250914,Hard,Tatiana Prozorova,Katie Volynets
20250914,Hard,Katerina Siniakova,Talia Gibson
20250914,Hard,Catherine McNally,En-Shuo Liang
20250914,Hard,Linda Fruhvirtova,Chloe Paquet
20250914,Hard,Jessika Ponchet,Kyoka Okamura
20250914,Hard,Ella Seidel,Anastasia Zakharova
20250915,Hard,Maya Joint,Linda Fruhvirtova
20250915,Hard,Eva Lys,Ashlyn Krueger
20250915,Hard,Katerina Siniakova,Sohyun Park
20250915,Hard,Ella Seidel,Jessika Ponchet
20250915,Hard,Sofia Kenin,Laura Siegemund
20250915,Hard,Lois Boisson,Yeonwoo Ku
20250916,Hard,Barbora Krejcikova,Tatiana Prozorova
20250917,Hard,Sorana Cirstea,Anastasia Zakharova
20250917,Hard,Diana Shnaider,Catherine McNally
20250917,Hard,Suzan Lamens,Tatjana Maria
20250917,Hard,Beatriz Haddad Maia,Dayeon Back
20250917,Hard,Emma Raducanu,Jaqueline Cristian
20250917,Hard,Clara Tauson,Eva Lys
20250917,Hard,Maya Joint,Sofia Kenin
20250918,Hard,Suzan Lamens,Diana Shnaider
20250918,Hard,Ekaterina Alexandrova,Lois Boisson
20250918,Hard,Ella Seidel,Beatriz Haddad Maia
20250918,Hard,Iga Swiatek,Sorana Cirstea
20250918,Hard,Katerina Siniakova,Daria Kasatkina
20250918,Hard,Barbora Krejcikova,Emma Raducanu
20250920,Hard,Iga Swiatek,Barbora Krejcikova
20250920,Hard,Maya Joint,Clara Tauson
20250920,Hard,Katerina Siniakova,Suzan Lamens
20250920,Hard,Ekaterina Alexandrova,Ella Seidel
20250920,Hard,Iga Swiatek,Maya Joint
20250920,Hard,Ekaterina Alexandrova,Katerina Siniakova
20250921,Hard,Iga Swiatek,Ekaterina Alexandrova
20250914,Hard,Noma Noha Akugue,Aneta Kucmova
20250914,Hard,Tatiana Pieri,Beatrice Ricci
20250914,Hard,Federica Urgesi,Ipek Oz
20250914,Hard,Verena Meliss,Dalila Spiteri
20250914,Hard,Francesca Curmi,Angelica Raggi
20250914,Hard,Cristina Diaz Adrover,Amina Anshba
20250915,Hard,Tatiana Pieri,Aurora Zantedeschi
20250915,Hard,Francesca Curmi,Verena Meliss
20250915,Hard,Tina Nadine Smith,Noma Noha Akugue
20250915,Hard,Lola Radivojevic,Caroline Werner
20250915,Hard,Alice Rame,Noemi Basiletti
20250915,Hard,Federica Urgesi,Cristina Diaz Adrover
20250915,Hard,Tamara Zidansek,Jennifer Ruggeri
20250915,Hard,Barbora Palicova,Sofia Rocchetti
20250915,Hard,Silvia Ambrosio,Dominika Salkova
20250915,Hard,Nuria Brancaccio,Sara Bejlek
20250916,Hard,Arantxa Rus,Tara Wuerth
20250916,Hard,Tatiana Pieri,Francesca Curmi
20250916,Hard,Aurora Zantedeschi,Samira De Stefano
20250916,Hard,Mayar Sherif,Celine Naef
20250916,Hard,Ekaterine Gorgodze,Hanne Vandewinkel
20250916,Hard,Oleksandra Oliynykova,Federica Urgesi
20250916,Hard,Anouk Koevermans,Kaja Juvan
20250916,Hard,Ylena In-Albon,Noma Noha Akugue
20250916,Hard,Darja Semenistaja,Tina Nadine Smith
20250916,Hard,Sinja Kraus,Martina Trevisan
20250917,Hard,Silvia Ambrosio,Barbora Palicova
20250917,Hard,Alice Rame,Anouk Koevermans
20250917,Hard,Tamara Zidansek,Ylena In-Albon
20250917,Hard,Nuria Brancaccio,Aurora Zantedeschi
20250918,Hard,Arantxa Rus,Tatiana Pieri
20250918,Hard,Oleksandra Oliynykova,Darja Semenistaja
20250918,Hard,Ekaterine Gorgodze,Mayar Sherif
20250918,Hard,Lola Radivojevic,Sinja Kraus
20250919,Hard,Oleksandra Oliynykova,Tamara Zidansek
20250919,Hard,Silvia Ambrosio,Alice Rame
20250919,Hard,Nuria Brancaccio,Lola Radivojevic
20250919,Hard,Arantxa Rus,Ekaterine Gorgodze
20250920,Hard,Oleksandra Oliynykova,Silvia Ambrosio
20250920,Hard,Nuria Brancaccio,Arantxa Rus
20250921,Hard,Oleksandra Oliynykova,Nuria Brancaccio
20250914,Hard,Ayla Aksu,Diana Martynov
20250914,Hard,Ekaterina Ovcharenko,Alice Robbe
20250914,Hard,Eva Guerrero Alvarez,Yana Morderger
20250914,Hard,Ashley Lahey,Anouck Vrancken Peeters
20250914,Hard,Urszula Radwanska,Sara Lanca
20250915,Hard,Anastasia Tikhonova,Tayisiya Morderger
20250915,Hard,Ayla Aksu,Ekaterina Ovcharenko
20250915,Hard,Eva Guerrero Alvarez,Ashley Lahey
20250915,Hard,Daria Snigur,Julie Belgraver
20250915,Hard,Tamara Korpatsch,Ana Filipa Santos
20250915,Hard,Carol Young Suh Lee,Vitalia Diatchenko
20250915,Hard,Eva Vedder,Katherine Sebov
20250915,Hard,Polina Iatcenko,Matilde Jorge
20250915,Hard,Karolina Pliskova,Tessah Andrianjafitrimo
20250916,Hard,Ayla Aksu,Kayla Cross
20250916,Hard,Harriet Dart,Urszula Radwanska
20250916,Hard,Kristina Dmitruk,Lina Glushko
20250916,Hard,Elvina Kalieva,Mariia Nozdrachova
20250916,Hard,Kaitlin Quevedo,Amandine Hesse
20250916,Hard,Gabriela Knutson,Eva Guerrero Alvarez
20250916,Hard,Renata Jamrichova,Alina Korneeva
20250916,Hard,Tiantsoa Rakotomanga Rajaonah,Valentina Ryser
20250916,Hard,Petra Marcinko,Anastasia Tikhonova
20250916,Hard,Harmony Tan,Ines Murta
20250917,Hard,Carol Young Suh Lee,Tiantsoa Rakotomanga Rajaonah
20250917,Hard,Gabriela Knutson,Eva Vedder
20250917,Hard,Daria Snigur,Kristina Dmitruk
20250917,Hard,Tamara Korpatsch,Elvina Kalieva
20250917,Hard,Polina Iatcenko,Karolina Pliskova
20250918,Hard,Renata Jamrichova,Harriet Dart
20250918,Hard,Petra Marcinko,Harmony Tan
20250918,Hard,Kaitlin Quevedo,Ayla Aksu
20250919,Hard,Polina Iatcenko,Renata Jamrichova
20250919,Hard,Carol Young Suh Lee,Tamara Korpatsch
20250919,Hard,Kaitlin Quevedo,Petra Marcinko
20250919,Hard,Gabriela Knutson,Daria Snigur
20250920,Hard,Polina Iatcenko,Kaitlin Quevedo
20250920,Hard,Gabriela Knutson,Carol Young Suh Lee
20250921,Hard,Polina Iatcenko,Gabriela Knutson
20250920,Hard,Guo Meiqi,Katarina Zavatska
20250920,Hard,Zhang Ying,Wang Jiaqi
20250920,Hard,Ekaterina Reyngold,Valeria Savinykh
20250920,Hard,Lu Jing-Jing,Diletta Cherubini
20250920,Hard,Lea Ma,Xun Fang Ying
20250920,Hard,Tian Fangran,Lian Tran
20250921,Hard,Ekaterina Reyngold,Ye Qiu Yu
20250921,Hard,Riya Bhatia,Lu Jing-Jing
20250921,Hard,Lea Ma,Zhang Ying
20250921,Hard,Tian Fangran,Guo Meiqi
20250922,Hard,Ru Xi Wu,Wang Yuhan
20250922,Hard,Elena Pridankina,Mai Hontama
20250922,Hard,En-Shuo Liang,Carole Monnet
20250922,Hard,Kyoka Okamura,Zheng Wushuang
20250922,Hard,Hina Inoue,Yang Yidi
20250922,Hard,Lea Ma,Arianne Hartono
20250922,Hard,Talia Gibson,Wang Meiling
20250923,Hard,Lu Jia-Jing,Ekaterina Reyngold
20250923,Hard,Ma YeXin,Jodie Burrage
20250923,Hard,Rina Saigo,Tian Fangran
20250923,Hard,You Xiaodi,Jessica Pieri
20250923,Hard,Alexandra Eala,Aliona Falei
20250923,Hard,Mei Yamaguchi,Hong Yi Cody Wong
20250923,Hard,Anastasia Kulikova,Karman Thandi
20250923,Hard,Lulu Sun,Tyra Caterina Grant
20250923,Hard,Riya Bhatia,Gao Xinyu
20250924,Hard,Rina Saigo,Lea Ma
20250924,Hard,En-Shuo Liang,Kyoka Okamura
20250924,Hard,Ma YeXin,Hina Inoue
20250924,Hard,Talia Gibson,Anastasia Kulikova
20250925,Hard,Lulu Sun,Ru Xi Wu
20250925,Hard,Elena Pridankina,You Xiaodi
20250925,Hard,Alexandra Eala,Mei Yamaguchi
20250925,Hard,Lu Jia-Jing,Riya Bhatia
20250926,Hard,Lulu Sun,Elena Pridankina
20250926,Hard,Alexandra Eala,Lu Jia-Jing
20250926,Hard,Ma YeXin,Rina Saigo
20250926,Hard,Talia Gibson,En-Shuo Liang
20250927,Hard,Ma YeXin,Talia Gibson
20250927,Hard,Lulu Sun,Alexandra Eala
20250928,Hard,Lulu Sun,Ma YeXin
20250922,Hard,Aliaksandra Sasnovich,Tatiana Prozorova
20250922,Hard,Anastasia Zakharova,Arina Rodionova
20250922,Hard,Greet Minnen,Maria Timofeeva
20250922,Hard,Lanlana Tararudee,Varvara Gracheva
20250922,Hard,Katie Volynets,Astra Sharma
20250922,Hard,Elsa Jacquemot,Destanee Aiava
20250922,Hard,Victoria Jimenez Kasintseva,Li Zongyu
20250922,Hard,Katarzyna Kawa,Storm Hunter
20250922,Hard,Viktoriya Tomova,Whitney Osuigwe
20250922,Hard,Maria Lourdes Carle,Ren Yufei
20250922,Hard,Cristina Bucsa,Clervie Ngounoue
20250922,Hard,Varvara Lepchenko,Leolia Jeanjean
20250922,Hard,Janice Tjen,Lucrezia Stefanini
20250922,Hard,Dalma Galfi,Linda Fruhvirtova
20250922,Hard,Ella Seidel,Jessika Ponchet
20250922,Hard,Emiliana Arango,Shao Yushan
20250922,Hard,Maddison Inglis,Veronika Erjavec
20250922,Hard,Rebeka Masarova,Zarina Diyas
20250922,Hard,Priscilla Hon,Ena Shibahara
20250922,Hard,Elisabetta Cocciaretto,Chloe Paquet
20250922,Hard,Joanna Garland,Yao Xinxin
20250922,Hard,Moyuka Uchijima,Jiang Xinyu
20250922,Hard,Diane Parry,Darya Astakhova
20250922,Hard,Anna Bondar,Chenting Zhu
20250923,Hard,Katie Volynets,Lanlana Tararudee
20250923,Hard,Anastasia Zakharova,Greet Minnen
20250923,Hard,Cristina Bucsa,Maria Lourdes Carle
20250923,Hard,Victoria Jimenez Kasintseva,Elsa Jacquemot
20250923,Hard,Dalma Galfi,Katarzyna Kawa
20250923,Hard,Ella Seidel,Emiliana Arango
20250923,Hard,Aliaksandra Sasnovich,Varvara Lepchenko
20250923,Hard,Priscilla Hon,Elisabetta Cocciaretto
20250923,Hard,Janice Tjen,Viktoriya Tomova
20250923,Hard,Moyuka Uchijima,Joanna Garland
20250923,Hard,Anna Bondar,Diane Parry
20250923,Hard,Maddison Inglis,Rebeka Masarova
20250924,Hard,McCartney Kessler,Shi Han
20250924,Hard,Anastasija Sevastova,Kimberly Birrell
20250924,Hard,Sorana Cirstea,Caroline Dolehide
20250924,Hard,Catherine McNally,Laura Siegemund
20250924,Hard,Maria Sakkari,Ashlyn Krueger
20250924,Hard,Kamilla Rakhimova,Lucia Bronzetti
20250924,Hard,Antonia Ruzic,Elsa Jacquemot
20250924,Hard,Eva Lys,Zhang Ruien
20250924,Hard,Priscilla Hon,Viktorija Golubic
20250924,Hard,Katie Boulter,Hailey Baptiste
20250924,Hard,Polina Kudermetova,Maddison Inglis
20250924,Hard,Barbora Krejcikova,Anna Blinkova
20250924,Hard,Katie Volynets,Peyton Stearns
20250924,Hard,Zhang Shuai,Anastasia Zakharova
20250924,Hard,Marie Bouzkova,Tatjana Maria
20250924,Hard,Anna Bondar,Bianca Andreescu
20250925,Hard,Zeynep Sonmez,Wei Sijia
20250925,Hard,Ajla Tomljanovic,Yuliia Starodubtseva
20250925,Hard,Camila Osorio,Ann Li
20250925,Hard,Wang Xiyu,Guo Hanyu
20250925,Hard,Elena-Gabriela Ruse,Rebecca Sramkova
20250925,Hard,Aliaksandra Sasnovich,Janice Tjen
20250925,Hard,Anastasia Potapova,Katerina Siniakova
20250925,Hard,Zhu Lin,Moyuka Uchijima
20250925,Hard,Ella Seidel,Magdalena Frech
20250925,Hard,Sonay Kartal,Alycia Parks
20250925,Hard,Cristina Bucsa,Donna Vekic
20250925,Hard,Maya Joint,Victoria Jimenez Kasintseva
20250925,Hard,Lois Boisson,Dalma Galfi
20250925,Hard,Jessica Bouzas Maneiro,Jaqueline Cristian
20250925,Hard,Emiliana Arango,Suzan Lamens
20250925,Hard,Yuan Yue,Yulia Putintseva
20250926,Hard,Leylah Fernandez,Maria Sakkari
20250926,Hard,Coco Gauff,Kamilla Rakhimova
20250926,Hard,Sofia Kenin,Polina Kudermetova
20250926,Hard,Eva Lys,Iva Jovic
20250926,Hard,Marie Bouzkova,Magda Linette
20250926,Hard,Elena Rybakina,Catherine McNally
20250926,Hard,Veronika Kudermetova,Anna Bondar
20250926,Hard,Paula Badosa,Antonia Ruzic
20250926,Hard,Jasmine Paolini,Anastasija Sevastova
20250926,Hard,McCartney Kessler,Elise Mertens
20250926,Hard,Barbora Krejcikova,Ekaterina Alexandrova
20250926,Hard,Amanda Anisimova,Katie Boulter
20250926,Hard,Priscilla Hon,Jelena Ostapenko
20250926,Hard,Zhang Shuai,Wang Xinyu
20250926,Hard,Karolina Muchova,Sorana Cirstea
20250926,Hard,Belinda Bencic,Katie Volynets
20250927,Hard,Anastasia Potapova,Victoria Mboko
20250927,Hard,Mirra Andreeva,Zhu Lin
20250927,Hard,Jessica Bouzas Maneiro,Dayana Yastremska
20250927,Hard,Camila Osorio,Anna Kalinskaya
20250927,Hard,Emma Navarro,Elena-Gabriela Ruse
20250927,Hard,Iga Swiatek,Yuan Yue
20250927,Hard,Lois Boisson,Liudmila Samsonova
20250927,Hard,Zeynep Sonmez,Clara Tauson
20250927,Hard,Maya Joint,Diana Shnaider
20250927,Hard,Marta Kostyuk,Ella Seidel
20250927,Hard,Jessica Pegula,Ajla Tomljanovic
20250927,Hard,Linda Noskova,Wang Xiyu
20250927,Hard,Aliaksandra Sasnovich,Naomi Osaka
20250927,Hard,Sonay Kartal,Daria Kasatkina
20250927,Hard,Zheng Qinwen,Emiliana Arango
20250927,Hard,Emma Raducanu,Cristina Bucsa
20250928,Hard,Eva Lys,Elena Rybakina
20250928,Hard,McCartney Kessler,Barbora Krejcikova
20250928,Hard,Coco Gauff,Leylah Fernandez
20250928,Hard,Marie Bouzkova,Veronika Kudermetova
20250928,Hard,Jasmine Paolini,Sofia Kenin
20250928,Hard,Belinda Bencic,Priscilla Hon
20250928,Hard,Karolina Muchova,Paula Badosa
20250928,Hard,Amanda Anisimova,Zhang Shuai
20250929,Hard,Mirra Andreeva,Jessica Bouzas Maneiro
20250929,Hard,Marta Kostyuk,Aliaksandra Sasnovich
20250929,Hard,Emma Navarro,Lois Boisson
20250929,Hard,Sonay Kartal,Maya Joint
20250929,Hard,Iga Swiatek,Camila Osorio
20250929,Hard,Anastasia Potapova,Zeynep Sonmez
20250929,Hard,Jessica Pegula,Emma Raducanu
20250929,Hard,Linda Noskova,Zheng Qinwen
20250930,Hard,Coco Gauff,Belinda Bencic
20250930,Hard,Eva Lys,McCartney Kessler
20250930,Hard,Amanda Anisimova,Karolina Muchova
20250930,Hard,Jasmine Paolini,Marie Bouzkova
20251001,Hard,Linda Noskova,Anastasia Potapova
20251001,Hard,Sonay Kartal,Mirra Andreeva
20251001,Hard,Emma Navarro,Iga Swiatek
20251001,Hard,Jessica Pegula,Marta Kostyuk
20251002,Hard,Coco Gauff,Eva Lys
20251002,Hard,Amanda Anisimova,Jasmine Paolini
20251003,Hard,Linda Noskova,Sonay Kartal
20251003,Hard,Jessica Pegula,Emma Navarro
20251004,Hard,Amanda Anisimova,Coco Gauff
20251004,Hard,Linda Noskova,Jessica Pegula
20251005,Hard,Amanda Anisimova,Linda Noskova
20250923,Hard,Arthur Rinderknech,Nishesh Basavareddy
20250923,Hard,Terence Atmane,Sun Fajing
20250923,Hard,David Goffin,Zhou Yi
20250923,Hard,Arthur Cazaux,Chak Lam Coleman Wong
20250923,Hard,Quentin Halys,Wang Aoran
20250923,Hard,Botic Van De Zandschulp,Christopher O'Connell
20250923,Hard,Jesper de Jong,Tristan Schoolkate
20250923,Hard,Adrian Mannarino,Andrea Vavassori
20250924,Hard,Terence Atmane,Botic Van De Zandschulp
20250924,Hard,David Goffin,Arthur Rinderknech
20250924,Hard,Adrian Mannarino,Jesper de Jong
20250924,Hard,Arthur Cazaux,Quentin Halys
20250925,Hard,Alexandre Muller,Karen Khachanov
20250925,Hard,Fabian Marozsan,Benjamin Bonzi
20250925,Hard,Terence Atmane,Zhang Zhizhen
20250925,Hard,Alejandro Davidovich Fokina,Camilo Ugo Carabelli
20250925,Hard,Jannik Sinner,Marin Cilic
20250926,Hard,Jakub Mensik,Miomir Kecmanovic
20250926,Hard,Flavio Cobolli,Andrey Rublev
20250926,Hard,Arthur Rinderknech,David Goffin
20250926,Hard,Alex de Minaur,Bu Yunchaokete
20250926,Hard,Arthur Cazaux,Shang Juncheng
20250926,Hard,Learner Tien,Francisco Cerundolo
20250926,Hard,Daniil Medvedev,Cameron Norrie
20250926,Hard,Adrian Mannarino,Alexander Bublik
20250926,Hard,Corentin Moutet,Tallon Griekspoor
20250926,Hard,Lorenzo Musetti,Giovanni Mpetshi Perricard
20250926,Hard,Alexander Zverev,Lorenzo Sonego
20250927,Hard,Fabian Marozsan,Alexandre Muller
20250927,Hard,Alex de Minaur,Arthur Rinderknech
20250927,Hard,Jannik Sinner,Terence Atmane
20250927,Hard,Jakub Mensik,Arthur Cazaux
20250928,Hard,Learner Tien,Flavio Cobolli
20250928,Hard,Lorenzo Musetti,Adrian Mannarino
20250928,Hard,Daniil Medvedev,Alejandro Davidovich Fokina
20250928,Hard,Alexander Zverev,Corentin Moutet
20250929,Hard,Alex de Minaur,Jakub Mensik
20250929,Hard,Jannik Sinner,Fabian Marozsan
20250929,Hard,Learner Tien,Lorenzo Musetti
20250929,Hard,Daniil Medvedev,Alexander Zverev
20250930,Hard,Jannik Sinner,Alex de Minaur
20250930,Hard,Learner Tien,Daniil Medvedev
20251001,Hard,Jannik Sinner,Learner Tien
20250927,Hard,Victoria Jimenez Kasintseva,Mai Hontama
20250927,Hard,Caroline Dolehide,Destanee Aiava
20250927,Hard,Arianne Hartono,Whitney Osuigwe
20250927,Hard,Varvara Lepchenko,Tatiana Prozorova
20250927,Hard,Linda Fruhvirtova,Clervie Ngounoue
20250927,Hard,Kyoka Okamura,Maddison Inglis
20250927,Hard,Janice Tjen,Qu Yihan
20250927,Hard,Joanna Garland,Zheng Wushuang
20250928,Hard,Caroline Dolehide,Arianne Hartono
20250928,Hard,Varvara Lepchenko,Victoria Jimenez Kasintseva
20250928,Hard,Janice Tjen,Kyoka Okamura
20250928,Hard,Linda Fruhvirtova,Joanna Garland
20250929,Hard,Greet Minnen,Shi Han
20250929,Hard,Tatjana Maria,Zheng Saisai
20250929,Hard,Leolia Jeanjean,Maddison Inglis
20250929,Hard,Yulia Putintseva,Diane Parry
20250930,Hard,Dalma Galfi,Yuliia Starodubtseva
20250930,Hard,Alexandra Eala,Katarzyna Kawa
20250930,Hard,Kyoka Okamura,Kimberly Birrell
20250930,Hard,Varvara Lepchenko,Janice Tjen
20250930,Hard,Viktorija Golubic,Rebeka Masarova
20250930,Hard,Linda Fruhvirtova,Anastasia Zakharova
20251001,Hard,Lulu Sun,Iva Jovic
20251001,Hard,Victoria Jimenez Kasintseva,Talia Gibson
20251001,Hard,Katie Volynets,Chenting Zhu
20251001,Hard,Joanna Garland,Lucia Bronzetti
20251001,Hard,Suzan Lamens,Yao Xinxin
20251001,Hard,Caroline Dolehide,Moyuka Uchijima
20251001,Hard,Viktorija Golubic,Linda Fruhvirtova
20251001,Hard,Tatjana Maria,Leolia Jeanjean
20251001,Hard,Alexandra Eala,Greet Minnen
20251001,Hard,Yulia Putintseva,Dalma Galfi
20251002,Hard,Victoria Jimenez Kasintseva,Lulu Sun
20251002,Hard,Kyoka Okamura,Varvara Lepchenko
20251002,Hard,Katie Volynets,Suzan Lamens
20251002,Hard,Caroline Dolehide,Joanna Garland
20251003,Hard,Viktorija Golubic,Alexandra Eala
20251003,Hard,Victoria Jimenez Kasintseva,Kyoka Okamura
20251003,Hard,Tatjana Maria,Yulia Putintseva
20251003,Hard,Katie Volynets,Caroline Dolehide
20251004,Hard,Viktorija Golubic,Tatjana Maria
20251004,Hard,Katie Volynets,Victoria Jimenez Kasintseva
20251005,Hard,Viktorija Golubic,Katie Volynets
20250928,Hard,Tina Nadine Smith,Amina Anshba
20250928,Hard,Sofia Rocchetti,Dalila Spiteri
20250928,Hard,Federica Urgesi,Martina Colmegna
20250928,Hard,Anastasia Abbagnato,Laura Hietaranta
20250928,Hard,Teodora Kostovic,Tayisiya Morderger
20250928,Hard,Deborah Chiesa,Ekaterina Kazionova
20250928,Hard,Tiphanie Lemaitre,Freya Christie
20250928,Hard,Leonie Kung,Yana Morderger
20250929,Hard,Anastasia Abbagnato,Sofia Rocchetti
20250929,Hard,Deborah Chiesa,Tina Nadine Smith
20250929,Hard,Teodora Kostovic,Federica Urgesi
20250929,Hard,Carson Branstine,Bernarda Pera
20250929,Hard,Tiphanie Lemaitre,Leonie Kung
20250929,Hard,Aurora Zantedeschi,Leyre Romero Gormaz
20250929,Hard,Mayar Sherif,Tatiana Pieri
20250929,Hard,Sara Bejlek,Ekaterine Gorgodze
20250929,Hard,Nuria Brancaccio,Barbora Palicova
20250930,Hard,Tamara Zidansek,Andrea Lazaro Garcia
20250930,Hard,Oksana Selekhmeteva,Oleksandra Oliynykova
20250930,Hard,Lola Radivojevic,Anouk Koevermans
20250930,Hard,Teodora Kostovic,Mona Barthel
20250930,Hard,Tiphanie Lemaitre,Leonie Kung
20250930,Hard,Anastasia Abbagnato,Nicole Fossa Huergo
20250930,Hard,Darja Semenistaja,Guiomar Maristany Zuleta De Reales
20250930,Hard,Aliona Bolsova,Martina Trevisan
20250930,Hard,Julia Grabher,Deborah Chiesa
20250930,Hard,Simona Waltert,Sinja Kraus
20250930,Hard,Maja Chwalinska,Silvia Ambrosio
20251001,Hard,Sara Bejlek,Aliona Bolsova
20251001,Hard,Anastasia Abbagnato,Aurora Zantedeschi
20251001,Hard,Tamara Zidansek,Mayar Sherif
20251001,Hard,Nuria Brancaccio,Carson Branstine
20251002,Hard,Simona Waltert,Tiphanie Lemaitre
20251002,Hard,Maja Chwalinska,Darja Semenistaja
20251002,Hard,Oksana Selekhmeteva,Teodora Kostovic
20251002,Hard,Lola Radivojevic,Julia Grabher
20251003,Hard,Tamara Zidansek,Anastasia Abbagnato
20251003,Hard,Maja Chwalinska,Oksana Selekhmeteva
20251003,Hard,Lola Radivojevic,Simona Waltert
20251003,Hard,Sara Bejlek,Nuria Brancaccio
20251004,Hard,Lola Radivojevic,Tamara Zidansek
20251004,Hard,Sara Bejlek,Maja Chwalinska
20251005,Hard,Sara Bejlek,Lola Radivojevic
20250928,Hard,Ekaterina Yashina,Ayse Saracoglu
20250928,Hard,Elina Nepliy,Maryna Kolb
20250928,Hard,Demi Tran,Urszula Radwanska
20250928,Hard,Isabella Shinikova,Nadiia Kolb
20250928,Hard,Ksenia Zaytseva,Mihaela Buzarnescu
20250928,Hard,Weronika Falkowska,Nika Radisic
20250928,Hard,Ekaterina Ovcharenko,Selina Atay
20250928,Hard,Carol Young Suh Lee,Emily Webley-Smith
20250929,Hard,Elina Nepliy,Ekaterina Yashina
20250929,Hard,Weronika Falkowska,Ekaterina Ovcharenko
20250929,Hard,Linda Klimovicova,Lucrezia Stefanini
20250929,Hard,Tiantsoa Rakotomanga Rajaonah,Harmony Tan
20250929,Hard,Isabella Shinikova,Ksenia Zaytseva
20250929,Hard,Carol Young Suh Lee,Demi Tran
20250929,Hard,Berfu Cengiz,Jana Fett
20250929,Hard,Darja Vidmanova,Anastasiia Sobolieva
20250929,Hard,Caroline Werner,Tessah Andrianjafitrimo
20250930,Hard,Amandine Hesse,Vitalia Diatchenko
20250930,Hard,Emily Appleton,Cagla Buyukakcay
20251001,Hard,Sofia Costoulas,Weronika Falkowska
20251001,Hard,Maria Timofeeva,Justina Mikulskyte
20251001,Hard,Ayla Aksu,Dalila Jakupovic
20251001,Hard,Lina Gjorcheska,Karolina Pliskova
20251001,Hard,Kaitlin Quevedo,Carol Young Suh Lee
20251001,Hard,Isabella Shinikova,Harriet Dart
20251001,Hard,Kaja Juvan,Defne Cirpanli
20251001,Hard,Nikola Bartunkova,Ipek Oz
20251001,Hard,Anastasia Tikhonova,Elina Nepliy
20251002,Hard,Darja Vidmanova,Berfu Cengiz
20251002,Hard,Linda Klimovicova,Caroline Werner
20251002,Hard,Kaja Juvan,Anastasia Tikhonova
20251002,Hard,Nikola Bartunkova,Ayla Aksu
20251002,Hard,Kaitlin Quevedo,Emily Appleton
20251002,Hard,Maria Timofeeva,Isabella Shinikova
20251002,Hard,Amandine Hesse,Tiantsoa Rakotomanga Rajaonah
20251002,Hard,Sofia Costoulas,Lina Gjorcheska
20251003,Hard,Darja Vidmanova,Amandine Hesse
20251003,Hard,Linda Klimovicova,Sofia Costoulas
20251003,Hard,Nikola Bartunkova,Kaitlin Quevedo
20251003,Hard,Kaja Juvan,Maria Timofeeva
20251004,Hard,Nikola Bartunkova,Darja Vidmanova
20251004,Hard,Kaja Juvan,Linda Klimovicova
20251005,Hard,Kaja Juvan,Nikola Bartunkova
20251004,Hard,Katerina Siniakova,Catherine McNally
20251004,Hard,Wang Yafan,Zeynep Sonmez
20251004,Hard,Bianca Andreescu,Tereza Valentova
20251004,Hard,Anastasia Zakharova,Alycia Parks
20251004,Hard,Kimberly Birrell,Suzan Lamens
20251004,Hard,Lucia Bronzetti,Tian Fangran
20251004,Hard,Antonia Ruzic,Elisabetta Cocciaretto
20251004,Hard,Emiliana Arango,Anna Bondar
20251004,Hard,Viktoriya Tomova,Katie Boulter
20251004,Hard,Polina Kudermetova,Yuliia Starodubtseva
20251004,Hard,Varvara Gracheva,Ajla Tomljanovic
20251004,Hard,Iva Jovic,Kamilla Rakhimova
20251004,Hard,Wang Xiyu,Cristina Bucsa
20251004,Hard,Moyuka Uchijima,Alexandra Eala
20251004,Hard,Yulia Putintseva,Diane Parry
20251004,Hard,Anna Blinkova,Caroline Dolehide
20251005,Hard,Anastasia Zakharova,Bianca Andreescu
20251005,Hard,Katerina Siniakova,Wang Yafan
20251005,Hard,Antonia Ruzic,Emiliana Arango
20251005,Hard,Varvara Gracheva,Iva Jovic
20251005,Hard,Polina Kudermetova,Viktoriya Tomova
20251005,Hard,Lucia Bronzetti,Kimberly Birrell
20251005,Hard,Moyuka Uchijima,Wang Xiyu
20251005,Hard,Yulia Putintseva,Anna Blinkova
20251006,Hard,Laura Siegemund,Dayana Yastremska
20251006,Hard,Hailey Baptiste,Ashlyn Krueger
20251006,Hard,Marie Bouzkova,Camila Osorio
20251006,Hard,Elise Mertens,Polina Kudermetova
20251006,Hard,Katerina Siniakova,Diana Shnaider
20251006,Hard,Maya Joint,Zhu Lin
20251006,Hard,Jessica Bouzas Maneiro,Varvara Gracheva
20251006,Hard,Clara Tauson,Olga Danilovic
20251006,Hard,Antonia Ruzic,Magda Linette
20251006,Hard,Yuan Yue,Lucia Bronzetti
20251006,Hard,Moyuka Uchijima,Wang Xinyu
20251006,Hard,Ekaterina Alexandrova,Victoria Mboko
20251007,Hard,Sofia Kenin,Anastasia Zakharova
20251007,Hard,Jaqueline Cristian,McCartney Kessler
20251007,Hard,Liudmila Samsonova,Emiliana Arango
20251007,Hard,Naomi Osaka,Leylah Fernandez
20251007,Hard,Karolina Muchova,Marta Kostyuk
20251007,Hard,Magdalena Frech,Veronika Kudermetova
20251007,Hard,Ann Li,Emma Raducanu
20251007,Hard,Rebecca Sramkova,Anna Kalinskaya
20251007,Hard,Zhang Shuai,Emma Navarro
20251007,Hard,Belinda Bencic,Donna Vekic
20251007,Hard,Linda Noskova,Yulia Putintseva
20251007,Hard,Sorana Cirstea,Jelena Ostapenko
20251007,Hard,Iga Swiatek,Marie Bouzkova
20251007,Hard,Laura Siegemund,Mirra Andreeva
20251008,Hard,Ekaterina Alexandrova,Ann Li
20251008,Hard,Jessica Pegula,Hailey Baptiste
20251008,Hard,Katerina Siniakova,Maya Joint
20251008,Hard,Iva Jovic,Jessica Bouzas Maneiro
20251008,Hard,Magdalena Frech,Karolina Muchova
20251008,Hard,Liudmila Samsonova,Sofia Kenin
20251008,Hard,Belinda Bencic,Elise Mertens
20251008,Hard,Coco Gauff,Moyuka Uchijima
20251008,Hard,Zhang Shuai,Sorana Cirstea
20251008,Hard,Clara Tauson,Antonia Ruzic
20251008,Hard,Aryna Sabalenka,Rebecca Sramkova
20251008,Hard,Linda Noskova,Naomi Osaka
20251008,Hard,Jasmine Paolini,Yuan Yue
20251008,Hard,Elena Rybakina,Jaqueline Cristian
20251009,Hard,Jessica Pegula,Ekaterina Alexandrova
20251009,Hard,Aryna Sabalenka,Liudmila Samsonova
20251009,Hard,Katerina Siniakova,Iva Jovic
20251009,Hard,Laura Siegemund,Magdalena Frech
20251009,Hard,Jasmine Paolini,Clara Tauson
20251009,Hard,Elena Rybakina,Linda Noskova
20251009,Hard,Iga Swiatek,Belinda Bencic
20251009,Hard,Coco Gauff,Zhang Shuai
20251010,Hard,Jessica Pegula,Katerina Siniakova
20251010,Hard,Aryna Sabalenka,Elena Rybakina
20251010,Hard,Coco Gauff,Laura Siegemund
20251010,Hard,Jasmine Paolini,Iga Swiatek
20251011,Hard,Coco Gauff,Jasmine Paolini
20251011,Hard,Jessica Pegula,Aryna Sabalenka
20251012,Hard,Coco Gauff,Jessica Pegula
20251004,Hard,Carole Monnet,Maxine Kammerer
20251004,Hard,Aneta Kucmova,Tea Kovacevic
20251004,Hard,Teodora Kostovic,Mireia Sagrista Bermejo
20251004,Hard,Mina Hodzic,Maryna Kolb
20251004,Hard,Yelyzaveta Kotliar,Tessa Johanna Brockmann
20251004,Hard,Dalila Spiteri,Yvonne Cavalle-Reimers
20251004,Hard,Ekaterina Kazionova,Min Liu
20251005,Hard,Carole Monnet,Aneta Kucmova
20251005,Hard,Mina Hodzic,Yelyzaveta Kotliar
20251005,Hard,Dalila Spiteri,Fanny Norin
20251005,Hard,Teodora Kostovic,Ekaterina Kazionova
20251005,Hard,Maria Lourdes Carle,Barbora Palicova
20251005,Hard,Nuria Brancaccio,Carson Branstine
20251006,Hard,Mayar Sherif,Mariella Thamm
20251006,Hard,Noma Noha Akugue,Panna Udvardy
20251006,Hard,Teodora Kostovic,Caroline Werner
20251006,Hard,Carole Monnet,Mona Barthel
20251006,Hard,Solana Sierra,Dalila Spiteri
20251006,Hard,Guiomar Maristany Zuleta De Reales,Irene Burillo
20251006,Hard,Darja Semenistaja,Yelyzaveta Kotliar
20251006,Hard,Aneta Kucmova,Cristina Diaz Adrover
20251006,Hard,Andrea Lazaro Garcia,Tamara Zidansek
20251006,Hard,Oksana Selekhmeteva,Julia Stusek
20251007,Hard,Maria Lourdes Carle,Nuria Brancaccio
20251007,Hard,Sara Bejlek,Mina Hodzic
20251007,Hard,Ekaterine Gorgodze,Despina Papamichail
20251007,Hard,Oleksandra Oliynykova,Arantxa Rus
20251007,Hard,Lola Radivojevic,Miriam Bulgaru
20251007,Hard,Noma Noha Akugue,Carole Monnet
20251008,Hard,Andrea Lazaro Garcia,Darja Semenistaja
20251008,Hard,Ekaterine Gorgodze,Oksana Selekhmeteva
20251008,Hard,Teodora Kostovic,Mayar Sherif
20251008,Hard,Solana Sierra,Guiomar Maristany Zuleta De Reales
20251009,Hard,Sara Bejlek,Aneta Kucmova
20251009,Hard,Lola Radivojevic,Oleksandra Oliynykova
20251010,Hard,Teodora Kostovic,Maria Lourdes Carle
20251010,Hard,Lola Radivojevic,Noma Noha Akugue
20251010,Hard,Solana Sierra,Ekaterine Gorgodze
20251010,Hard,Andrea Lazaro Garcia,Sara Bejlek
20251011,Hard,Lola Radivojevic,Teodora Kostovic
20251011,Hard,Solana Sierra,Andrea Lazaro Garcia
20251012,Hard,Solana Sierra,Lola Radivojevic
20251011,Hard,Antonia Ruzic,Viktoriya Tomova
20251011,Hard,Kamilla Rakhimova,Meng-Yi Chen
20251011,Hard,Ajla Tomljanovic,Maya Joint
20251011,Hard,Aliaksandra Sasnovich,Tatjana Maria
20251011,Hard,Talia Gibson,Lucia Bronzetti
20251011,Hard,Camila Osorio,Lilli Tagger
20251011,Hard,Guo Hanyu,Polina Kudermetova
20251011,Hard,Tamara Korpatsch,Qu Yihan
20251011,Hard,Zeynep Sonmez,Linda Fruhvirtova
20251011,Hard,Yulia Putintseva,Katarzyna Kawa
20251011,Hard,Yuliia Starodubtseva,Priscilla Hon
20251011,Hard,Yang Yidi,Zheng Saisai
20251012,Hard,Ajla Tomljanovic,Antonia Ruzic
20251012,Hard,Guo Hanyu,Kamilla Rakhimova
20251012,Hard,Yulia Putintseva,Talia Gibson
20251012,Hard,Aliaksandra Sasnovich,Camila Osorio
20251012,Hard,Yuliia Starodubtseva,Tamara Korpatsch
20251012,Hard,Zeynep Sonmez,Yang Yidi
20251013,Hard,McCartney Kessler,Sofia Kenin
20251013,Hard,Belinda Bencic,Magda Linette
20251013,Hard,Yuliia Starodubtseva,Yulia Putintseva
20251013,Hard,Zeynep Sonmez,Aliaksandra Sasnovich
20251013,Hard,Diana Shnaider,Wang Xiyu
20251014,Hard,Ajla Tomljanovic,Clara Tauson
20251014,Hard,Veronika Kudermetova,Antonia Ruzic
20251014,Hard,Liudmila Samsonova,Guo Hanyu
20251014,Hard,Karolina Muchova,Marketa Vondrousova
20251014,Hard,Dayana Yastremska,Victoria Mboko
20251014,Hard,Zhu Lin,Emma Raducanu
20251014,Hard,Yuan Yue,Wang Xinyu
20251015,Hard,Belinda Bencic,Yuliia Starodubtseva
20251015,Hard,Ajla Tomljanovic,Zeynep Sonmez
20251015,Hard,Diana Shnaider,Karolina Muchova
20251015,Hard,Zhu Lin,Mirra Andreeva
20251016,Hard,McCartney Kessler,Liudmila Samsonova
20251016,Hard,Jasmine Paolini,Veronika Kudermetova
20251016,Hard,Ekaterina Alexandrova,Yuan Yue
20251016,Hard,Elena Rybakina,Dayana Yastremska
20251017,Hard,Jasmine Paolini,Belinda Bencic
20251017,Hard,Ekaterina Alexandrova,McCartney Kessler
20251017,Hard,Elena Rybakina,Ajla Tomljanovic
20251017,Hard,Diana Shnaider,Zhu Lin
20251018,Hard,Elena Rybakina,Jasmine Paolini
20251018,Hard,Ekaterina Alexandrova,Diana Shnaider
20251019,Hard,Elena Rybakina,Ekaterina Alexandrova
20251011,Hard,Kristina Novak,Victoria Hu
20251011,Hard,Katrina Scott,Ana Paola Gonzalez Dominguez
20251011,Hard,Dasha Plekhanova,Sabastiani Leon
20251011,Hard,Sachia Vickery,Daniela Martinez Guerrero
20251011,Hard,Usue Maitane Arconada,Marian Gomez Pezuela Cano
20251012,Hard,Dasha Plekhanova,Ekaterina Kazionova
20251012,Hard,Katrina Scott,Weronika Falkowska
20251012,Hard,Haley Giavara,Usue Maitane Arconada
20251012,Hard,Kristina Novak,Sachia Vickery
20251013,Hard,Elvina Kalieva,Varvara Lepchenko
20251014,Hard,Jessica Pieri,Maria Portillo Ramirez
20251014,Hard,Petra Marcinko,Lia Karatancheva
20251014,Hard,Leonie Kung,Kristina Novak
20251014,Hard,Dasha Plekhanova,Victoria Rodriguez
20251014,Hard,Katrina Scott,Haley Giavara
20251014,Hard,Lea Ma,Amelia Rajecki
20251014,Hard,Harriet Dart,Valeriya Strakhova
20251014,Hard,Kayla Cross,Emina Bektas
20251014,Hard,Marina Stakusic,Alana Smith
20251014,Hard,Anastasia Tikhonova,Gabriela Lee
20251014,Hard,Cadence Brace,Hanna Chang
20251015,Hard,Sahaja Yamalapalli,Sloane Stephens
20251015,Hard,Hanne Vandewinkel,Elizabeth Mandlik
20251015,Hard,Tessah Andrianjafitrimo,Jessica Hinojosa Gomez
20251015,Hard,Caroline Dolehide,Diletta Cherubini
20251015,Hard,Harriet Dart,Dasha Plekhanova
20251015,Hard,Jessica Pieri,Kayla Cross
20251015,Hard,Elvina Kalieva,Lea Ma
20251015,Hard,Katrina Scott,Caroline Dolehide
20251015,Hard,Petra Marcinko,Sahaja Yamalapalli
20251015,Hard,Hanne Vandewinkel,Tessah Andrianjafitrimo
20251016,Hard,Cadence Brace,Leonie Kung
20251016,Hard,Marina Stakusic,Anastasia Tikhonova
20251016,Hard,Harriet Dart,Petra Marcinko
20251016,Hard,Cadence Brace,Elvina Kalieva
20251016,Hard,Jessica Pieri,Katrina Scott
20251017,Hard,Hanne Vandewinkel,Marina Stakusic
20251017,Hard,Hanne Vandewinkel,Harriet Dart
20251018,Hard,Cadence Brace,Jessica Pieri
20251019,Hard,Hanne Vandewinkel,Cadence Brace
20251012,Hard,Elena-Gabriela Ruse,Dominika Salkova
20251012,Hard,Varvara Gracheva,Himeno Sakatsume
20251012,Hard,Joanna Garland,Ena Koike
20251012,Hard,Catherine McNally,Claire Liu
20251012,Hard,Tereza Valentova,Alina Charaeva
20251012,Hard,Greet Minnen,Sara Saito
20251012,Hard,Kaja Juvan,Astra Sharma
20251012,Hard,Kimberly Birrell,Mai Hontama
20251012,Hard,Elisabetta Cocciaretto,Maddison Inglis
20251013,Hard,Dalma Galfi,Kyoka Okamura
20251013,Hard,Varvara Gracheva,Elena-Gabriela Ruse
20251013,Hard,Olga Danilovic,Nao Hibino
20251013,Hard,Taylor Townsend,Mei Yamaguchi
20251013,Hard,Elisabetta Cocciaretto,Kaja Juvan
20251013,Hard,Tereza Valentova,Greet Minnen
20251013,Hard,Naomi Osaka,Wakana Sonobe
20251013,Hard,Joanna Garland,Catherine McNally
20251013,Hard,Sorana Cirstea,Moyuka Uchijima
20251013,Hard,Katie Volynets,Hayu Kinoshita
20251013,Hard,Suzan Lamens,Emiliana Arango
20251013,Hard,Dalma Galfi,Taylor Townsend
20251013,Hard,Ashlyn Krueger,Maria Sakkari
20251013,Hard,Katie Boulter,Linda Noskova
20251013,Hard,Katie Volynets,Kimberly Birrell
20251014,Hard,Jaqueline Cristian,Elisabetta Cocciaretto
20251014,Hard,Ann Li,Varvara Gracheva
20251014,Hard,Leylah Fernandez,Hailey Baptiste
20251014,Hard,Rebecca Sramkova,Joanna Garland
20251014,Hard,Viktorija Golubic,Bianca Andreescu
20251014,Hard,Dalma Galfi,Alycia Parks
20251014,Hard,Jessica Bouzas Maneiro,Katie Volynets
20251014,Hard,Tereza Valentova,Alexandra Eala
20251014,Hard,Marie Bouzkova,Ena Shibahara
20251014,Hard,Elise Mertens,Cristina Bucsa
20251015,Hard,Jaqueline Cristian,Jessica Bouzas Maneiro
20251015,Hard,Olga Danilovic,Ashlyn Krueger
20251015,Hard,Naomi Osaka,Suzan Lamens
20251015,Hard,Sorana Cirstea,Katie Boulter
20251016,Hard,Rebecca Sramkova,Ann Li
20251016,Hard,Leylah Fernandez,Dalma Galfi
20251016,Hard,Tereza Valentova,Elise Mertens
20251016,Hard,Viktorija Golubic,Marie Bouzkova
20251017,Hard,Leylah Fernandez,Rebecca Sramkova
20251017,Hard,Jaqueline Cristian,Naomi Osaka
20251017,Hard,Sorana Cirstea,Viktorija Golubic
20251017,Hard,Tereza Valentova,Olga Danilovic
20251018,Hard,Leylah Fernandez,Sorana Cirstea
20251018,Hard,Tereza Valentova,Jaqueline Cristian
20251019,Hard,Leylah Fernandez,Tereza Valentova
20251013,Hard,Zhang Ruien,Yao Xinxin
20251013,Hard,Priska Nugroho,Ayumi Koshiishi
20251013,Hard,Ekaterina Ovcharenko,Lu Jia-Jing
20251013,Hard,Katarina Zavatska,Yeonwoo Ku
20251013,Hard,Saki Imamura,Riya Bhatia
20251013,Hard,Ekaterina Reyngold,Chenting Zhu
20251013,Hard,Tian Fangran,Zheng Wushuang
20251013,Hard,Aliona Falei,Ankita Raina
20251013,Hard,Katarina Zavatska,Ekaterina Ovcharenko
20251013,Hard,Priska Nugroho,Zhang Ruien
20251013,Hard,Ma YeXin,Victoria Jimenez Kasintseva
20251013,Hard,Polina Iatcenko,Elena Pridankina
20251013,Hard,Tian Fangran,Saki Imamura
20251013,Hard,Ekaterina Reyngold,Aliona Falei
20251013,Hard,Lulu Sun,Shi Han
20251013,Hard,Whitney Osuigwe,Chloe Paquet
20251013,Hard,Haruka Kaji,Ren Yufei
20251014,Hard,Arianne Hartono,Xiaowei Li
20251014,Hard,Arina Rodionova,Erika Andreeva
20251014,Hard,Alina Korneeva,You Xiaodi
20251014,Hard,Anastasia Zakharova,Lanlana Tararudee
20251014,Hard,Anna Bondar,Darya Astakhova
20251014,Hard,Gao Xinyu,Tiantsoa Rakotomanga Rajaonah
20251014,Hard,Priska Nugroho,Bai Zhuoxuan
20251014,Hard,Veronika Erjavec,Tian Fangran
20251014,Hard,Janice Tjen,Wang Yafan
20251014,Hard,Tatiana Prozorova,Ekaterina Reyngold
20251014,Hard,Wei Sijia,Katarina Zavatska
20251015,Hard,Lulu Sun,Arianne Hartono
20251015,Hard,Ma YeXin,Alina Korneeva
20251015,Hard,Priska Nugroho,Whitney Osuigwe
20251015,Hard,Anastasia Zakharova,Tatiana Prozorova
20251015,Hard,Arina Rodionova,Veronika Erjavec
20251015,Hard,Gao Xinyu,Haruka Kaji
20251015,Hard,Anna Bondar,Wei Sijia
20251015,Hard,Janice Tjen,Polina Iatcenko
20251016,Hard,Lulu Sun,Anastasia Zakharova
20251016,Hard,Priska Nugroho,Arina Rodionova
20251016,Hard,Janice Tjen,Gao Xinyu
20251016,Hard,Anna Bondar,Ma YeXin
20251017,Hard,Janice Tjen,Lulu Sun
20251017,Hard,Anna Bondar,Priska Nugroho
20251018,Hard,Janice Tjen,Anna Bondar
20251012,Hard,Martina Capurro Taborda,Sofia Da Cruz Mendonca
20251012,Hard,Thaisa Grana Pedretti,Leticia Garcia Vidal
20251012,Hard,Maria Paulina Perez Garcia,Maria Urrutia
20251012,Hard,Julia Konishi Camargo Silva,Rebeca Pereira
20251013,Hard,Gabriela Ce,Jazmin Ortenzi
20251013,Hard,Tara Wuerth,Carole Monnet
20251013,Hard,Eva Vedder,Tina Nadine Smith
20251013,Hard,Irene Burillo,Sofia Da Cruz Mendonca
20251013,Hard,Anastasia Zolotareva,Leyre Romero Gormaz
20251013,Hard,Alice Rame,Julia Riera
20251013,Hard,Sada Nahimana,Ana Candiotto
20251013,Hard,Miriana Tona,Luiza Fullana
20251014,Hard,Martina Colmegna,Maria Lourdes Carle
20251014,Hard,Carolina Alves,Maria Paulina Perez Garcia
20251014,Hard,Ekaterine Gorgodze,Panna Udvardy
20251014,Hard,Martina Capurro Taborda,Pietra Rivoli
20251014,Hard,Thaisa Grana Pedretti,Antonia Vergara Rivera
20251014,Hard,Simona Waltert,Luisina Giovannini
20251014,Hard,Sinja Kraus,Julia Konishi Camargo Silva
20251014,Hard,Julia Grabher,Laura Pigossi
20251015,Hard,Sada Nahimana,Anastasia Zolotareva
20251015,Hard,Alice Rame,Irene Burillo
20251015,Hard,Tara Wuerth,Eva Vedder
20251015,Hard,Ekaterine Gorgodze,Gabriela Ce
20251016,Hard,Simona Waltert,Miriana Tona
20251016,Hard,Martina Colmegna,Martina Capurro Taborda
20251016,Hard,Julia Grabher,Thaisa Grana Pedretti
20251016,Hard,Sinja Kraus,Carolina Alves
20251017,Hard,Simona Waltert,Tara Wuerth
20251017,Hard,Ekaterine Gorgodze,Sada Nahimana
20251017,Hard,Alice Rame,Martina Colmegna
20251017,Hard,Julia Grabher,Sinja Kraus
20251018,Hard,Alice Rame,Ekaterine Gorgodze
20251018,Hard,Simona Waltert,Julia Grabher
20251019,Hard,Simona Waltert,Alice Rame
20251018,Hard,Kimberly Birrell,Marie Bouzkova
20251018,Hard,Katie Boulter,Anna Blinkova
20251018,Hard,Varvara Gracheva,Emiliana Arango
20251018,Hard,Dalma Galfi,Ashlyn Krueger
20251018,Hard,Maddison Inglis,Hailey Baptiste
20251018,Hard,Cristina Bucsa,Nao Hibino
20251018,Hard,Viktorija Golubic,Sae Noguchi
20251018,Hard,Eva Lys,Yuliia Starodubtseva
20251018,Hard,Rebecca Sramkova,Ena Shibahara
20251018,Hard,Maria Sakkari,Zeynep Sonmez
20251018,Hard,Suzan Lamens,Aliaksandra Sasnovich
20251018,Hard,Alina Charaeva,Himeno Sakatsume
20251019,Hard,Varvara Gracheva,Maddison Inglis
20251019,Hard,Katie Boulter,Kimberly Birrell
20251019,Hard,Cristina Bucsa,Dalma Galfi
20251019,Hard,Eva Lys,Viktorija Golubic
20251019,Hard,Alina Charaeva,Rebecca Sramkova
20251019,Hard,Maria Sakkari,Suzan Lamens
20251020,Hard,Eva Lys,Katie Boulter
20251020,Hard,Varvara Gracheva,Wang Xinyu
20251020,Hard,McCartney Kessler,Cristina Bucsa
20251020,Hard,Maya Joint,Viktorija Golubic
20251020,Hard,Anna Kalinskaya,Suzan Lamens
20251020,Hard,Karolina Muchova,Marketa Vondrousova
20251021,Hard,Leylah Fernandez,Maria Sakkari
20251021,Hard,Diana Shnaider,Dayana Yastremska
20251021,Hard,Jaqueline Cristian,Alina Charaeva
20251021,Hard,Victoria Mboko,Bianca Andreescu
20251021,Hard,Wakana Sonobe,Nikola Bartunkova
20251021,Hard,Sofia Kenin,Moyuka Uchijima
20251022,Hard,Linda Noskova,McCartney Kessler
20251022,Hard,Victoria Mboko,Eva Lys
20251022,Hard,Anna Kalinskaya,Diana Shnaider
20251022,Hard,Karolina Muchova,Maya Joint
20251023,Hard,Belinda Bencic,Varvara Gracheva
20251023,Hard,Elena Rybakina,Leylah Fernandez
20251023,Hard,Ekaterina Alexandrova,Jaqueline Cristian
20251023,Hard,Sofia Kenin,Wakana Sonobe
20251024,Hard,Linda Noskova,Anna Kalinskaya
20251024,Hard,Elena Rybakina,Victoria Mboko
20251024,Hard,Sofia Kenin,Ekaterina Alexandrova
20251024,Hard,Belinda Bencic,Karolina Muchova
20251025,Hard,Linda Noskova,Elena Rybakina
20251025,Hard,Belinda Bencic,Sofia Kenin
20251026,Hard,Belinda Bencic,Linda Noskova
20251019,Hard,Katarzyna Kawa,Gao Xinyu
20251019,Hard,Victoria Jimenez Kasintseva,Shi Han
20251019,Hard,Hong Yi Cody Wong,Whitney Osuigwe
20251019,Hard,Kaja Juvan,Anna Yang
20251019,Hard,Tamara Korpatsch,Wei Sijia
20251019,Hard,Claire Liu,Linda Fruhvirtova
20251019,Hard,Alina Korneeva,Talia Gibson
20251019,Hard,Lanlana Tararudee,Joanna Garland
20251019,Hard,Katie Volynets,Dominika Salkova
20251019,Hard,Tiantsoa Rakotomanga Rajaonah,Astra Sharma
20251019,Hard,Tatiana Prozorova,Janice Tjen
20251019,Hard,Lulu Sun,Yuyao Li
20251020,Hard,Kaja Juvan,Tamara Korpatsch
20251020,Hard,Claire Liu,Victoria Jimenez Kasintseva
20251020,Hard,Katarzyna Kawa,Hong Yi Cody Wong
20251020,Hard,Lulu Sun,Tiantsoa Rakotomanga Rajaonah
20251020,Hard,Katie Volynets,Lanlana Tararudee
20251020,Hard,Alina Korneeva,Tatiana Prozorova
20251020,Hard,Veronika Erjavec,Tatjana Maria
20251020,Hard,Wang Xiyu,Francesca Jones
20251020,Hard,Elisabetta Cocciaretto,Diane Parry
20251020,Hard,Wang Yafan,Kamilla Rakhimova
20251021,Hard,Camila Osorio,Lucia Bronzetti
20251021,Hard,Ella Seidel,Leolia Jeanjean
20251021,Hard,Ann Li,Victoria Jimenez Kasintseva
20251021,Hard,Lulu Sun,Jessica Bouzas Maneiro
20251021,Hard,Yulia Putintseva,Alina Korneeva
20251021,Hard,Anna Bondar,Guo Hanyu
20251021,Hard,Tiantsoa Rakotomanga Rajaonah,Polina Kudermetova
20251021,Hard,Katie Volynets,Katarzyna Kawa
20251021,Hard,Zhang Shuai,Anastasia Zakharova
20251021,Hard,Catherine McNally,Kaja Juvan
20251021,Hard,Claire Liu,Alexandra Eala
20251021,Hard,Ajla Tomljanovic,Alycia Parks
20251023,Hard,Ann Li,Camila Osorio
20251023,Hard,Lulu Sun,Wang Yafan
20251023,Hard,Elisabetta Cocciaretto,Wang Xiyu
20251023,Hard,Catherine McNally,Ajla Tomljanovic
20251023,Hard,Ella Seidel,Yulia Putintseva
20251023,Hard,Claire Liu,Anna Bondar
20251023,Hard,Zhang Shuai,Veronika Erjavec
20251023,Hard,Katie Volynets,Tiantsoa Rakotomanga Rajaonah
20251024,Hard,Lulu Sun,Catherine McNally
20251024,Hard,Claire Liu,Ella Seidel
20251024,Hard,Ann Li,Elisabetta Cocciaretto
20251024,Hard,Zhang Shuai,Katie Volynets
20251025,Hard,Lulu Sun,Claire Liu
20251025,Hard,Ann Li,Zhang Shuai
20251026,Hard,Ann Li,Lulu Sun
20251019,Hard,Victoria Bosio,Noelia Zeballos
20251019,Hard,Julia Konishi Camargo Silva,Fernanda Labrana
20251019,Hard,Anastasia Zolotareva,Sylvie Zund
20251019,Hard,Maribella Zamarripa,Maria Eduarda Carbone Dos Santos
20251020,Hard,Sinja Kraus,Ana Candiotto
20251020,Hard,Victoria Bosio,Luiza Fullana
20251021,Hard,Panna Udvardy,Tina Nadine Smith
20251021,Hard,Leyre Romero Gormaz,Julia Konishi Camargo Silva
20251021,Hard,Anastasia Zolotareva,Eva Vedder
20251021,Hard,Solana Sierra,Carolina Alves
20251021,Hard,Carole Monnet,Nicole Fossa Huergo
20251021,Hard,Ekaterine Gorgodze,Miriana Tona
20251021,Hard,Simona Waltert,Gabriela Ce
20251021,Hard,Oleksandra Oliynykova,Luisina Giovannini
20251021,Hard,Sada Nahimana,Sofia Da Cruz Mendonca
20251021,Hard,Irene Burillo,Maribella Zamarripa
20251021,Hard,Laura Pigossi,Fernanda Labrana
20251021,Hard,Julia Riera,Polona Hercog
20251021,Hard,Julia Grabher,Nauhany Vitoria Leme Da Silva
20251021,Hard,Alice Rame,Mayar Sherif
20251022,Hard,Leyre Romero Gormaz,Ekaterine Gorgodze
20251022,Hard,Sinja Kraus,Anastasia Zolotareva
20251022,Hard,Panna Udvardy,Victoria Bosio
20251022,Hard,Oleksandra Oliynykova,Julia Riera
20251022,Hard,Carole Monnet,Solana Sierra
20251023,Hard,Julia Grabher,Sada Nahimana
20251023,Hard,Simona Waltert,Irene Burillo
20251023,Hard,Alice Rame,Laura Pigossi
20251024,Hard,Sinja Kraus,Alice Rame
20251024,Hard,Carole Monnet,Leyre Romero Gormaz
20251024,Hard,Oleksandra Oliynykova,Panna Udvardy
20251024,Hard,Julia Grabher,Simona Waltert
20251025,Hard,Carole Monnet,Sinja Kraus
20251025,Hard,Julia Grabher,Oleksandra Oliynykova
20251026,Hard,Julia Grabher,Carole Monnet
20251019,Hard,Nadiia Kolb,Urszula Radwanska
20251019,Hard,Radka Zelnickova,Deborah Chiesa
20251019,Hard,Noma Noha Akugue,Yana Morderger
20251019,Hard,Sofya Lansere,Maryna Kolb
20251019,Hard,Alevtina Ibragimova,Ana Tamindzic
20251019,Hard,Eva Guerrero Alvarez,Aneta Laboutkova
20251019,Hard,Anastasia Abbagnato,Nika Radisic
20251019,Hard,Sofia Shapatava,Tayisiya Morderger
20251020,Hard,Noma Noha Akugue,Nadiia Kolb
20251020,Hard,Eva Guerrero Alvarez,Sofya Lansere
20251020,Hard,Alevtina Ibragimova,Anastasia Abbagnato
20251020,Hard,Radka Zelnickova,Sofia Shapatava
20251020,Hard,Anna-Lena Friedsam,Andrea Lazaro Garcia
20251020,Hard,Oksana Selekhmeteva,Barbora Palicova
20251020,Hard,Jana Fett,Celine Naef
20251020,Hard,Lina Gjorcheska,Nuria Brancaccio
20251021,Hard,Sofia Costoulas,Radka Zelnickova
20251021,Hard,Lucrezia Stefanini,Anastasiia Sobolieva
20251021,Hard,Noma Noha Akugue,Aurora Zantedeschi
20251021,Hard,Silvia Ambrosio,Samira De Stefano
20251021,Hard,Eva Guerrero Alvarez,Daria Snigur
20251021,Hard,Darja Semenistaja,Noemi Basiletti
20251021,Hard,Susan Bandecchi,Alevtina Ibragimova
20251021,Hard,Tyra Caterina Grant,Maria Timofeeva
20251021,Hard,Linda Klimovicova,Amarissa Toth
20251021,Hard,Marina Bassols Ribera,Elisa Visentin
20251022,Hard,Sofia Costoulas,Jana Fett
20251022,Hard,Aliona Bolsova,Lina Gjorcheska
20251022,Hard,Gabriela Knutson,Eva Guerrero Alvarez
20251022,Hard,Anna-Lena Friedsam,Linda Klimovicova
20251023,Hard,Oksana Selekhmeteva,Silvia Ambrosio
20251023,Hard,Darja Semenistaja,Noma Noha Akugue
20251023,Hard,Susan Bandecchi,Tyra Caterina Grant
20251023,Hard,Lucrezia Stefanini,Marina Bassols Ribera
20251024,Hard,Oksana Selekhmeteva,Anna-Lena Friedsam
20251024,Hard,Lucrezia Stefanini,Gabriela Knutson
20251024,Hard,Sofia Costoulas,Darja Semenistaja
20251025,Hard,Oksana Selekhmeteva,Susan Bandecchi
20251025,Hard,Lucrezia Stefanini,Sofia Costoulas
20251026,Hard,Oksana Selekhmeteva,Lucrezia Stefanini
20251019,Hard,Alexandra Osborne,Anita Wagner
20251019,Hard,Maria Herazo Gonzalez,Daniela Martinez Guerrero
20251019,Hard,Maria Fernanda Navarro Oliva,Katherine Marifer Torres Lopez
20251019,Hard,Kristina Novak,Marian Gomez Pezuela Cano
20251020,Hard,Elina Nepliy,Maria Herazo Gonzalez
20251020,Hard,Katrina Scott,Alexandra Osborne
20251020,Hard,Haley Giavara,Kristina Novak
20251020,Hard,Selena Janicijevic,Carlota Garibay Romero
20251020,Hard,Hanna Chang,Yuki Naito
20251020,Hard,Alicia Herrero Linana,Marianne Ángel Gonzalez
20251020,Hard,Martina Okalova,Ekaterina Kazionova
20251021,Hard,Julieta Pareja,Valeriya Strakhova
20251021,Hard,Victoria Rodriguez,Lia Karatancheva
20251021,Hard,Jessica Pieri,Natalia Sousa Salazar
20251021,Hard,Miriam Bulgaru,Maria Fernanda Navarro Oliva
20251021,Hard,Martina Colmegna,Lian Tran
20251021,Hard,Gabriela Lee,Elina Nepliy
20251021,Hard,Hanne Vandewinkel,Midori Castillo Meza
20251021,Hard,Katrina Scott,Varvara Lepchenko
20251021,Hard,Sara Bejlek,Usue Maitane Arconada
20251021,Hard,Haley Giavara,Maria Portillo Ramirez
20251022,Hard,Diletta Cherubini,Martina Trevisan
20251022,Hard,Ana Sofia Sanchez,Katarina Jokic
20251022,Hard,Alicia Herrero Linana,Hanna Chang
20251022,Hard,Katrina Scott,Haley Giavara
20251023,Hard,Selena Janicijevic,Victoria Rodriguez
20251023,Hard,Miriam Bulgaru,Martina Okalova
20251023,Hard,Sara Bejlek,Gabriela Lee
20251023,Hard,Hanne Vandewinkel,Julieta Pareja
20251024,Hard,Martina Colmegna,Ana Sofia Sanchez
20251024,Hard,Jessica Pieri,Diletta Cherubini
20251024,Hard,Sara Bejlek,Selena Janicijevic
20251024,Hard,Hanne Vandewinkel,Alicia Herrero Linana
20251025,Hard,Katrina Scott,Miriam Bulgaru
20251025,Hard,Martina Colmegna,Jessica Pieri
20251026,Hard,Katrina Scott,Hanne Vandewinkel
20251026,Hard,Sara Bejlek,Martina Colmegna
20251026,Hard,Sara Bejlek,Katrina Scott
20251025,Hard,Maddison Inglis,Marina Melnikova
20251025,Hard,Miho Kuramochi,Anna Yang
20251025,Hard,Himeno Sakatsume,Anastasia Kulikova
20251025,Hard,You Xiaodi,Zhang Ying
20251025,Hard,Kristiana Sidorova,Zarina Diyas
20251025,Hard,Lu Jia-Jing,Man Ying Maggie Ng
20251025,Hard,Momoko Kobori,Ikumi Yamazaki
20251025,Hard,Viktoria Morvayova,Emily Appleton
20251025,Hard,Haruka Kaji,Kallista Liu
20251025,Hard,Ma YeXin,Yuyao Li
20251025,Hard,Kyoka Okamura,Guo Meiqi
20251025,Hard,Amy Zhu,Nadiia Kolb
20251026,Hard,Maddison Inglis,Lu Jia-Jing
20251026,Hard,Himeno Sakatsume,Miho Kuramochi
20251026,Hard,Momoko Kobori,You Xiaodi
20251026,Hard,Kristiana Sidorova,Haruka Kaji
20251026,Hard,Ma YeXin,Amy Zhu
20251026,Hard,Viktoria Morvayova,Kyoka Okamura
20251027,Hard,Cristina Bucsa,Ma YeXin
20251027,Hard,Wang Yafan,Maddison Inglis
20251027,Hard,Eva Lys,Kristiana Sidorova
20251027,Hard,Ajla Tomljanovic,Momoko Kobori
20251027,Hard,Viktoria Morvayova,Hong Yi Cody Wong
20251027,Hard,Maya Joint,Anastasija Sevastova
20251028,Hard,Sorana Cirstea,Dalma Galfi
20251028,Hard,Himeno Sakatsume,Sofia Kenin
20251028,Hard,Victoria Mboko,Talia Gibson
20251028,Hard,Eudice Wong Chong,Suzan Lamens
20251028,Hard,Emiliana Arango,Moyuka Uchijima
20251028,Hard,Leylah Fernandez,Wang Xiyu
20251028,Hard,Anna Kalinskaya,Kamilla Rakhimova
20251028,Hard,Belinda Bencic,Aliaksandra Sasnovich
20251028,Hard,Zhang Shuai,Veronika Erjavec
20251028,Hard,Alexandra Eala,Katie Boulter
20251029,Hard,Maya Joint,Viktoria Morvayova
20251029,Hard,Cristina Bucsa,Emiliana Arango
20251029,Hard,Sorana Cirstea,Ajla Tomljanovic
20251029,Hard,Leylah Fernandez,Eva Lys
20251030,Hard,Anna Kalinskaya,Zhang Shuai
20251030,Hard,Belinda Bencic,Wang Yafan
20251030,Hard,Victoria Mboko,Alexandra Eala
20251030,Hard,Himeno Sakatsume,Eudice Wong Chong
20251031,Hard,Cristina Bucsa,Belinda Bencic
20251031,Hard,Maya Joint,Himeno Sakatsume
20251031,Hard,Victoria Mboko,Anna Kalinskaya
20251031,Hard,Leylah Fernandez,Sorana Cirstea
20251101,Hard,Cristina Bucsa,Maya Joint
20251101,Hard,Victoria Mboko,Leylah Fernandez
20251102,Hard,Victoria Mboko,Cristina Bucsa
20251025,Hard,Guo Hanyu,Ekaterina Ovcharenko
20251025,Hard,Gao Xinyu,Yang Yidi
20251025,Hard,Aliona Falei,Wang Yuhan
20251025,Hard,Shi Han,Ren Yufei
20251025,Hard,Chloe Paquet,Darya Astakhova
20251025,Hard,Elena Pridankina,Li Zongyu
20251025,Hard,Carol Young Suh Lee,Wang Jiaqi
20251025,Hard,Rina Saigo,Yao Xinxin
20251026,Hard,Aliona Falei,Gao Xinyu
20251026,Hard,Guo Hanyu,Shi Han
20251026,Hard,Chloe Paquet,Carol Young Suh Lee
20251026,Hard,Rina Saigo,Elena Pridankina
20251027,Hard,Guo Hanyu,Alina Korneeva
20251027,Hard,Anna Bondar,Wei Sijia
20251027,Hard,Dominika Salkova,Aliona Falei
20251027,Hard,Tamara Korpatsch,Polina Kudermetova
20251027,Hard,Ella Seidel,Tiantsoa Rakotomanga Rajaonah
20251027,Hard,Yulia Putintseva,Victoria Jimenez Kasintseva
20251027,Hard,Anastasia Zakharova,Ena Shibahara
20251027,Hard,Zheng Wushuang,Yuliia Starodubtseva
20251028,Hard,Alycia Parks,Zhu Lin
20251028,Hard,Anna Blinkova,Chloe Paquet
20251028,Hard,Viktorija Golubic,Rina Saigo
20251028,Hard,Elisabetta Cocciaretto,Camila Osorio
20251028,Hard,Elena Pridankina,Yuan Yue
20251028,Hard,Lilli Tagger,Chenting Zhu
20251028,Hard,Kaja Juvan,Claire Liu
20251028,Hard,Bai Zhuoxuan,Ann Li
20251029,Hard,Lilli Tagger,Elisabetta Cocciaretto
20251029,Hard,Tamara Korpatsch,Ella Seidel
20251029,Hard,Viktorija Golubic,Elena Pridankina
20251029,Hard,Yulia Putintseva,Zheng Wushuang
20251030,Hard,Alycia Parks,Kaja Juvan
20251030,Hard,Dominika Salkova,Anastasia Zakharova
20251030,Hard,Anna Blinkova,Anna Bondar
20251030,Hard,Bai Zhuoxuan,Guo Hanyu
20251031,Hard,Lilli Tagger,Tamara Korpatsch
20251031,Hard,Viktorija Golubic,Yulia Putintseva
20251031,Hard,Dominika Salkova,Bai Zhuoxuan
20251031,Hard,Anna Blinkova,Alycia Parks
20251101,Hard,Anna Blinkova,Dominika Salkova
20251101,Hard,Lilli Tagger,Viktorija Golubic
20251102,Hard,Anna Blinkova,Lilli Tagger
20251025,Hard,Arianne Hartono,Sofya Lansere
20251025,Hard,Mei Yamaguchi,Ankita Raina
20251025,Hard,Priska Nugroho,Ekaterina Yashina
20251025,Hard,Arina Rodionova,Diya Ramesh Ramesh
20251025,Hard,Vaishnavi Adkar,Amina Anshba
20251025,Hard,Astrid Lew Yan Foon,Dalila Jakupovic
20251025,Hard,Thasaporn Naklo,Hiroko Kuwata
20251025,Hard,Caroline Werner,Riya Bhatia
20251026,Hard,Arianne Hartono,Priska Nugroho
20251026,Hard,Mei Yamaguchi,Arina Rodionova
20251026,Hard,Caroline Werner,Thasaporn Naklo
20251026,Hard,Astrid Lew Yan Foon,Vaishnavi Adkar
20251029,Hard,Linda Fruhvirtova,Astrid Lew Yan Foon
20251029,Hard,Kimberly Birrell,Nikola Bartunkova
20251029,Hard,Joanna Garland,Arianne Hartono
20251029,Hard,Arina Rodionova,Nina Stojanovic
20251029,Hard,Shrivalli Bhamidipaty,Maaya Rajeshwaran Revathi
20251029,Hard,Storm Hunter,Mai Hontama
20251029,Hard,Janice Tjen,Caroline Werner
20251029,Hard,Mei Yamaguchi,Francesca Jones
20251029,Hard,Donna Vekic,Vaishnavi Adkar
20251029,Hard,Lanlana Tararudee,Maria Timofeeva
20251029,Hard,Katarzyna Kawa,Lucia Bronzetti
20251029,Hard,Polina Iatcenko,Alina Charaeva
20251029,Hard,Sahaja Yamalapalli,Priska Nugroho
20251029,Hard,Diane Parry,Thasaporn Naklo
20251029,Hard,Mia Pohankova,Nao Hibino
20251029,Hard,Zeynep Sonmez,Tatiana Prozorova
20251030,Hard,Arina Rodionova,Storm Hunter
20251030,Hard,Janice Tjen,Linda Fruhvirtova
20251030,Hard,Polina Iatcenko,Katarzyna Kawa
20251030,Hard,Donna Vekic,Sahaja Yamalapalli
20251030,Hard,Joanna Garland,Mei Yamaguchi
20251030,Hard,Kimberly Birrell,Shrivalli Bhamidipaty
20251030,Hard,Lanlana Tararudee,Zeynep Sonmez
20251030,Hard,Mia Pohankova,Diane Parry
20251031,Hard,Joanna Garland,Arina Rodionova
20251031,Hard,Janice Tjen,Mia Pohankova
20251031,Hard,Kimberly Birrell,Donna Vekic
20251031,Hard,Lanlana Tararudee,Polina Iatcenko
20251101,Hard,Janice Tjen,Lanlana Tararudee
20251101,Hard,Kimberly Birrell,Joanna Garland
20251102,Hard,Janice Tjen,Kimberly Birrell
20251026,Hard,Ana Candiotto,Mariana Isabel Higuita Barraza
20251026,Hard,Gergana Topalova,Rebeca Pereira
20251026,Hard,Maria Jose Sanchez Uribe,Martina Okalova
20251026,Hard,Noelia Zeballos,Sabastiani Leon
20251026,Hard,Antonia Vergara Rivera,Isabella Ascencio Jaramillo
20251026,Hard,Carla Markus,Maria Isabel Suarez
20251027,Hard,Anastasia Zolotareva,Gergana Topalova
20251027,Hard,Carla Markus,Maria Jose Sanchez Uribe
20251027,Hard,Noelia Zeballos,Ana Candiotto
20251027,Hard,Selena Janicijevic,Leyre Romero Gormaz
20251027,Hard,Antonia Vergara Rivera,Katarina Jokic
20251027,Hard,Tina Nadine Smith,Polona Hercog
20251027,Hard,Jazmin Ortenzi,Maria Camila Torres Murcia
20251027,Hard,Yuliana Lizarazo,Maria Paulina Perez Garcia
20251028,Hard,Panna Udvardy,Antonia Vergara Rivera
20251028,Hard,Gabriela Lee,Carla Markus
20251028,Hard,Sinja Kraus,Luisina Giovannini
20251028,Hard,Julia Riera,Noelia Zeballos
20251028,Hard,Oleksandra Oliynykova,Ekaterine Gorgodze
20251028,Hard,Anastasia Zolotareva,Nicole Fossa Huergo
20251028,Hard,Sara Bejlek,Eva Vedder
20251028,Hard,Julia Grabher,Hanna Chang
20251028,Hard,Laura Pigossi,Valeriya Strakhova
20251028,Hard,Despina Papamichail,Valentina Mediorreal Arias
20251028,Hard,Varvara Lepchenko,Ana Candiotto
20251028,Hard,Alicia Herrero Linana,Jessica Pieri
20251029,Hard,Julia Grabher,Gabriela Lee
20251029,Hard,Sinja Kraus,Tina Nadine Smith
20251029,Hard,Sara Bejlek,Laura Pigossi
20251029,Hard,Jazmin Ortenzi,Oleksandra Oliynykova
20251029,Hard,Selena Janicijevic,Anastasia Zolotareva
20251029,Hard,Varvara Lepchenko,Despina Papamichail
20251029,Hard,Julia Riera,Alicia Herrero Linana
20251029,Hard,Panna Udvardy,Yuliana Lizarazo
20251030,Hard,Jazmin Ortenzi,Julia Grabher
20251030,Hard,Sinja Kraus,Selena Janicijevic
20251030,Hard,Panna Udvardy,Varvara Lepchenko
20251030,Hard,Sara Bejlek,Julia Riera
20251101,Hard,Panna Udvardy,Sara Bejlek
20251101,Hard,Sinja Kraus,Jazmin Ortenzi
20251101,Hard,Sinja Kraus,Panna Udvardy
20251101,Hard,Iga Swiatek,Madison Keys
20251101,Hard,Elena Rybakina,Amanda Anisimova
20251102,Hard,Aryna Sabalenka,Jasmine Paolini
20251102,Hard,Jessica Pegula,Coco Gauff
20251103,Hard,Elena Rybakina,Iga Swiatek
20251103,Hard,Amanda Anisimova,Madison Keys
20251104,Hard,Coco Gauff,Jasmine Paolini
20251104,Hard,Aryna Sabalenka,Jessica Pegula
20251105,Hard,Elena Rybakina,Ekaterina Alexandrova
20251105,Hard,Amanda Anisimova,Iga Swiatek
20251106,Hard,Jessica Pegula,Jasmine Paolini
20251106,Hard,Aryna Sabalenka,Coco Gauff
20251107,Hard,Elena Rybakina,Jessica Pegula
20251107,Hard,Aryna Sabalenka,Amanda Anisimova
20251108,Hard,Elena Rybakina,Aryna Sabalenka
20251103,Hard,Vivian Wolff,Mariia Kozyreva
20251103,Hard,Claire Liu,Eszter Meri
20251103,Hard,Mary Lewis,Lia Karatancheva
20251103,Hard,Christasha McNeil,Emily Appleton
20251103,Hard,Louisa Chirico,Petra Marcinko
20251103,Hard,Anouk Koevermans,Whitney Osuigwe
20251103,Hard,Carmen Andreea Herea,Alana Smith
20251103,Hard,Mary Stoiana,Darja Vidmanova
20251103,Hard,Renata Zarazua,Hina Inoue
20251103,Hard,Arantxa Rus,Anna Rogers
20251104,Hard,Kayla Cross,Iryna Shymanovich
20251104,Hard,Claire Liu,Mai Hontama
20251104,Hard,Varvara Lepchenko,Christasha McNeil
20251104,Hard,Mary Lewis,Jennifer Jackson
20251104,Hard,Elizabeth Mandlik,Vivian Wolff
20251104,Hard,Anastasia Gasanova,Cadence Brace
20251104,Hard,Iva Jovic,Anna-Lena Friedsam
20251104,Hard,Malaika Rapolu,Alycia Parks
20251104,Hard,Marina Stakusic,Caroline Dolehide
20251104,Hard,Himeno Sakatsume,Julie Belgraver
20251105,Hard,Mary Stoiana,Kayla Cross
20251105,Hard,Carmen Andreea Herea,Anouk Koevermans
20251105,Hard,Elizabeth Mandlik,Arantxa Rus
20251105,Hard,Varvara Lepchenko,Louisa Chirico
20251106,Hard,Marina Stakusic,Mary Lewis
20251106,Hard,Renata Zarazua,Claire Liu
20251106,Hard,Malaika Rapolu,Himeno Sakatsume
20251106,Hard,Iva Jovic,Anastasia Gasanova
20251107,Hard,Marina Stakusic,Varvara Lepchenko
20251107,Hard,Renata Zarazua,Elizabeth Mandlik
20251107,Hard,Carmen Andreea Herea,Malaika Rapolu
20251107,Hard,Iva Jovic,Mary Stoiana
20251108,Hard,Marina Stakusic,Iva Jovic
20251108,Hard,Renata Zarazua,Carmen Andreea Herea
20251109,Hard,Renata Zarazua,Marina Stakusic
20251103,Hard,Anastasia Zolotareva,Noelia Zeballos
20251103,Hard,Carla Markus,Gabriela Ce
20251103,Hard,Maria Urrutia,Ana Candiotto
20251103,Hard,Gergana Topalova,Berta Bonardi
20251103,Hard,Mayar Sherif,Polona Hercog
20251103,Hard,Oleksandra Oliynykova,Alicia Herrero Linana
20251103,Hard,Antonia Vergara Rivera,Maria Lourdes Carle
20251103,Hard,Julia Riera,Valeriya Strakhova
20251104,Hard,Tina Nadine Smith,Selena Janicijevic
20251104,Hard,Anastasia Zolotareva,Luna Maria Cinalli
20251104,Hard,Jessica Pieri,Maria Urrutia
20251104,Hard,Gabriela Ce,Nicole Fossa Huergo
20251104,Hard,Simona Waltert,Martina Capurro Taborda
20251104,Hard,Carole Monnet,Gergana Topalova
20251104,Hard,Ekaterine Gorgodze,Elina Avanesyan
20251104,Hard,Luisina Giovannini,Lian Tran
20251104,Hard,Despina Papamichail,Panna Udvardy
20251104,Hard,Solana Sierra,Miriam Bulgaru
20251104,Hard,Carla Markus,Laura Pigossi
20251105,Hard,Jazmin Ortenzi,Candela Vazquez
20251105,Hard,Simona Waltert,Gabriela Ce
20251105,Hard,Antonia Vergara Rivera,Luisina Giovannini
20251105,Hard,Julia Riera,Carole Monnet
20251106,Hard,Mayar Sherif,Anastasia Zolotareva
20251106,Hard,Jazmin Ortenzi,Ekaterine Gorgodze
20251106,Hard,Oleksandra Oliynykova,Jessica Pieri
20251106,Hard,Solana Sierra,Carla Markus
20251106,Hard,Despina Papamichail,Tina Nadine Smith
20251107,Hard,Mayar Sherif,Antonia Vergara Rivera
20251107,Hard,Simona Waltert,Julia Riera
20251107,Hard,Despina Papamichail,Jazmin Ortenzi
20251108,Hard,Oleksandra Oliynykova,Solana Sierra
20251108,Hard,Oleksandra Oliynykova,Despina Papamichail
20251108,Hard,Mayar Sherif,Simona Waltert
20251109,Hard,Oleksandra Oliynykova,Mayar Sherif
20251116,Hard,Polona Hercog,Valeriya Strakhova
20251116,Hard,Alicia Herrero Linana,Martina Colmegna
20251116,Hard,Gabriela Ce,Jimar Gerald Gonzalez
20251116,Hard,Diletta Cherubini,Eryn Cayetano
20251117,Hard,Miriam Bulgaru,Ayana Akli
20251117,Hard,Carolina Alves,Jessica Pieri
20251117,Hard,Despina Papamichail,Valeriya Strakhova
20251117,Hard,Sara Sorribes Tormo,Gabriela Ce
20251117,Hard,Fernanda Labrana,Nicole Fossa Huergo
20251117,Hard,Oleksandra Oliynykova,Elizabeth Mandlik
20251118,Hard,Maja Chwalinska,Martina Trevisan
20251118,Hard,Sada Nahimana,Diletta Cherubini
20251118,Hard,Laura Samson,Varvara Lepchenko
20251118,Hard,Panna Udvardy,Luisina Giovannini
20251118,Hard,Leolia Jeanjean,Julia Riera
20251118,Hard,Carole Monnet,Veronika Erjavec
20251118,Hard,Maria Lourdes Carle,Alicia Herrero Linana
20251118,Hard,Polona Hercog,Jazmin Ortenzi
20251118,Hard,Mayar Sherif,Eva Vedder
20251119,Hard,Laura Pigossi,Antonia Vergara Rivera
20251119,Hard,Oleksandra Oliynykova,Sada Nahimana
20251119,Hard,Carole Monnet,Carolina Alves
20251119,Hard,Mayar Sherif,Miriam Bulgaru
20251119,Hard,Maja Chwalinska,Despina Papamichail
20251120,Hard,Laura Samson,Sara Sorribes Tormo
20251120,Hard,Leolia Jeanjean,Laura Pigossi
20251120,Hard,Maria Lourdes Carle,Fernanda Labrana
20251120,Hard,Polona Hercog,Panna Udvardy
20251121,Hard,Leolia Jeanjean,Maja Chwalinska
20251121,Hard,Laura Samson,Carole Monnet
20251121,Hard,Mayar Sherif,Maria Lourdes Carle
20251121,Hard,Oleksandra Oliynykova,Polona Hercog
20251122,Hard,Leolia Jeanjean,Mayar Sherif
20251122,Hard,Oleksandra Oliynykova,Laura Samson
20251123,Hard,Oleksandra Oliynykova,Leolia Jeanjean
20251123,Hard,Alicia Herrero Linana,Julia Caffarena
20251123,Hard,Ayana Akli,Maria Urrutia
20251123,Hard,Katarina Jokic,Valeriya Strakhova
20251123,Hard,Sara Sorribes Tormo,Nicole Fossa Huergo
20251124,Hard,Eva Vedder,Martina Trevisan
20251124,Hard,Lucciana Perez Alarcon,Elizabeth Mandlik
20251124,Hard,Veronika Erjavec,Marina Bulbarella
20251124,Hard,Maja Chwalinska,Jessica Pieri
20251124,Hard,Jazmin Ortenzi,Polona Hercog
20251124,Hard,Despina Papamichail,Ayana Akli
20251124,Hard,Panna Udvardy,Carolina Alves
20251125,Hard,Miriam Bulgaru,Irene Burillo
20251125,Hard,Varvara Lepchenko,Laura Pigossi
20251125,Hard,Caroline Dolehide,Candela Vazquez
20251125,Hard,Laura Samson,Carole Monnet
20251125,Hard,Mayar Sherif,Julia Riera
20251125,Hard,Sara Sorribes Tormo,Alicia Herrero Linana
20251125,Hard,Maria Lourdes Carle,Katarina Jokic
20251125,Hard,Luisina Giovannini,Leolia Jeanjean
20251125,Hard,Oleksandra Oliynykova,Sada Nahimana
20251126,Hard,Varvara Lepchenko,Maja Chwalinska
20251126,Hard,Mayar Sherif,Eva Vedder
20251126,Hard,Panna Udvardy,Sara Sorribes Tormo
20251126,Hard,Veronika Erjavec,Jazmin Ortenzi
20251127,Hard,Lucciana Perez Alarcon,Oleksandra Oliynykova
20251127,Hard,Caroline Dolehide,Despina Papamichail
20251127,Hard,Miriam Bulgaru,Maria Lourdes Carle
20251127,Hard,Laura Samson,Luisina Giovannini
20251128,Hard,Panna Udvardy,Miriam Bulgaru
20251128,Hard,Veronika Erjavec,Laura Samson
20251128,Hard,Varvara Lepchenko,Lucciana Perez Alarcon
20251128,Hard,Mayar Sherif,Caroline Dolehide
20251129,Hard,Panna Udvardy,Veronika Erjavec
20251129,Hard,Varvara Lepchenko,Mayar Sherif
20251130,Hard,Panna Udvardy,Varvara Lepchenko
20251130,Hard,Veronika Podrez,Amandine Monnot
20251130,Hard,Tina Nadine Smith,Anna Siskova
20251201,Hard,Veronika Podrez,Alina Charaeva
20251201,Hard,Anna-Lena Friedsam,Teodora Kostovic
20251201,Hard,Kamilla Rakhimova,Alina Korneeva
20251201,Hard,Polina Kudermetova,Camilla Rosatello
20251201,Hard,Amandine Monnot,Yuriko Lily Miyazaki
20251201,Hard,Linda Klimovicova,Tiantsoa Rakotomanga Rajaonah
20251201,Hard,Antonia Ruzic,Aliona Bolsova
20251202,Hard,Zeynep Sonmez,Victoria Jimenez Kasintseva
20251202,Hard,Mona Barthel,Jessika Ponchet
20251202,Hard,Fiona Ferro,Tina Nadine Smith
20251202,Hard,Oceane Dodin,Alice Rame
20251202,Hard,Chloe Paquet,Lucia Bronzetti
20251202,Hard,Alycia Parks,Gabriela Knutson
20251202,Hard,Dominika Salkova,Jeline Vandromme
20251203,Hard,Tamara Korpatsch,Anna Siskova
20251203,Hard,Kamilla Rakhimova,Linda Klimovicova
20251203,Hard,Zhang Shuai,Marina Bassols Ribera
20251203,Hard,Anna-Lena Friedsam,Polina Kudermetova
20251203,Hard,Zeynep Sonmez,Amandine Monnot
20251203,Hard,Antonia Ruzic,Veronika Podrez
20251204,Hard,Tamara Korpatsch,Fiona Ferro
20251204,Hard,Alycia Parks,Oceane Dodin
20251204,Hard,Dominika Salkova,Chloe Paquet
20251204,Hard,Mona Barthel,Zhang Shuai
20251205,Hard,Anna-Lena Friedsam,Zeynep Sonmez
20251205,Hard,Kamilla Rakhimova,Mona Barthel
20251205,Hard,Antonia Ruzic,Dominika Salkova
20251205,Hard,Tamara Korpatsch,Alycia Parks
20251206,Hard,Tamara Korpatsch,Anna-Lena Friedsam
20251206,Hard,Kamilla Rakhimova,Antonia Ruzic
20251207,Hard,Kamilla Rakhimova,Tamara Korpatsch
20251201,Hard,Martina Colmegna,Marie Elise Casares
20251201,Hard,Valeriya Strakhova,Tania Varela
20251201,Hard,Anastasia Zolotareva,Alejandra Alvarez
20251201,Hard,Luisina Giovannini,Valentina Mediorreal Arias
20251201,Hard,Diletta Cherubini,Monica Gallegos
20251201,Hard,Polona Hercog,Sara Sorribes Tormo
20251201,Hard,Elvina Kalieva,Miriam Bulgaru
20251201,Hard,Leolia Jeanjean,Eva Vedder
20251201,Hard,Sada Nahimana,Valentina Vargas
20251202,Hard,Maja Chwalinska,Tania Varela
20251202,Hard,Oleksandra Oliynykova,Martina Colmegna
20251202,Hard,Anastasia Zolotareva,Camila Romero
20251202,Hard,Laura Samson,Jazmin Ortenzi
20251202,Hard,Laura Pigossi,Ayana Akli
20251202,Hard,Tatjana Maria,Irene Burillo
20251202,Hard,Veronika Erjavec,Anastasia Tikhonova
20251202,Hard,Mell Reasco Gonzalez,Valeriya Strakhova
20251202,Hard,Varvara Lepchenko,Carolina Alves
20251202,Hard,Despina Papamichail,Alicia Herrero Linana
20251202,Hard,Panna Udvardy,Diletta Cherubini
20251203,Hard,Polona Hercog,Oleksandra Oliynykova
20251203,Hard,Luisina Giovannini,Maja Chwalinska
20251203,Hard,Leolia Jeanjean,Sada Nahimana
20251203,Hard,Elvina Kalieva,Varvara Lepchenko
20251204,Hard,Mell Reasco Gonzalez,Tatjana Maria
20251204,Hard,Despina Papamichail,Anastasia Zolotareva
20251204,Hard,Panna Udvardy,Laura Samson
20251204,Hard,Veronika Erjavec,Laura Pigossi
20251205,Hard,Polona Hercog,Elvina Kalieva
20251205,Hard,Leolia Jeanjean,Veronika Erjavec
20251205,Hard,Luisina Giovannini,Mell Reasco Gonzalez
20251205,Hard,Despina Papamichail,Panna Udvardy
20251206,Hard,Polona Hercog,Leolia Jeanjean
20251206,Hard,Luisina Giovannini,Despina Papamichail
20251207,Hard,Polona Hercog,Luisina Giovannini
20251207,Hard,Eva Vedder,Astrid Lew Yan Foon
20251207,Hard,Marina Bassols Ribera,Veronika Podrez
20251207,Hard,Mona Barthel,Diana Martynov
20251207,Hard,Anna Siskova,Aliona Bolsova
20251208,Hard,Anhelina Kalinina,Kathinka von Deichmann
20251208,Hard,Sonay Kartal,Jessica Pieri
20251208,Hard,Fiona Ferro,Mona Barthel
20251208,Hard,Alycia Parks,Eva Vedder
20251208,Hard,Cristina Bucsa,Teodora Kostovic
20251209,Hard,Manon Leonard,Marina Bassols Ribera
20251209,Hard,Tiphanie Lemaitre,Oceane Dodin
20251209,Hard,Anastasija Sevastova,Barbora Krejcikova
20251209,Hard,Anna Siskova,Victoria Jimenez Kasintseva
20251209,Hard,Anna-Lena Friedsam,Katarzyna Kawa
20251209,Hard,Gabriela Knutson,Alina Charaeva
20251210,Hard,Linda Klimovicova,Mimi Xu
20251210,Hard,Antonia Ruzic,Tamara Korpatsch
20251210,Hard,Elsa Jacquemot,Chloe Paquet
20251210,Hard,Tiantsoa Rakotomanga Rajaonah,Jessika Ponchet
20251210,Hard,Zhang Shuai,Lucrezia Stefanini
20251210,Hard,Anhelina Kalinina,Sonay Kartal
20251210,Hard,Alycia Parks,Fiona Ferro
20251211,Hard,Antonia Ruzic,Linda Klimovicova
20251211,Hard,Cristina Bucsa,Tiphanie Lemaitre
20251211,Hard,Elsa Jacquemot,Gabriela Knutson
20251211,Hard,Anna Siskova,Manon Leonard
20251211,Hard,Anna-Lena Friedsam,Zhang Shuai
20251211,Hard,Tiantsoa Rakotomanga Rajaonah,Anastasija Sevastova
20251212,Hard,Anhelina Kalinina,Alycia Parks
20251212,Hard,Cristina Bucsa,Antonia Ruzic
20251212,Hard,Elsa Jacquemot,Anna Siskova
20251212,Hard,Anna-Lena Friedsam,Tiantsoa Rakotomanga Rajaonah
20251213,Hard,Anhelina Kalinina,Cristina Bucsa
20251213,Hard,Elsa Jacquemot,Anna-Lena Friedsam
20251214,Hard,Anhelina Kalinina,Elsa Jacquemot
20260102,Hard,Rebecca Sramkova,Lizette Cabrera
20260102,Hard,Katie Volynets,Rebeka Masarova
20260102,Hard,Maria Timofeeva,Antonia Ruzic
20260102,Hard,Anna Bondar,Anhelina Kalinina
20260102,Hard,Kamilla Rakhimova,Astra Sharma
20260102,Hard,Aliaksandra Sasnovich,Viktoriya Tomova
20260102,Hard,Zhang Shuai,Fiona Ferro
20260102,Hard,Taylah Preston,Oksana Selekhmeteva
20260102,Hard,Yulia Putintseva,Priscilla Hon
20260102,Hard,Zeynep Sonmez,Victoria Jimenez Kasintseva
20260102,Hard,Olivia Gadecki,Anastasia Zakharova
20260102,Hard,Elena-Gabriela Ruse,Alana Subasic
20260103,Hard,Anna Bondar,Katie Volynets
20260103,Hard,Aliaksandra Sasnovich,Maria Timofeeva
20260103,Hard,Zhang Shuai,Taylah Preston
20260103,Hard,Rebecca Sramkova,Kamilla Rakhimova
20260103,Hard,Olivia Gadecki,Yulia Putintseva
20260103,Hard,Elena-Gabriela Ruse,Zeynep Sonmez
20260104,Hard,McCartney Kessler,Emiliana Arango
20260104,Hard,Ajla Tomljanovic,Elsa Jacquemot
20260104,Hard,Anastasia Potapova,Daria Kasatkina
20260104,Hard,Sorana Cirstea,Anastasia Pavlyuchenkova
20260104,Hard,Sofia Kenin,Elena-Gabriela Ruse
20260104,Hard,Marie Bouzkova,Jaqueline Cristian
20260105,Hard,Zhang Shuai,Ashlyn Krueger
20260105,Hard,Kimberly Birrell,Rebecca Sramkova
20260105,Hard,Olivia Gadecki,Ann Li
20260105,Hard,Cristina Bucsa,Anna Bondar
20260105,Hard,Yulia Putintseva,Hailey Baptiste
20260105,Hard,Aliaksandra Sasnovich,Anna Blinkova
20260105,Hard,Anna Kalinskaya,Tereza Valentova
20260105,Hard,Dayana Yastremska,Talia Gibson
20260105,Hard,Magdalena Frech,Marketa Vondrousova
20260105,Hard,Emerson Jones,Tatjana Maria
20260106,Hard,Madison Keys,McCartney Kessler
20260106,Hard,Diana Shnaider,Anastasia Potapova
20260106,Hard,Aryna Sabalenka,Cristina Bucsa
20260106,Hard,Ekaterina Alexandrova,Sofia Kenin
20260106,Hard,Sorana Cirstea,Jelena Ostapenko
20260106,Hard,Karolina Muchova,Ajla Tomljanovic
20260106,Hard,Elena Rybakina,Zhang Shuai
20260106,Hard,Paula Badosa,Marie Bouzkova
20260107,Hard,Dayana Yastremska,Leylah Fernandez
20260107,Hard,Jessica Pegula,Anna Kalinskaya
20260107,Hard,Aliaksandra Sasnovich,Clara Tauson
20260107,Hard,Liudmila Samsonova,Emerson Jones
20260107,Hard,Linda Noskova,Magdalena Frech
20260107,Hard,Mirra Andreeva,Olivia Gadecki
20260107,Hard,Marta Kostyuk,Yulia Putintseva
20260107,Hard,Amanda Anisimova,Kimberly Birrell
20260108,Hard,Aryna Sabalenka,Sorana Cirstea
20260108,Hard,Elena Rybakina,Paula Badosa
20260108,Hard,Karolina Muchova,Ekaterina Alexandrova
20260108,Hard,Madison Keys,Diana Shnaider
20260108,Hard,Liudmila Samsonova,Aliaksandra Sasnovich
20260108,Hard,Jessica Pegula,Dayana Yastremska
20260108,Hard,Marta Kostyuk,Amanda Anisimova
20260108,Hard,Mirra Andreeva,Linda Noskova
20260109,Hard,Karolina Muchova,Elena Rybakina
20260109,Hard,Aryna Sabalenka,Madison Keys
20260109,Hard,Jessica Pegula,Liudmila Samsonova
20260109,Hard,Marta Kostyuk,Mirra Andreeva
20260110,Hard,Aryna Sabalenka,Karolina Muchova
20260110,Hard,Marta Kostyuk,Jessica Pegula
20260111,Hard,Aryna Sabalenka,Marta Kostyuk
20260103,Hard,Raphael Collignon,Aleksandr Shevchenko
20260103,Hard,Pablo Carreno Busta,Mattia Bellucci
20260103,Hard,Arthur Cazaux,Martin Landaluce
20260103,Hard,Christopher O'Connell,Nikoloz Basilashvili
20260103,Hard,Dane Sweeny,Jacob Fearnley
20260103,Hard,Ethan Quinn,Benjamin Bonzi
20260103,Hard,Terence Atmane,Yannick Hanfmann
20260103,Hard,James Duckworth,Tristan Schoolkate
20260103,Hard,Matteo Arnaldi,Hugo Gaston
20260103,Hard,Quentin Halys,Eliot Spizzirri
20260103,Hard,Kamil Majchrzak,Cruz Hewitt
20260103,Hard,Rinky Hijikata,Filip Misolic
20260104,Hard,Dane Sweeny,Christopher O'Connell
20260104,Hard,Pablo Carreno Busta,Arthur Cazaux
20260104,Hard,James Duckworth,Terence Atmane
20260104,Hard,Raphael Collignon,Ethan Quinn
20260104,Hard,Quentin Halys,Kamil Majchrzak
20260104,Hard,Rinky Hijikata,Matteo Arnaldi
20260104,Hard,Frances Tiafoe,Aleksandar Vukic
20260104,Hard,Learner Tien,Camilo Ugo Carabelli
20260105,Hard,Sebastian Korda,Valentin Vacherot
20260105,Hard,Alex Michelsen,James Duckworth
20260105,Hard,Jiri Lehecka,Tomas Machac
20260105,Hard,Kamil Majchrzak,Daniel Altmaier
20260105,Hard,Quentin Halys,Alexei Popyrin
20260105,Hard,Reilly Opelka,Dane Sweeny
20260105,Hard,Daniil Medvedev,Marton Fucsovics
20260106,Hard,Brandon Nakashima,Alejandro Davidovich Fokina
20260106,Hard,Raphael Collignon,Denis Shapovalov
20260106,Hard,Giovanni Mpetshi Perricard,Tommy Paul
20260106,Hard,Aleksandar Kovacevic,Nick Kyrgios
20260106,Hard,Cameron Norrie,Ugo Humbert
20260106,Hard,Rinky Hijikata,Adam Walton
20260106,Hard,Grigor Dimitrov,Pablo Carreno Busta
20260107,Hard,Alex Michelsen,Learner Tien
20260107,Hard,Daniil Medvedev,Frances Tiafoe
20260107,Hard,Sebastian Korda,Jiri Lehecka
20260107,Hard,Kamil Majchrzak,Reilly Opelka
20260108,Hard,Aleksandar Kovacevic,Cameron Norrie
20260108,Hard,Brandon Nakashima,Quentin Halys
20260108,Hard,Giovanni Mpetshi Perricard,Rinky Hijikata
20260108,Hard,Raphael Collignon,Grigor Dimitrov
20260109,Hard,Aleksandar Kovacevic,Giovanni Mpetshi Perricard
20260109,Hard,Brandon Nakashima,Raphael Collignon
20260109,Hard,Alex Michelsen,Sebastian Korda
20260109,Hard,Daniil Medvedev,Kamil Majchrzak
20260110,Hard,Brandon Nakashima,Aleksandar Kovacevic
20260110,Hard,Daniil Medvedev,Alex Michelsen
20260111,Hard,Daniil Medvedev,Brandon Nakashima
20260102,Hard,Veronika Erjavec,Aishi Das
20260102,Hard,Maja Chwalinska,Guo Hanyu
20260102,Hard,Gabriela Knutson,Leyre Romero Gormaz
20260102,Hard,Sinja Kraus,Anastasija Sevastova
20260102,Hard,Sofia Costoulas,Elyse Tse
20260102,Hard,Kristina Mladenovic,Anna-Lena Friedsam
20260103,Hard,Kaitlin Quevedo,Carole Monnet
20260103,Hard,Yeonwoo Ku,Alina Charaeva
20260103,Hard,Darja Semenistaja,Cadence Brace
20260103,Hard,Whitney Osuigwe,Louisa Chirico
20260103,Hard,Yuliia Starodubtseva,Jessika Ponchet
20260103,Hard,Lilli Tagger,Laura Pigossi
20260103,Hard,Sinja Kraus,Kristina Mladenovic
20260103,Hard,Gabriela Knutson,Maja Chwalinska
20260103,Hard,Sofia Costoulas,Veronika Erjavec
20260104,Hard,Kaitlin Quevedo,Yeonwoo Ku
20260104,Hard,Whitney Osuigwe,Darja Semenistaja
20260104,Hard,Yuliia Starodubtseva,Lilli Tagger
20260104,Hard,Sara Bejlek,Panna Udvardy
20260104,Hard,Iva Jovic,Gabriela Knutson
20260105,Hard,Sofia Costoulas,Whitney Osuigwe
20260105,Hard,Wang Xinyu,Catherine McNally
20260105,Hard,Kaitlin Quevedo,Peyton Stearns
20260105,Hard,Sinja Kraus,Julia Grabher
20260105,Hard,Francesca Jones,Emma Navarro
20260105,Hard,Renata Zarazua,Sloane Stephens
20260105,Hard,Petra Marcinko,Camila Osorio
20260105,Hard,Katie Boulter,Yuliia Starodubtseva
20260106,Hard,Ella Seidel,Monique Barry
20260106,Hard,Sonay Kartal,Janice Tjen
20260106,Hard,Magda Linette,Venus Williams
20260106,Hard,Elisabetta Cocciaretto,Alycia Parks
20260106,Hard,Elina Svitolina,Varvara Gracheva
20260106,Hard,Alexandra Eala,Donna Vekic
20260106,Hard,Iva Jovic,Sara Bejlek
20260107,Hard,Francesca Jones,Sinja Kraus
20260107,Hard,Wang Xinyu,Renata Zarazua
20260107,Hard,Sofia Costoulas,Kaitlin Quevedo
20260108,Hard,Alexandra Eala,Petra Marcinko
20260108,Hard,Magda Linette,Elisabetta Cocciaretto
20260108,Hard,Elina Svitolina,Katie Boulter
20260108,Hard,Sonay Kartal,Ella Seidel
20260108,Hard,Wang Xinyu,Francesca Jones
20260109,Hard,Alexandra Eala,Magda Linette
20260109,Hard,Iva Jovic,Sofia Costoulas
20260109,Hard,Elina Svitolina,Sonay Kartal
20260110,Hard,Wang Xinyu,Alexandra Eala
20260110,Hard,Elina Svitolina,Iva Jovic
20260111,Hard,Elina Svitolina,Wang Xinyu
20260109,Hard,Hugo Gaston,Isaac Becroft
20260109,Hard,Juan Manuel Cerundolo,Shintaro Mochizuki
20260109,Hard,Vit Kopriva,Pablo Carreno Busta
20260109,Hard,Eliot Spizzirri,Cristian Garin
20260110,Hard,Emilio Nava,Patrick Kypson
20260110,Hard,Mattia Bellucci,Geoffrey Blancaneaux
20260110,Hard,Jan-Lennard Struff,Anton Shepp
20260110,Hard,Hamad Medjedovic,Dalibor Svrcina
20260110,Hard,Hugo Gaston,Vit Kopriva
20260110,Hard,Eliot Spizzirri,Juan Manuel Cerundolo
20260110,Hard,Hamad Medjedovic,Mattia Bellucci
20260110,Hard,Emilio Nava,Jan-Lennard Struff
20260111,Hard,Eliot Spizzirri,Adrian Mannarino
20260112,Hard,Jenson Brooksby,James Watt
20260112,Hard,Francisco Comesana,Valentin Royer
20260112,Hard,Cameron Norrie,Hugo Gaston
20260112,Hard,Sebastian Baez,Emilio Nava
20260112,Hard,Alejandro Tabilo,Camilo Ugo Carabelli
20260112,Hard,Alex Michelsen,Mariano Navone
20260113,Hard,Giovanni Mpetshi Perricard,Roberto Bautista Agut
20260113,Hard,Marcos Giron,Alexandre Muller
20260113,Hard,Hamad Medjedovic,Aleksandar Kovacevic
20260113,Hard,Fabian Marozsan,Gael Monfils
20260113,Hard,Nuno Borges,Tomas Martin Etcheverry
20260113,Hard,Marcos Giron,Alex Michelsen
20260113,Hard,Ben Shelton,Francisco Comesana
20260114,Hard,Sebastian Baez,Jenson Brooksby
20260114,Hard,Luciano Darderi,Alejandro Tabilo
20260114,Hard,Eliot Spizzirri,Nuno Borges
20260114,Hard,Giovanni Mpetshi Perricard,Cameron Norrie
20260114,Hard,Fabian Marozsan,Casper Ruud
20260114,Hard,Jakub Mensik,Hamad Medjedovic
20260114,Hard,Marcos Giron,Luciano Darderi
20260115,Hard,Fabian Marozsan,Eliot Spizzirri
20260115,Hard,Jakub Mensik,Giovanni Mpetshi Perricard
20260115,Hard,Sebastian Baez,Ben Shelton
20260116,Hard,Jakub Mensik,Fabian Marozsan
20260116,Hard,Sebastian Baez,Marcos Giron
20260117,Hard,Jakub Mensik,Sebastian Baez
20260103,Hard,Mary Stoiana,Alice Rame
20260103,Hard,Mai Hontama,Manon Leonard
20260103,Hard,En-Shuo Liang,Iryna Shymanovich
20260104,Hard,Himeno Sakatsume,Carol Young Suh Lee
20260104,Hard,Tamara Zidansek,Sada Nahimana
20260104,Hard,Elena Pridankina,Giselle Isabell Guillen
20260104,Hard,Miriam Bulgaru,Renee Alame
20260104,Hard,Polina Iatcenko,Wei Sijia
20260104,Hard,Ena Shibahara,Stefani Webb
20260104,Hard,Teodora Kostovic,Camilla Rosatello
20260104,Hard,Elvina Kalieva,Nuria Parrizas Diaz
20260104,Hard,Ekaterine Gorgodze,Selena Janicijevic
20260104,Hard,Vera Zvonareva,Carson Branstine
20260104,Hard,Anastasia Gasanova,Guiomar Maristany Zuleta De Reales
20260104,Hard,Anouk Koevermans,Sarah Rokusek
20260104,Hard,Tatiana Prozorova,Ayano Shimizu
20260104,Hard,Tamara Zidansek,Miriam Bulgaru
20260104,Hard,En-Shuo Liang,Mai Hontama
20260104,Hard,Yuan Yue,Hanne Vandewinkel
20260104,Hard,Himeno Sakatsume,Mary Stoiana
20260105,Hard,Polina Iatcenko,Ena Shibahara
20260105,Hard,Simona Waltert,Dominika Salkova
20260105,Hard,Teodora Kostovic,Elena Pridankina
20260105,Hard,Elvina Kalieva,Vera Zvonareva
20260105,Hard,Tatiana Prozorova,Anastasia Gasanova
20260105,Hard,Ekaterine Gorgodze,Anouk Koevermans
20260105,Hard,Moyuka Uchijima,Madison Brengle
20260105,Hard,Lanlana Tararudee,Tina Nadine Smith
20260105,Hard,Polina Iatcenko,Destanee Aiava
20260105,Hard,En-Shuo Liang,Lucrezia Stefanini
20260105,Hard,Daria Snigur,Tamara Korpatsch
20260105,Hard,Joanna Garland,Diane Parry
20260106,Hard,Tamara Zidansek,Lucia Bronzetti
20260106,Hard,Polina Kudermetova,Alina Korneeva
20260106,Hard,Lola Radivojevic,Teodora Kostovic
20260106,Hard,Darja Vidmanova,Marina Stakusic
20260106,Hard,Mayar Sherif,Elena Micic
20260106,Hard,Ekaterine Gorgodze,Elvina Kalieva
20260106,Hard,Himeno Sakatsume,Tahlia Kokkinis
20260106,Hard,Tatiana Prozorova,Nikola Bartunkova
20260106,Hard,Daria Snigur,En-Shuo Liang
20260106,Hard,Simona Waltert,Darja Vidmanova
20260107,Hard,Ekaterine Gorgodze,Moyuka Uchijima
20260107,Hard,Joanna Garland,Polina Iatcenko
20260107,Hard,Polina Kudermetova,Lola Radivojevic
20260107,Hard,Tamara Zidansek,Lanlana Tararudee
20260107,Hard,Himeno Sakatsume,Mayar Sherif
20260107,Hard,Yuan Yue,Tatiana Prozorova
20260107,Hard,Daria Snigur,Simona Waltert
20260108,Hard,Polina Kudermetova,Yuan Yue
20260108,Hard,Joanna Garland,Tamara Zidansek
20260108,Hard,Himeno Sakatsume,Ekaterine Gorgodze
20260108,Hard,Joanna Garland,Daria Snigur
20260109,Hard,Polina Kudermetova,Himeno Sakatsume
20260110,Hard,Joanna Garland,Polina Kudermetova
20260110,Hard,Katie Volynets,Elizabeth Mandlik
20260110,Hard,Oksana Selekhmeteva,Panna Udvardy
20260110,Hard,Alycia Parks,Viktorija Golubic
20260110,Hard,Ella Seidel,Suzan Lamens
20260110,Hard,Ayano Shimizu,Gabriella Da Silva Fick
20260110,Hard,Petra Marcinko,Sarah Rokusek
20260110,Hard,Elisabetta Cocciaretto,Jizelle Sibai
20260110,Hard,Catherine McNally,Kaja Juvan
20260110,Hard,Darja Semenistaja,Moyuka Uchijima
20260110,Hard,Simona Waltert,Ava Beck
20260110,Hard,Renata Zarazua,Hiroko Kuwata
20260110,Hard,Julia Grabher,Tiantsoa Rakotomanga Rajaonah
20260111,Hard,Katie Volynets,Ella Seidel
20260111,Hard,Oksana Selekhmeteva,Petra Marcinko
20260111,Hard,Ayano Shimizu,Alycia Parks
20260111,Hard,Catherine McNally,Julia Grabher
20260111,Hard,Renata Zarazua,Simona Waltert
20260111,Hard,Elisabetta Cocciaretto,Darja Semenistaja
20260112,Hard,Renata Zarazua,Hailey Baptiste
20260112,Hard,Taylah Preston,Jessica Bouzas Maneiro
20260112,Hard,Ann Li,Katie Volynets
20260112,Hard,Elisabetta Cocciaretto,Ayano Shimizu
20260112,Hard,Solana Sierra,Catherine McNally
20260112,Hard,Olga Danilovic,McCartney Kessler
20260112,Hard,Antonia Ruzic,Emiliana Arango
20260113,Hard,Anna Bondar,Ella Seidel
20260113,Hard,Rebecca Sramkova,Varvara Gracheva
20260113,Hard,Peyton Stearns,Barbora Krejcikova
20260113,Hard,Iva Jovic,Janice Tjen
20260113,Hard,Magdalena Frech,Elsa Jacquemot
20260113,Hard,Tatjana Maria,Venus Williams
20260113,Hard,Wang Xinyu,Talia Gibson
20260114,Hard,Elisabetta Cocciaretto,Ann Li
20260114,Hard,Taylah Preston,Rebecca Sramkova
20260114,Hard,Magda Linette,Oksana Selekhmeteva
20260114,Hard,Emma Raducanu,Camila Osorio
20260114,Hard,Iva Jovic,Renata Zarazua
20260114,Hard,Anna Bondar,Tatjana Maria
20260114,Hard,Antonia Ruzic,Solana Sierra
20260114,Hard,Magda Linette,Wang Xinyu
20260114,Hard,Olga Danilovic,Peyton Stearns
20260115,Hard,Elisabetta Cocciaretto,Anna Bondar
20260115,Hard,Taylah Preston,Emma Raducanu
20260115,Hard,Emma Raducanu,Magdalena Frech
20260115,Hard,Antonia Ruzic,Olga Danilovic
20260115,Hard,Iva Jovic,Magda Linette
20260116,Hard,Elisabetta Cocciaretto,Antonia Ruzic
20260116,Hard,Iva Jovic,Taylah Preston
20260117,Hard,Elisabetta Cocciaretto,Iva Jovic
20260109,Hard,Dalma Galfi,Ashlyn Krueger
20260109,Hard,Elena-Gabriela Ruse,Katie Swan
20260109,Hard,Katerina Siniakova,Emilie Chen
20260109,Hard,Kamilla Rakhimova,Zhang Shuai
20260110,Hard,Yulia Putintseva,Tori Russell
20260110,Hard,Tereza Valentova,Laquisa Khan
20260110,Hard,Mina Hodzic,Anna Blinkova
20260110,Hard,Vera Zvonareva,Laura Siegemund
20260110,Hard,Sorana Cirstea,Ulrikke Eikeri
20260110,Hard,Anastasia Potapova,You Xiaodi
20260110,Hard,Marie Bouzkova,Aleksandra Krunic
20260110,Hard,Jaqueline Cristian,Sarah Mildren
20260110,Hard,Elena-Gabriela Ruse,Katerina Siniakova
20260110,Hard,Dalma Galfi,Mina Hodzic
20260111,Hard,Tereza Valentova,Vera Zvonareva
20260111,Hard,Sorana Cirstea,Kamilla Rakhimova
20260111,Hard,Yulia Putintseva,Marie Bouzkova
20260111,Hard,Jaqueline Cristian,Anastasia Potapova
20260112,Hard,Victoria Mboko,Beatriz Haddad Maia
20260112,Hard,Emma Navarro,Emerson Jones
20260112,Hard,Ajla Tomljanovic,Clara Tauson
20260112,Hard,Anna Kalinskaya,Elena-Gabriela Ruse
20260112,Hard,Marie Bouzkova,Paula Badosa
20260112,Hard,Jaqueline Cristian,Ekaterina Alexandrova
20260112,Hard,Daria Kasatkina,Maria Sakkari
20260113,Hard,Diana Shnaider,Leylah Fernandez
20260113,Hard,Kimberly Birrell,Anastasia Potapova
20260113,Hard,Marketa Vondrousova,Liudmila Samsonova
20260113,Hard,Maya Joint,Sofia Kenin
20260113,Hard,Tereza Valentova,Jelena Ostapenko
20260113,Hard,Yulia Putintseva,Dalma Galfi
20260113,Hard,Katerina Siniakova,Dayana Yastremska
20260113,Hard,Victoria Mboko,Anna Kalinskaya
20260113,Hard,Mirra Andreeva,Marie Bouzkova
20260114,Hard,Kimberly Birrell,Marketa Vondrousova
20260114,Hard,Jaqueline Cristian,Daria Kasatkina
20260114,Hard,Madison Keys,Tereza Valentova
20260114,Hard,Diana Shnaider,Katerina Siniakova
20260114,Hard,Emma Navarro,Yulia Putintseva
20260114,Hard,Maya Joint,Ajla Tomljanovic
20260115,Hard,Kimberly Birrell,Jaqueline Cristian
20260115,Hard,Victoria Mboko,Madison Keys
20260115,Hard,Diana Shnaider,Emma Navarro
20260115,Hard,Mirra Andreeva,Maya Joint
20260115,Hard,Victoria Mboko,Kimberly Birrell
20260116,Hard,Mirra Andreeva,Diana Shnaider
20260117,Hard,Mirra Andreeva,Victoria Mboko
20260110,Hard,Jacob Fearnley,Christopher O'Connell
20260110,Hard,Aleksandr Shevchenko,Carlos Taberner
20260111,Hard,Filip Misolic,Daniel Jovanovski
20260111,Hard,Aleksandar Vukic,Luca Nardi
20260111,Hard,Andrea Vavassori,Raphael Collignon
20260111,Hard,Quentin Halys,Benjamin Bonzi
20260111,Hard,Thiago Agustin Tirante,Jesper de Jong
20260111,Hard,Adam Walton,Jake Delaney
20260112,Hard,Aleksandar Vukic,Jacob Fearnley
20260112,Hard,Aleksandr Shevchenko,Filip Misolic
20260112,Hard,Quentin Halys,Adam Walton
20260112,Hard,Andrea Vavassori,Thiago Agustin Tirante
20260112,Hard,Reilly Opelka,Alexei Popyrin
20260112,Hard,Jaume Munar,Daniel Altmaier
20260112,Hard,Valentin Vacherot,Miomir Kecmanovic
20260112,Hard,Ugo Humbert,Terence Atmane
20260112,Hard,Thanasi Kokkinakis,Sebastian Korda
20260113,Hard,Tomas Machac,James Duckworth
20260113,Hard,Rinky Hijikata,Tristan Schoolkate
20260113,Hard,Quentin Halys,Jacob Fearnley
20260113,Hard,Aleksandr Shevchenko,Damir Dzumhur
20260113,Hard,Andrea Vavassori,Gabriel Diallo
20260113,Hard,Marton Fucsovics,Ethan Quinn
20260113,Hard,Aleksandar Vukic,Stefanos Tsitsipas
20260114,Hard,Jaume Munar,Francisco Cerundolo
20260114,Hard,Ugo Humbert,Tallon Griekspoor
20260114,Hard,Tomas Machac,Quentin Halys
20260114,Hard,Tommy Paul,Reilly Opelka
20260114,Hard,Aleksandr Shevchenko,Marton Fucsovics
20260114,Hard,Aleksandar Vukic,Andrea Vavassori
20260114,Hard,Valentin Vacherot,Thanasi Kokkinakis
20260114,Hard,Alejandro Davidovich Fokina,Rinky Hijikata
20260115,Hard,Tomas Machac,Jaume Munar
20260115,Hard,Tommy Paul,Aleksandar Vukic
20260115,Hard,Ugo Humbert,Aleksandr Shevchenko
20260115,Hard,Alejandro Davidovich Fokina,Valentin Vacherot
20260116,Hard,Tomas Machac,Tommy Paul
20260116,Hard,Ugo Humbert,Alejandro Davidovich Fokina
20260117,Hard,Tomas Machac,Ugo Humbert
20260111,Hard,Mary Stoiana,Nuria Brancaccio
20260111,Hard,Lucia Bronzetti,Aliona Bolsova
20260111,Hard,Zeynep Sonmez,Laura Samson
20260111,Hard,Tina Nadine Smith,Cadence Brace
20260111,Hard,Nikola Bartunkova,Selena Janicijevic
20260111,Hard,Julia Riera,Ena Shibahara
20260112,Hard,Sloane Stephens,Barbora Palicova
20260112,Hard,Olivia Gadecki,Arantxa Rus
20260112,Hard,Yuliia Starodubtseva,Alice Tubello
20260112,Hard,Despina Papamichail,Sachia Vickery
20260112,Hard,Zhu Lin,Laura Pigossi
20260112,Hard,Viktoriya Tomova,Bernarda Pera
20260112,Hard,Viktoria Hruncakova,Sada Nahimana
20260112,Hard,Victoria Jimenez Kasintseva,Kayla Cross
20260112,Hard,Tatiana Prozorova,Andrea Lazaro Garcia
20260112,Hard,Lizette Cabrera,Gabriela Knutson
20260112,Hard,Guiomar Maristany Zuleta De Reales,Mayar Sherif
20260112,Hard,Maja Chwalinska,Madison Brengle
20260112,Hard,Linda Klimovicova,Stefani Webb
20260112,Hard,Rebeka Masarova,Alina Charaeva
20260112,Hard,Taylor Townsend,Nao Hibino
20260112,Hard,Kathinka von Deichmann,Renee Alame
20260112,Hard,Aliaksandra Sasnovich,Ksenia Efremova
20260112,Hard,Teodora Kostovic,Tereza Mrdeza
20260112,Hard,Anastasia Gasanova,Kaitlin Quevedo
20260112,Hard,Justina Mikulskyte,Camilla Rosatello
20260112,Hard,Tamara Zidansek,Jessika Ponchet
20260112,Hard,Jazmin Ortenzi,Alice Rame
20260112,Hard,Lina Gjorcheska,Sinja Kraus
20260112,Hard,Marina Stakusic,Nuria Parrizas Diaz
20260112,Hard,Linda Fruhvirtova,Anna-Lena Friedsam
20260112,Hard,Fiona Ferro,Yeonwoo Ku
20260112,Hard,Elvina Kalieva,Wei Sijia
20260112,Hard,Lola Radivojevic,Alana Subasic
20260112,Hard,Storm Hunter,Ekaterine Gorgodze
20260112,Hard,Harmony Tan,Jessica Pieri
20260112,Hard,Ma YeXin,Varvara Lepchenko
20260112,Hard,Greet Minnen,Francisca Jorge
20260112,Hard,Anhelina Kalinina,Joanna Garland
20260112,Hard,Anouk Koevermans,Tahlia Kokkinis
20260113,Hard,Whitney Osuigwe,Anastasija Sevastova
20260113,Hard,Daria Snigur,Katarzyna Kawa
20260113,Hard,Elena Micic,Carole Monnet
20260113,Hard,Carson Branstine,Astra Sharma
20260113,Hard,Carol Young Suh Lee,Hanne Vandewinkel
20260113,Hard,Bai Zhuoxuan,Alina Korneeva
20260113,Hard,Lucrezia Stefanini,Eva Vedder
20260113,Hard,Chloe Paquet,Kristina Mladenovic
20260113,Hard,Yuan Yue,Louisa Chirico
20260113,Hard,Maria Lourdes Carle,Polina Iatcenko
20260113,Hard,Claire Liu,Tara Wuerth
20260113,Hard,Darja Vidmanova,Mimi Xu
20260113,Hard,Tamara Korpatsch,Miriam Bulgaru
20260113,Hard,Dominika Salkova,Guo Hanyu
20260113,Hard,Maddison Inglis,Leyre Romero Gormaz
20260113,Hard,Silvia Ambrosio,Ana Sofia Sanchez
20260113,Hard,Himeno Sakatsume,Manon Leonard
20260113,Hard,Mai Hontama,Maria Timofeeva
20260113,Hard,Iryna Shymanovich,Arina Rodionova
20260113,Hard,Harriet Dart,Destanee Aiava
20260113,Hard,Marina Bassols Ribera,Luisina Giovannini
20260113,Hard,Lanlana Tararudee,Sofia Costoulas
20260113,Hard,Lilli Tagger,Gao Xinyu
20260113,Hard,Elena Pridankina,Diane Parry
20260113,Hard,Anastasia Gasanova,Justina Mikulskyte
20260113,Hard,Zeynep Sonmez,Julia Riera
20260113,Hard,Elvina Kalieva,Ma YeXin
20260113,Hard,Guiomar Maristany Zuleta De Reales,Tatiana Prozorova
20260113,Hard,Viktoriya Tomova,Viktoria Hruncakova
20260113,Hard,Lucia Bronzetti,Mary Stoiana
20260113,Hard,Yuliia Starodubtseva,Despina Papamichail
20260114,Hard,Sloane Stephens,Olivia Gadecki
20260114,Hard,Anhelina Kalinina,Anouk Koevermans
20260114,Hard,Maja Chwalinska,Rebeka Masarova
20260114,Hard,Linda Klimovicova,Lizette Cabrera
20260114,Hard,Linda Fruhvirtova,Fiona Ferro
20260114,Hard,Whitney Osuigwe,Lucrezia Stefanini
20260114,Hard,Greet Minnen,Harmony Tan
20260114,Hard,Carol Young Suh Lee,Elena Micic
20260114,Hard,Marina Stakusic,Teodora Kostovic
20260114,Hard,Zhu Lin,Victoria Jimenez Kasintseva
20260114,Hard,Nikola Bartunkova,Tina Nadine Smith
20260114,Hard,Yuan Yue,Maria Lourdes Carle
20260114,Hard,Taylor Townsend,Jazmin Ortenzi
20260114,Hard,Tamara Zidansek,Lina Gjorcheska
20260114,Hard,Bai Zhuoxuan,Chloe Paquet
20260114,Hard,Darja Vidmanova,Dominika Salkova
20260114,Hard,Tamara Korpatsch,Silvia Ambrosio
20260114,Hard,Storm Hunter,Lola Radivojevic
20260114,Hard,Maddison Inglis,Claire Liu
20260114,Hard,Daria Snigur,Carson Branstine
20260114,Hard,Aliaksandra Sasnovich,Kathinka von Deichmann
20260114,Hard,Lanlana Tararudee,Harriet Dart
20260114,Hard,Marina Bassols Ribera,Iryna Shymanovich
20260114,Hard,Himeno Sakatsume,Mai Hontama
20260114,Hard,Lilli Tagger,Elena Pridankina
20260115,Hard,Zeynep Sonmez,Anastasia Gasanova
20260115,Hard,Anhelina Kalinina,Maja Chwalinska
20260115,Hard,Linda Klimovicova,Greet Minnen
20260115,Hard,Guiomar Maristany Zuleta De Reales,Elvina Kalieva
20260115,Hard,Sloane Stephens,Lucia Bronzetti
20260115,Hard,Yuliia Starodubtseva,Viktoriya Tomova
20260115,Hard,Bai Zhuoxuan,Darja Vidmanova
20260115,Hard,Nikola Bartunkova,Whitney Osuigwe
20260115,Hard,Marina Stakusic,Zhu Lin
20260115,Hard,Linda Fruhvirtova,Carol Young Suh Lee
20260115,Hard,Aliaksandra Sasnovich,Daria Snigur
20260115,Hard,Yuan Yue,Tamara Zidansek
20260115,Hard,Storm Hunter,Taylor Townsend
20260115,Hard,Himeno Sakatsume,Marina Bassols Ribera
20260115,Hard,Maddison Inglis,Tamara Korpatsch
20260115,Hard,Lanlana Tararudee,Lilli Tagger
20260118,Hard,Yulia Putintseva,Beatriz Haddad Maia
20260118,Hard,Elena-Gabriela Ruse,Dayana Yastremska
20260118,Hard,Talia Gibson,Anna Blinkova
20260118,Hard,Jasmine Paolini,Aliaksandra Sasnovich
20260118,Hard,Maria Sakkari,Leolia Jeanjean
20260118,Hard,Catherine McNally,Himeno Sakatsume
20260118,Hard,Elsa Jacquemot,Marta Kostyuk
20260118,Hard,Elina Svitolina,Cristina Bucsa
20260118,Hard,Hailey Baptiste,Taylor Townsend
20260118,Hard,Zeynep Sonmez,Ekaterina Alexandrova
20260118,Hard,Polina Kudermetova,Guiomar Maristany Zuleta De Reales
20260118,Hard,Aryna Sabalenka,Tiantsoa Rakotomanga Rajaonah
20260118,Hard,Anastasia Potapova,Suzan Lamens
20260118,Hard,Bai Zhuoxuan,Anastasia Pavlyuchenkova
20260118,Hard,Olga Danilovic,Venus Williams
20260118,Hard,Emma Raducanu,Mananchaya Sawangkaew
20260119,Hard,Peyton Stearns,Sofia Kenin
20260119,Hard,Petra Marcinko,Tatjana Maria
20260119,Hard,Magda Linette,Emma Navarro
20260119,Hard,McCartney Kessler,Emiliana Arango
20260119,Hard,Anna Bondar,Elizabeth Mandlik
20260119,Hard,Storm Hunter,Jessica Bouzas Maneiro
20260119,Hard,Magdalena Frech,Veronika Erjavec
20260119,Hard,Ann Li,Camila Osorio
20260119,Hard,Coco Gauff,Kamilla Rakhimova
20260119,Hard,Priscilla Hon,Marina Stakusic
20260119,Hard,Linda Klimovicova,Francesca Jones
20260119,Hard,Jessica Pegula,Anastasia Zakharova
20260119,Hard,Clara Tauson,Dalma Galfi
20260119,Hard,Alycia Parks,Alexandra Eala
20260119,Hard,Karolina Muchova,Jaqueline Cristian
20260119,Hard,Amanda Anisimova,Simona Waltert
20260119,Hard,Oksana Selekhmeteva,Ella Seidel
20260119,Hard,Iva Jovic,Katie Volynets
20260119,Hard,Linda Noskova,Darja Semenistaja
20260119,Hard,Victoria Mboko,Emerson Jones
20260119,Hard,Ajla Tomljanovic,Yuliia Starodubtseva
20260119,Hard,Paula Badosa,Zarina Diyas
20260119,Hard,Marie Bouzkova,Renata Zarazua
20260119,Hard,Mirra Andreeva,Donna Vekic
20260119,Hard,Diana Shnaider,Barbora Krejcikova
20260119,Hard,Iga Swiatek,Yuan Yue
20260119,Hard,Moyuka Uchijima,Solana Sierra
20260119,Hard,Elise Mertens,Lanlana Tararudee
20260120,Hard,Ashlyn Krueger,Sara Bejlek
20260120,Hard,Janice Tjen,Leylah Fernandez
20260120,Hard,Taylah Preston,Zhang Shuai
20260120,Hard,Tereza Valentova,Maya Joint
20260120,Hard,Varvara Gracheva,Viktorija Golubic
20260120,Hard,Katerina Siniakova,Panna Udvardy
20260120,Hard,Madison Keys,Oleksandra Oliynykova
20260120,Hard,Julia Grabher,Elisabetta Cocciaretto
20260120,Hard,Wang Xinyu,Anhelina Kalinina
20260120,Hard,Karolina Pliskova,Sloane Stephens
20260120,Hard,Linda Fruhvirtova,Lulu Sun
20260120,Hard,Anna Kalinskaya,Sonay Kartal
20260120,Hard,Elena Rybakina,Kaja Juvan
20260120,Hard,Sorana Cirstea,Eva Lys
20260120,Hard,Jelena Ostapenko,Rebecca Sramkova
20260120,Hard,Laura Siegemund,Liudmila Samsonova
20260120,Hard,Belinda Bencic,Katie Boulter
20260120,Hard,Naomi Osaka,Antonia Ruzic
20260120,Hard,Maddison Inglis,Kimberly Birrell
20260120,Hard,Nikola Bartunkova,Daria Kasatkina
20260121,Hard,Zeynep Sonmez,Anna Bondar
20260121,Hard,Elina Svitolina,Linda Klimovicova
20260121,Hard,Diana Shnaider,Talia Gibson
20260121,Hard,Aryna Sabalenka,Bai Zhuoxuan
20260121,Hard,Yulia Putintseva,Elsa Jacquemot
20260121,Hard,Hailey Baptiste,Storm Hunter
20260121,Hard,Victoria Mboko,Catherine McNally
20260121,Hard,Clara Tauson,Polina Kudermetova
20260121,Hard,Anastasia Potapova,Emma Raducanu
20260121,Hard,Coco Gauff,Olga Danilovic
20260121,Hard,Elena-Gabriela Ruse,Ajla Tomljanovic
20260121,Hard,Magda Linette,Ann Li
20260121,Hard,Karolina Muchova,Alycia Parks
20260121,Hard,Mirra Andreeva,Maria Sakkari
20260121,Hard,Jasmine Paolini,Magdalena Frech
20260121,Hard,Iva Jovic,Priscilla Hon
20260122,Hard,Oksana Selekhmeteva,Paula Badosa
20260122,Hard,Madison Keys,Ashlyn Krueger
20260122,Hard,Jessica Pegula,McCartney Kessler
20260122,Hard,Karolina Pliskova,Janice Tjen
20260122,Hard,Anna Kalinskaya,Julia Grabher
20260122,Hard,Maddison Inglis,Laura Siegemund
20260122,Hard,Wang Xinyu,Jelena Ostapenko
20260122,Hard,Linda Noskova,Taylah Preston
20260122,Hard,Peyton Stearns,Petra Marcinko
20260122,Hard,Amanda Anisimova,Katerina Siniakova
20260122,Hard,Elise Mertens,Moyuka Uchijima
20260122,Hard,Tereza Valentova,Linda Fruhvirtova
20260122,Hard,Iga Swiatek,Marie Bouzkova
20260122,Hard,Naomi Osaka,Sorana Cirstea
20260122,Hard,Nikola Bartunkova,Belinda Bencic
20260122,Hard,Elena Rybakina,Varvara Gracheva
20260123,Hard,Victoria Mboko,Clara Tauson
20260123,Hard,Aryna Sabalenka,Anastasia Potapova
20260123,Hard,Yulia Putintseva,Zeynep Sonmez
20260123,Hard,Coco Gauff,Hailey Baptiste
20260123,Hard,Karolina Muchova,Magda Linette
20260123,Hard,Iva Jovic,Jasmine Paolini
20260123,Hard,Elina Svitolina,Diana Shnaider
20260123,Hard,Mirra Andreeva,Elena-Gabriela Ruse
20260123,Hard,Madison Keys,Karolina Pliskova
20260123,Hard,Jessica Pegula,Oksana Selekhmeteva
20260124,Hard,Amanda Anisimova,Peyton Stearns
20260124,Hard,Wang Xinyu,Linda Noskova
20260124,Hard,Elise Mertens,Nikola Bartunkova
20260124,Hard,Iga Swiatek,Anna Kalinskaya
20260124,Hard,Maddison Inglis,Naomi Osaka
20260124,Hard,Elena Rybakina,Tereza Valentova
20260125,Hard,Aryna Sabalenka,Victoria Mboko
20260125,Hard,Iva Jovic,Yulia Putintseva
20260125,Hard,Coco Gauff,Karolina Muchova
20260125,Hard,Elina Svitolina,Mirra Andreeva
20260126,Hard,Jessica Pegula,Madison Keys
20260126,Hard,Amanda Anisimova,Wang Xinyu
20260126,Hard,Elena Rybakina,Elise Mertens
20260126,Hard,Iga Swiatek,Maddison Inglis
20260127,Hard,Aryna Sabalenka,Iva Jovic
20260127,Hard,Elina Svitolina,Coco Gauff
20260128,Hard,Elena Rybakina,Iga Swiatek
20260128,Hard,Jessica Pegula,Amanda Anisimova
20260129,Hard,Aryna Sabalenka,Elina Svitolina
20260129,Hard,Elena Rybakina,Jessica Pegula
20260131,Hard,Elena Rybakina,Aryna Sabalenka
20260111,Hard,Titouan Droguet,Nicolas Jarry
20260111,Hard,Martin Damm,Gauthier Onclin
20260111,Hard,Yoshihito Nishioka,Nerman Fatic
20260111,Hard,Gilles Arnaud Bailly,Jack Pinnington Jones
20260111,Hard,Sebastian Ofner,August Holmgren
20260111,Hard,Roberto Carballes Baena,Arthur Bouquier
20260111,Hard,Nishesh Basavareddy,Alexis Galarneau
20260111,Hard,George Loffhagen,Justin Engel
20260112,Hard,Arthur Fery,Edward Winter
20260112,Hard,Dino Prizmic,Genaro Alberto Olivieri
20260112,Hard,Dane Sweeny,Andrea Pellegrino
20260112,Hard,Gustavo Heide,Jay Clarke
20260112,Hard,Jerome Kym,Juan Carlos Prado Angelo
20260112,Hard,Marco Trungelliti,Philip Sekulic
20260112,Hard,Brandon Holt,Lukas Neumayer
20260112,Hard,Benjamin Hassan,Matej Dodig
20260112,Hard,Jaime Faria,Luka Mikrut
20260112,Hard,Colton Smith,Luka Pavlovic
20260112,Hard,Giulio Zeppieri,Dan Added
20260112,Hard,Henrique Rocha,Joao Lucas Reis Da Silva
20260112,Hard,Tristan Boyer,Alex Barrena
20260112,Hard,Francesco Passaro,Mark Lajal
20260112,Hard,Gonzalo Bueno,Nikoloz Basilashvili
20260112,Hard,Pierre-Hugues Herbert,Guy Den Ouden
20260112,Hard,Murphy Cassone,Yu Hsiou Hsu
20260112,Hard,Daniil Glinka,Clement Tabur
20260112,Hard,Rei Sakamoto,Daniel Evans
20260112,Hard,Luca Van Assche,Moez Echargui
20260112,Hard,Dusan Lajovic,Facundo Diaz Acosta
20260112,Hard,Bernard Tomic,Hugo Dellien
20260112,Hard,Lukas Klein,Zsombor Piros
20260112,Hard,Daniel Merida,Oliver Crawford
20260112,Hard,Francesco Maestrelli,Lorenzo Giustino
20260112,Hard,Nicolai Budkov Kjaer,Yosuke Watanuki
20260112,Hard,Stefano Travaglia,Blake Ellis
20260112,Hard,Martin Landaluce,Chun-Hsin Tseng
20260112,Hard,Thiago Seyboth Wild,Alvaro Guillen Meza
20260112,Hard,James McCabe,Pavle Marinkov
20260113,Hard,Chris Rodesch,Billy Harris
20260113,Hard,Elias Ymer,Alex Bolt
20260113,Hard,Wu Yibing,Mitchell Krueger
20260113,Hard,Nicolas Mejia,Otto Virtanen
20260113,Hard,Chak Lam Coleman Wong,Ugo Blanchet
20260113,Hard,Elmer Moller,Marc Polmans
20260113,Hard,Pablo Llamas Ruiz,Henry Bernet
20260113,Hard,Rafael Jodar,Li Tu
20260113,Hard,Michael Zheng,Cruz Hewitt
20260113,Hard,Jason Kubler,Harold Mayot
20260113,Hard,Zachary Svajda,Hady Habib
20260113,Hard,Tomas Barrios Vera,Sascha Gueymard Wayenburg
20260113,Hard,Vilius Gaubas,Nicolas Moreno De Alboran
20260113,Hard,Kimmer Coppejans,Omar Jasika
20260113,Hard,Mackenzie McDonald,Dmitry Popko
20260113,Hard,Alex Molcan,Sho Shimabukuro
20260113,Hard,Leandro Riedi,Jan Choinski
20260113,Hard,Jurij Rodionov,Juan Pablo Ficovich
20260113,Hard,Adolfo Daniel Vallejo,Rodrigo Pacheco Mendez
20260113,Hard,Alexander Blockx,Marco Cecchinato
20260113,Hard,Vitaliy Sachko,Viktor Durasovic
20260113,Hard,Hugo Grenier,Daniel Elahi Galan
20260113,Hard,Federico Cina,Lloyd Harris
20260113,Hard,Liam Draxl,Moerani Bouzige
20260113,Hard,Roman Andres Burruchaga,Ryan Peniston
20260113,Hard,Arthur Gea,Zdenek Kolar
20260113,Hard,Giulio Zeppieri,Brandon Holt
20260113,Hard,Nishesh Basavareddy,Sebastian Ofner
20260113,Hard,Gilles Arnaud Bailly,Roberto Carballes Baena
20260113,Hard,Rei Sakamoto,Colton Smith
20260113,Hard,Martin Damm,Titouan Droguet
20260113,Hard,George Loffhagen,Yoshihito Nishioka
20260114,Hard,Dane Sweeny,Jerome Kym
20260114,Hard,Pierre-Hugues Herbert,Gonzalo Bueno
20260114,Hard,Jaime Faria,Benjamin Hassan
20260114,Hard,Dino Prizmic,Gustavo Heide
20260114,Hard,Marco Trungelliti,Henrique Rocha
20260114,Hard,Stefano Travaglia,Martin Landaluce
20260114,Hard,Chak Lam Coleman Wong,Pablo Llamas Ruiz
20260114,Hard,Nicolai Budkov Kjaer,James McCabe
20260114,Hard,Francesco Maestrelli,Thiago Seyboth Wild
20260114,Hard,Wu Yibing,Nicolas Mejia
20260114,Hard,Arthur Fery,Bernard Tomic
20260114,Hard,Rafael Jodar,Chris Rodesch
20260114,Hard,Elias Ymer,Elmer Moller
20260114,Hard,Tristan Boyer,Francesco Passaro
20260114,Hard,Kimmer Coppejans,Leandro Riedi
20260114,Hard,Dusan Lajovic,Murphy Cassone
20260114,Hard,Luca Van Assche,Daniil Glinka
20260114,Hard,Michael Zheng,Tomas Barrios Vera
20260114,Hard,Alexander Blockx,Alex Molcan
20260114,Hard,Adolfo Daniel Vallejo,Federico Cina
20260114,Hard,Lukas Klein,Daniel Merida
20260114,Hard,Mackenzie McDonald,Hugo Grenier
20260114,Hard,Arthur Gea,Roman Andres Burruchaga
20260114,Hard,Zachary Svajda,Jurij Rodionov
20260114,Hard,Jason Kubler,Vilius Gaubas
20260114,Hard,Liam Draxl,Vitaliy Sachko
20260115,Hard,Rei Sakamoto,Giulio Zeppieri
20260115,Hard,Dane Sweeny,Stefano Travaglia
20260115,Hard,Arthur Fery,Dino Prizmic
20260115,Hard,Jaime Faria,Marco Trungelliti
20260115,Hard,Nishesh Basavareddy,George Loffhagen
20260115,Hard,Nicolai Budkov Kjaer,Pierre-Hugues Herbert
20260115,Hard,Wu Yibing,Tristan Boyer
20260115,Hard,Rafael Jodar,Luca Van Assche
20260115,Hard,Elias Ymer,Chak Lam Coleman Wong
20260115,Hard,Francesco Maestrelli,Dusan Lajovic
20260115,Hard,Liam Draxl,Mackenzie McDonald
20260115,Hard,Martin Damm,Gilles Arnaud Bailly
20260115,Hard,Arthur Gea,Adolfo Daniel Vallejo
20260115,Hard,Michael Zheng,Lukas Klein
20260115,Hard,Jason Kubler,Alexander Blockx
20260115,Hard,Zachary Svajda,Kimmer Coppejans
20260118,Hard,Tomas Martin Etcheverry,Miomir Kecmanovic
20260118,Hard,Arthur Fery,Flavio Cobolli
20260118,Hard,Corentin Moutet,Tristan Schoolkate
20260118,Hard,Alexander Zverev,Gabriel Diallo
20260118,Hard,Francisco Cerundolo,Zhang Zhizhen
20260118,Hard,Francisco Comesana,Patrick Kypson
20260118,Hard,Emilio Nava,Kyrian Jacquet
20260118,Hard,Damir Dzumhur,Liam Draxl
20260118,Hard,Michael Zheng,Sebastian Korda
20260118,Hard,Jaime Faria,Alexander Blockx
20260118,Hard,Marton Fucsovics,Camilo Ugo Carabelli
20260118,Hard,Frances Tiafoe,Jason Kubler
20260118,Hard,Yannick Hanfmann,Zachary Svajda
20260118,Hard,Cameron Norrie,Benjamin Bonzi
20260118,Hard,Alexander Bublik,Jenson Brooksby
20260118,Hard,Carlos Alcaraz,Adam Walton
20260119,Hard,Aleksandr Shevchenko,Elias Ymer
20260119,Hard,Quentin Halys,Alejandro Tabilo
20260119,Hard,Nuno Borges,Felix Auger-Aliassime
20260119,Hard,Hamad Medjedovic,Mariano Navone
20260119,Hard,Daniil Medvedev,Jesper de Jong
20260119,Hard,Fabian Marozsan,Arthur Rinderknech
20260119,Hard,Shang Juncheng,Roberto Bautista Agut
20260119,Hard,Tommy Paul,Aleksandar Kovacevic
20260119,Hard,Reilly Opelka,Nicolai Budkov Kjaer
20260119,Hard,Andrey Rublev,Matteo Arnaldi
20260119,Hard,Jordan Thompson,Juan Manuel Cerundolo
20260119,Hard,Alex de Minaur,Mackenzie McDonald
20260119,Hard,Learner Tien,Marcos Giron
20260119,Hard,Alejandro Davidovich Fokina,Filip Misolic
20260119,Hard,Thiago Agustin Tirante,Aleksandar Vukic
20260119,Hard,Stan Wawrinka,Laslo Djere
20260119,Hard,Kamil Majchrzak,Jacob Fearnley
20260119,Hard,Marin Cilic,Daniel Altmaier
20260119,Hard,Botic Van De Zandschulp,Brandon Nakashima
20260119,Hard,Francesco Maestrelli,Terence Atmane
20260119,Hard,Denis Shapovalov,Bu Yunchaokete
20260119,Hard,Jaume Munar,Dalibor Svrcina
20260119,Hard,Rinky Hijikata,Adrian Mannarino
20260119,Hard,Arthur Gea,Jiri Lehecka
20260119,Hard,Valentin Vacherot,Martin Damm
20260119,Hard,Alexandre Muller,Alexei Popyrin
20260119,Hard,Casper Ruud,Mattia Bellucci
20260119,Hard,Novak Djokovic,Pedro Martinez
20260120,Hard,Luciano Darderi,Cristian Garin
20260120,Hard,Lorenzo Sonego,Carlos Taberner
20260120,Hard,Lorenzo Musetti,Raphael Collignon
20260120,Hard,Ethan Quinn,Tallon Griekspoor
20260120,Hard,Sebastian Baez,Giovanni Mpetshi Perricard
20260120,Hard,Jakub Mensik,Pablo Carreno Busta
20260120,Hard,Nishesh Basavareddy,Christopher O'Connell
20260120,Hard,Karen Khachanov,Alex Michelsen
20260120,Hard,Ben Shelton,Ugo Humbert
20260120,Hard,Eliot Spizzirri,Joao Fonseca
20260120,Hard,Wu Yibing,Luca Nardi
20260120,Hard,Dane Sweeny,Gael Monfils
20260120,Hard,Rafael Jodar,Rei Sakamoto
20260120,Hard,Hubert Hurkacz,Zizou Bergs
20260120,Hard,James Duckworth,Dino Prizmic
20260120,Hard,Taylor Fritz,Valentin Royer
20260120,Hard,Vit Kopriva,Jan-Lennard Struff
20260120,Hard,Jannik Sinner,Hugo Gaston
20260120,Hard,Tomas Machac,Grigor Dimitrov
20260120,Hard,Stefanos Tsitsipas,Shintaro Mochizuki
20260121,Hard,Tommy Paul,Thiago Agustin Tirante
20260121,Hard,Francisco Cerundolo,Damir Dzumhur
20260121,Hard,Fabian Marozsan,Kamil Majchrzak
20260121,Hard,Andrey Rublev,Jaime Faria
20260121,Hard,Daniil Medvedev,Quentin Halys
20260121,Hard,Tomas Martin Etcheverry,Arthur Fery
20260121,Hard,Alejandro Davidovich Fokina,Reilly Opelka
20260121,Hard,Carlos Alcaraz,Yannick Hanfmann
20260121,Hard,Nuno Borges,Jordan Thompson
20260121,Hard,Corentin Moutet,Michael Zheng
20260121,Hard,Learner Tien,Aleksandr Shevchenko
20260121,Hard,Cameron Norrie,Emilio Nava
20260121,Hard,Alexander Bublik,Marton Fucsovics
20260121,Hard,Alexander Zverev,Alexandre Muller
20260121,Hard,Alex de Minaur,Hamad Medjedovic
20260121,Hard,Frances Tiafoe,Francisco Comesana
20260122,Hard,Jakub Mensik,Rafael Jodar
20260122,Hard,Valentin Vacherot,Rinky Hijikata
20260122,Hard,Luciano Darderi,Sebastian Baez
20260122,Hard,Karen Khachanov,Nishesh Basavareddy
20260122,Hard,Lorenzo Musetti,Lorenzo Sonego
20260122,Hard,Ben Shelton,Dane Sweeny
20260122,Hard,Ethan Quinn,Hubert Hurkacz
20260122,Hard,Novak Djokovic,Francesco Maestrelli
20260122,Hard,Botic Van De Zandschulp,Shang Juncheng
20260122,Hard,Eliot Spizzirri,Wu Yibing
20260122,Hard,Stan Wawrinka,Arthur Gea
20260122,Hard,Tomas Machac,Stefanos Tsitsipas
20260122,Hard,Marin Cilic,Denis Shapovalov
20260122,Hard,Taylor Fritz,Vit Kopriva
20260122,Hard,Jannik Sinner,James Duckworth
20260122,Hard,Casper Ruud,Jaume Munar
20260123,Hard,Learner Tien,Nuno Borges
20260123,Hard,Daniil Medvedev,Fabian Marozsan
20260123,Hard,Tommy Paul,Alejandro Davidovich Fokina
20260123,Hard,Carlos Alcaraz,Corentin Moutet
20260123,Hard,Francisco Cerundolo,Andrey Rublev
20260123,Hard,Alex de Minaur,Frances Tiafoe
20260123,Hard,Alexander Zverev,Cameron Norrie
20260123,Hard,Alexander Bublik,Tomas Martin Etcheverry
20260123,Hard,Lorenzo Musetti,Tomas Machac
20260123,Hard,Luciano Darderi,Karen Khachanov
20260124,Hard,Jannik Sinner,Eliot Spizzirri
20260124,Hard,Ben Shelton,Valentin Vacherot
20260124,Hard,Taylor Fritz,Stan Wawrinka
20260124,Hard,Novak Djokovic,Botic Van De Zandschulp
20260124,Hard,Jakub Mensik,Ethan Quinn
20260124,Hard,Casper Ruud,Marin Cilic
20260125,Hard,Carlos Alcaraz,Tommy Paul
20260125,Hard,Alexander Zverev,Francisco Cerundolo
20260125,Hard,Learner Tien,Daniil Medvedev
20260125,Hard,Alex de Minaur,Alexander Bublik
20260126,Hard,Lorenzo Musetti,Taylor Fritz
20260126,Hard,Jannik Sinner,Luciano Darderi
20260126,Hard,Novak Djokovic,Jakub Mensik
20260126,Hard,Ben Shelton,Casper Ruud
20260127,Hard,Alexander Zverev,Learner Tien
20260127,Hard,Carlos Alcaraz,Alex de Minaur
20260128,Hard,Novak Djokovic,Lorenzo Musetti
20260128,Hard,Jannik Sinner,Ben Shelton
20260130,Hard,Carlos Alcaraz,Alexander Zverev
20260130,Hard,Novak Djokovic,Jannik Sinner
20260201,Hard,Carlos Alcaraz,Novak Djokovic
20260124,Hard,Stefi Marithe Aludo,Nina Angeline Alcala
20260124,Hard,Peangtarn Plipuech,Louraine Jallorina
20260125,Hard,Viktoria Morvayova,Nicole Fossa Huergo
20260125,Hard,Sakura Hosogi,Stefi Marithe Aludo
20260125,Hard,Miho Kuramochi,Mia Horvit
20260125,Hard,Peangtarn Plipuech,Rina Saigo
20260126,Hard,Lanlana Tararudee,Simona Waltert
20260126,Hard,Mai Hontama,Elizabeth Abarquez
20260126,Hard,Yuliia Starodubtseva,Peangtarn Plipuech
20260126,Hard,Camila Osorio,Sakura Hosogi
20260126,Hard,Polina Kudermetova,Miho Kuramochi
20260126,Hard,Sofia Costoulas,Viktoria Morvayova
20260126,Hard,Mananchaya Sawangkaew,Tennielle Madis
20260126,Hard,Alexandra Eala,Alina Charaeva
20260127,Hard,Tatjana Maria,Leolia Jeanjean
20260127,Hard,Tatiana Prozorova,Kaye Ann Emana
20260127,Hard,Ma YeXin,Darja Semenistaja
20260127,Hard,Mariia Tkacheva,Sara Saito
20260127,Hard,Himeno Sakatsume,Nao Hibino
20260127,Hard,Donna Vekic,Kyoka Okamura
20260127,Hard,Solana Sierra,Joanna Garland
20260127,Hard,Zhu Lin,Lulu Sun
20260128,Hard,Camila Osorio,Mai Hontama
20260128,Hard,Lanlana Tararudee,Polina Kudermetova
20260128,Hard,Sofia Costoulas,Ma YeXin
20260128,Hard,Tatiana Prozorova,Tatjana Maria
20260128,Hard,Donna Vekic,Mariia Tkacheva
20260128,Hard,Zhu Lin,Mananchaya Sawangkaew
20260128,Hard,Solana Sierra,Yuliia Starodubtseva
20260128,Hard,Alexandra Eala,Himeno Sakatsume
20260129,Hard,Tatiana Prozorova,Sofia Costoulas
20260129,Hard,Donna Vekic,Zhu Lin
20260129,Hard,Solana Sierra,Lanlana Tararudee
20260129,Hard,Camila Osorio,Alexandra Eala
20260130,Hard,Donna Vekic,Tatiana Prozorova
20260130,Hard,Camila Osorio,Solana Sierra
20260131,Hard,Camila Osorio,Donna Vekic
20260131,Hard,Anastasia Kulikova,Naoko Eto
20260131,Hard,Kristiana Sidorova,Zeel Desai
20260131,Hard,Misaki Matsuda,Saumya Vig
20260131,Hard,Zuzanna Pawlikowska,Parthsarthi Arun Mundhe
20260131,Hard,Nicole Fossa Huergo,Hiroko Kuwata
20260131,Hard,Peangtarn Plipuech,Yara Bartashevich
20260131,Hard,Yasmine Kabbaj,Sonal Patil
20260131,Hard,Ankita Raina,Akanksha Dileep Nitture
20260201,Hard,Misaki Matsuda,Nicole Fossa Huergo
20260201,Hard,Zuzanna Pawlikowska,Anastasia Kulikova
20260201,Hard,Peangtarn Plipuech,Ankita Raina
20260201,Hard,Kristiana Sidorova,Yasmine Kabbaj
20260202,Hard,Mai Hontama,Alevtina Ibragimova
20260202,Hard,Mananchaya Sawangkaew,Viktoria Morvayova
20260202,Hard,Mei Yamaguchi,Polina Iatcenko
20260202,Hard,Misaki Matsuda,Ankita Raina
20260202,Hard,Miho Kuramochi,Nicole Fossa Huergo
20260202,Hard,Leolia Jeanjean,Vaidehee Chaudhari
20260203,Hard,Darja Semenistaja,Diletta Cherubini
20260203,Hard,Yasmine Kabbaj,Peangtarn Plipuech
20260203,Hard,Eri Shimizu,Sahaja Yamalapalli
20260203,Hard,Sohyun Park,Mimi Xu
20260203,Hard,Tian Fangran,Rina Saigo
20260203,Hard,Kristiana Sidorova,Shrivalli Bhamidipaty
20260203,Hard,Tatiana Prozorova,Priska Nugroho
20260203,Hard,Lilli Tagger,Vaishnavi Adkar
20260203,Hard,Hanne Vandewinkel,Zuzanna Pawlikowska
20260203,Hard,Lanlana Tararudee,Maaya Rajeshwaran Revathi
20260204,Hard,Mei Yamaguchi,Yasmine Kabbaj
20260204,Hard,Darja Semenistaja,Mai Hontama
20260204,Hard,Leolia Jeanjean,Miho Kuramochi
20260204,Hard,Mananchaya Sawangkaew,Misaki Matsuda
20260205,Hard,Tian Fangran,Hanne Vandewinkel
20260205,Hard,Lanlana Tararudee,Sohyun Park
20260205,Hard,Lilli Tagger,Eri Shimizu
20260205,Hard,Tatiana Prozorova,Kristiana Sidorova
20260206,Hard,Lanlana Tararudee,Leolia Jeanjean
20260206,Hard,Mananchaya Sawangkaew,Tatiana Prozorova
20260206,Hard,Lilli Tagger,Darja Semenistaja
20260206,Hard,Tian Fangran,Mei Yamaguchi
20260207,Hard,Mananchaya Sawangkaew,Lanlana Tararudee
20260207,Hard,Lilli Tagger,Tian Fangran
20260208,Hard,Mananchaya Sawangkaew,Lilli Tagger
20260131,Hard,Tamara Zidansek,Ekaterine Gorgodze
20260131,Hard,Lucrezia Stefanini,Briana Szabo
20260131,Hard,Kaitlin Quevedo,Alina Charaeva
20260131,Hard,Iryna Shymanovich,Irene Burillo
20260131,Hard,Maja Chwalinska,Mara Gae
20260131,Hard,Aliona Bolsova,Varvara Lepchenko
20260131,Hard,Leyre Romero Gormaz,Raluka Serban
20260131,Hard,Daria Snigur,Anhelina Kalinina
20260201,Hard,Kaitlin Quevedo,Iryna Shymanovich
20260201,Hard,Lucrezia Stefanini,Tamara Zidansek
20260201,Hard,Maja Chwalinska,Leyre Romero Gormaz
20260201,Hard,Daria Snigur,Aliona Bolsova
20260201,Hard,Yuan Yue,Antonia Ruzic
20260201,Hard,Sara Sorribes Tormo,Viktoriya Tomova
20260201,Hard,Anna Bondar,Ella Seidel
20260201,Hard,Oleksandra Oliynykova,Mayar Sherif
20260202,Hard,Kaja Juvan,Elena Ruxandra Bertea
20260202,Hard,Anastasia Zakharova,Karolina Pliskova
20260202,Hard,Tamara Zidansek,Veronika Erjavec
20260202,Hard,Olga Danilovic,Miriam Bulgaru
20260202,Hard,Maja Chwalinska,Ana Bogdan
20260202,Hard,Emma Raducanu,Greet Minnen
20260202,Hard,Sorana Cirstea,Kamilla Rakhimova
20260203,Hard,Oleksandra Oliynykova,Anna Bondar
20260203,Hard,Anastasia Potapova,Lucia Bronzetti
20260203,Hard,Yuan Yue,Sara Sorribes Tormo
20260203,Hard,Wang Xinyu,Kaitlin Quevedo
20260203,Hard,Rebeka Masarova,Elena-Gabriela Ruse
20260203,Hard,Daria Snigur,Tiantsoa Rakotomanga Rajaonah
20260203,Hard,Jaqueline Cristian,Lucrezia Stefanini
20260204,Hard,Wang Xinyu,Rebeka Masarova
20260204,Hard,Anastasia Potapova,Anastasia Zakharova
20260204,Hard,Maja Chwalinska,Olga Danilovic
20260204,Hard,Daria Snigur,Jaqueline Cristian
20260204,Hard,Sorana Cirstea,Tamara Zidansek
20260204,Hard,Emma Raducanu,Kaja Juvan
20260205,Hard,Oleksandra Oliynykova,Wang Xinyu
20260205,Hard,Emma Raducanu,Maja Chwalinska
20260205,Hard,Sorana Cirstea,Anastasia Potapova
20260205,Hard,Daria Snigur,Yuan Yue
20260206,Hard,Emma Raducanu,Oleksandra Oliynykova
20260206,Hard,Sorana Cirstea,Daria Snigur
20260207,Hard,Sorana Cirstea,Emma Raducanu
20260131,Hard,Katarzyna Piter,Emily Webley-Smith
20260131,Hard,Sonay Kartal,Yuliia Starodubtseva
20260131,Hard,Aliaksandra Sasnovich,Priscilla Hon
20260131,Hard,Simona Waltert,Arina Rodionova
20260131,Hard,Chloe Paquet,Elsa Jacquemot
20260131,Hard,Oksana Selekhmeteva,Ellen Perez
20260131,Hard,Sara Bejlek,Ekaterina Ovcharenko
20260131,Hard,Renata Zarazua,Vera Zvonareva
20260201,Hard,Simona Waltert,Katarzyna Piter
20260201,Hard,Sonay Kartal,Aliaksandra Sasnovich
20260201,Hard,Sara Bejlek,Chloe Paquet
20260201,Hard,Oksana Selekhmeteva,Renata Zarazua
20260201,Hard,Liudmila Samsonova,Sofia Kenin
20260201,Hard,McCartney Kessler,Anastasia Pavlyuchenkova
20260201,Hard,Leylah Fernandez,Chloe Paquet
20260201,Hard,Hailey Baptiste,Teodora Kostovic
20260202,Hard,Sonay Kartal,Cristina Bucsa
20260202,Hard,Sara Bejlek,Ashlyn Krueger
20260202,Hard,Aliaksandra Sasnovich,Paula Badosa
20260202,Hard,Simona Waltert,Daria Kasatkina
20260202,Hard,Janice Tjen,Maya Joint
20260202,Hard,Dayana Yastremska,Beatriz Haddad Maia
20260202,Hard,Jelena Ostapenko,Oksana Selekhmeteva
20260202,Hard,Alexandra Eala,Zeynep Sonmez
20260203,Hard,Liudmila Samsonova,Janice Tjen
20260203,Hard,McCartney Kessler,Leylah Fernandez
20260203,Hard,Hailey Baptiste,Emma Navarro
20260203,Hard,Clara Tauson,Simona Waltert
20260204,Hard,Ekaterina Alexandrova,Dayana Yastremska
20260204,Hard,Sara Bejlek,Jelena Ostapenko
20260204,Hard,Sonay Kartal,Renata Zarazua
20260204,Hard,Alexandra Eala,Aliaksandra Sasnovich
20260205,Hard,Clara Tauson,McCartney Kessler
20260205,Hard,Sara Bejlek,Sonay Kartal
20260205,Hard,Ekaterina Alexandrova,Alexandra Eala
20260205,Hard,Hailey Baptiste,Liudmila Samsonova
20260206,Hard,Ekaterina Alexandrova,Hailey Baptiste
20260206,Hard,Sara Bejlek,Clara Tauson
20260207,Hard,Sara Bejlek,Ekaterina Alexandrova
20260131,Hard,Katherine Sebov,Anna-Lena Friedsam
20260131,Hard,Mona Barthel,Julie Pastikova
20260131,Hard,Vendula Valdmannova,Laura Samson
20260131,Hard,Gabriela Knutson,Anastasiia Sobolieva
20260131,Hard,Anna Siskova,Barbora Palicova
20260131,Hard,Susan Bandecchi,Katarzyna Kawa
20260131,Hard,Fiona Ferro,Dominika Salkova
20260131,Hard,Laura Pigossi,Caroline Werner
20260201,Hard,Vendula Valdmannova,Gabriela Knutson
20260201,Hard,Mona Barthel,Katherine Sebov
20260201,Hard,Anna Siskova,Susan Bandecchi
20260201,Hard,Elina Avanesyan,Moyuka Uchijima
20260201,Hard,Katie Volynets,Linda Klimovicova
20260201,Hard,Fiona Ferro,Laura Pigossi
20260201,Hard,Tereza Martincova,Dalma Galfi
20260201,Hard,Panna Udvardy,Darja Vidmanova
20260201,Hard,Catherine McNally,Suzan Lamens
20260202,Hard,Diane Parry,Oceane Dodin
20260202,Hard,Alycia Parks,Julia Grabher
20260202,Hard,Tamara Korpatsch,Anna Siskova
20260202,Hard,Fiona Ferro,Brenda Fruhvirtova
20260202,Hard,Nikola Bartunkova,Anna Blinkova
20260202,Hard,Linda Fruhvirtova,Mona Barthel
20260203,Hard,Rebecca Sramkova,Vendula Valdmannova
20260203,Hard,Katie Boulter,Lucie Havlickova
20260203,Hard,Viktorija Golubic,Sinja Kraus
20260203,Hard,Katie Volynets,Tatjana Maria
20260203,Hard,Catherine McNally,Tereza Martincova
20260203,Hard,Alycia Parks,Elina Avanesyan
20260204,Hard,Tamara Korpatsch,Emiliana Arango
20260204,Hard,Katie Boulter,Viktorija Golubic
20260204,Hard,Linda Fruhvirtova,Rebecca Sramkova
20260204,Hard,Nikola Bartunkova,Fiona Ferro
20260204,Hard,Diane Parry,Panna Udvardy
20260205,Hard,Katie Volynets,Alycia Parks
20260205,Hard,Katie Boulter,Linda Fruhvirtova
20260205,Hard,Diane Parry,Nikola Bartunkova
20260205,Hard,Tamara Korpatsch,Catherine McNally
20260206,Hard,Katie Boulter,Katie Volynets
20260206,Hard,Tamara Korpatsch,Diane Parry
20260207,Hard,Katie Boulter,Tamara Korpatsch
20260206,Hard,Beatriz Haddad Maia,Mubaraka Al-Naimi
20260206,Hard,Anastasia Zakharova,Julia Grabher
20260206,Hard,Yuliia Starodubtseva,Antonia Ruzic
20260206,Hard,Varvara Gracheva,Aliaksandra Sasnovich
20260206,Hard,Solana Sierra,Hind Al-Mudahka
20260206,Hard,Kimberly Birrell,Renata Zarazua
20260206,Hard,Magdalena Frech,Berfu Cengiz
20260206,Hard,Moyuka Uchijima,Rebecca Sramkova
20260206,Hard,Sonay Kartal,Simona Waltert
20260206,Hard,Tereza Valentova,Arina Rodionova
20260206,Hard,Elisabetta Cocciaretto,Ekaterine Gorgodze
20260206,Hard,Ella Seidel,Katarzyna Kawa
20260206,Hard,Alycia Parks,Rebeka Masarova
20260206,Hard,Storm Hunter,Aleksandra Krunic
20260206,Hard,Camila Osorio,Priscilla Hon
20260206,Hard,Vera Zvonareva,Zhang Shuai
20260207,Hard,Moyuka Uchijima,Yuliia Starodubtseva
20260207,Hard,Sonay Kartal,Kimberly Birrell
20260207,Hard,Anastasia Zakharova,Beatriz Haddad Maia
20260207,Hard,Varvara Gracheva,Elisabetta Cocciaretto
20260207,Hard,Vera Zvonareva,Magdalena Frech
20260207,Hard,Alycia Parks,Solana Sierra
20260207,Hard,Camila Osorio,Storm Hunter
20260207,Hard,Tereza Valentova,Ella Seidel
20260208,Hard,Magdalena Frech,Liudmila Samsonova
20260208,Hard,Vera Zvonareva,Peyton Stearns
20260208,Hard,Varvara Gracheva,Laura Siegemund
20260208,Hard,Elise Mertens,Anastasia Pavlyuchenkova
20260208,Hard,Elisabetta Cocciaretto,Elsa Jacquemot
20260208,Hard,Alycia Parks,Diana Shnaider
20260208,Hard,Ann Li,Leylah Fernandez
20260208,Hard,Magda Linette,Sonay Kartal
20260208,Hard,Victoria Mboko,Marie Bouzkova
20260208,Hard,Karolina Pliskova,Solana Sierra
20260208,Hard,Daria Kasatkina,Moyuka Uchijima
20260208,Hard,Karolina Muchova,Jaqueline Cristian
20260209,Hard,Linda Noskova,Maya Joint
20260209,Hard,Wang Xinyu,Emiliana Arango
20260209,Hard,Dayana Yastremska,Cristina Bucsa
20260209,Hard,Katerina Siniakova,Clara Tauson
20260209,Hard,Tereza Valentova,Alexandra Eala
20260209,Hard,Emma Navarro,Tatjana Maria
20260209,Hard,Zheng Qinwen,Sofia Kenin
20260209,Hard,Jelena Ostapenko,Anastasia Zakharova
20260209,Hard,Maria Sakkari,Zeynep Sonmez
20260209,Hard,Anna Kalinskaya,Jessica Bouzas Maneiro
20260209,Hard,Karolina Pliskova,Amanda Anisimova
20260209,Hard,Camila Osorio,Emma Raducanu
20260209,Hard,Janice Tjen,Beatriz Haddad Maia
20260209,Hard,Mirra Andreeva,Magda Linette
20260210,Hard,Daria Kasatkina,Elise Mertens
20260210,Hard,Ann Li,Magdalena Frech
20260210,Hard,Maria Sakkari,Jasmine Paolini
20260210,Hard,Jelena Ostapenko,Ekaterina Alexandrova
20260210,Hard,Elisabetta Cocciaretto,Coco Gauff
20260210,Hard,Victoria Mboko,Vera Zvonareva
20260210,Hard,Varvara Gracheva,Linda Noskova
20260210,Hard,Elina Svitolina,Dayana Yastremska
20260210,Hard,Iga Swiatek,Janice Tjen
20260210,Hard,Camila Osorio,Katerina Siniakova
20260210,Hard,Karolina Muchova,Tereza Valentova
20260210,Hard,Zheng Qinwen,Alycia Parks
20260210,Hard,Elena Rybakina,Wang Xinyu
20260210,Hard,Anna Kalinskaya,Emma Navarro
20260211,Hard,Maria Sakkari,Varvara Gracheva
20260211,Hard,Elisabetta Cocciaretto,Ann Li
20260211,Hard,Victoria Mboko,Mirra Andreeva
20260211,Hard,Jelena Ostapenko,Camila Osorio
20260211,Hard,Iga Swiatek,Daria Kasatkina
20260211,Hard,Karolina Muchova,Karolina Pliskova
20260211,Hard,Elena Rybakina,Zheng Qinwen
20260211,Hard,Anna Kalinskaya,Elina Svitolina
20260212,Hard,Jelena Ostapenko,Elisabetta Cocciaretto
20260212,Hard,Maria Sakkari,Iga Swiatek
20260212,Hard,Victoria Mboko,Elena Rybakina
20260212,Hard,Karolina Muchova,Anna Kalinskaya
20260213,Hard,Victoria Mboko,Jelena Ostapenko
20260213,Hard,Karolina Muchova,Maria Sakkari
20260214,Hard,Karolina Muchova,Victoria Mboko
20260208,Hard,Carolyn Ansari,Emily Appleton
20260208,Hard,Dalila Jakupovic,Analu Freitas
20260208,Hard,Varvara Lepchenko,Ylena In-Albon
20260208,Hard,Lucija Ciric Bagaric,Angela Fita Boluda
20260208,Hard,Naiktha Bains,Isabella Shinikova
20260208,Hard,Nuria Parrizas Diaz,Yasmine Mansouri
20260208,Hard,Noma Noha Akugue,Sara Lanca
20260208,Hard,En-Shuo Liang,Sara Sorribes Tormo
20260209,Hard,Varvara Lepchenko,Carolyn Ansari
20260209,Hard,Dalila Jakupovic,Lucija Ciric Bagaric
20260209,Hard,Nuria Parrizas Diaz,Naiktha Bains
20260209,Hard,Noma Noha Akugue,En-Shuo Liang
20260209,Hard,Lucrezia Stefanini,Angelina Voloshchuk
20260209,Hard,Iryna Shymanovich,Carole Monnet
20260209,Hard,Darja Vidmanova,Gabriela Agra Amorim
20260209,Hard,Suzan Lamens,Aliona Bolsova
20260209,Hard,Viktorija Golubic,Elina Avanesyan
20260210,Hard,Francisca Jorge,Linda Klimovicova
20260210,Hard,Lola Radivojevic,Dominika Salkova
20260210,Hard,Maja Chwalinska,Noma Noha Akugue
20260210,Hard,Matilde Jorge,Varvara Lepchenko
20260210,Hard,Anhelina Kalinina,En-Shuo Liang
20260210,Hard,Nuria Parrizas Diaz,Tiantsoa Rakotomanga Rajaonah
20260210,Hard,Leyre Romero Gormaz,Victoria Jimenez Kasintseva
20260210,Hard,Dalma Galfi,Fiona Crawley
20260210,Hard,Alina Korneeva,Anna-Lena Friedsam
20260210,Hard,Greet Minnen,Dalila Jakupovic
20260210,Hard,Kaitlin Quevedo,Viktoriya Tomova
20260211,Hard,Suzan Lamens,Iryna Shymanovich
20260211,Hard,Darja Vidmanova,Francisca Jorge
20260211,Hard,Dalma Galfi,Anhelina Kalinina
20260211,Hard,Maja Chwalinska,Nuria Parrizas Diaz
20260212,Hard,Matilde Jorge,Kaitlin Quevedo
20260212,Hard,Leyre Romero Gormaz,Lola Radivojevic
20260212,Hard,Alina Korneeva,Greet Minnen
20260212,Hard,Lucrezia Stefanini,Viktorija Golubic
20260213,Hard,Alina Korneeva,Leyre Romero Gormaz
20260213,Hard,Matilde Jorge,Lucrezia Stefanini
20260213,Hard,Maja Chwalinska,Suzan Lamens
20260213,Hard,Darja Vidmanova,Dalma Galfi
20260214,Hard,Darja Vidmanova,Maja Chwalinska
20260214,Hard,Alina Korneeva,Matilde Jorge
20260215,Hard,Alina Korneeva,Darja Vidmanova
20260213,Hard,Magdalena Frech,Ekaterina Yashina
20260213,Hard,Kamilla Rakhimova,Solana Sierra
20260213,Hard,Veronika Erjavec,Elsa Jacquemot
20260213,Hard,Moyuka Uchijima,Anna Bondar
20260213,Hard,Rebecca Sramkova,Antonia Ruzic
20260213,Hard,Ella Seidel,Anastasia Potapova
20260213,Hard,Varvara Gracheva,Priscilla Hon
20260213,Hard,Hailey Baptiste,Zhang Shuai
20260213,Hard,Peyton Stearns,Vera Zvonareva
20260213,Hard,Elena-Gabriela Ruse,Yuliia Starodubtseva
20260213,Hard,Kimberly Birrell,Tereza Valentova
20260213,Hard,Katie Volynets,Alycia Parks
20260213,Hard,Sonay Kartal,Storm Hunter
20260213,Hard,Anastasia Zakharova,Julia Grabher
20260213,Hard,Aliaksandra Sasnovich,Petra Marcinko
20260213,Hard,Elisabetta Cocciaretto,Donna Vekic
20260214,Hard,Ella Seidel,Kamilla Rakhimova
20260214,Hard,Moyuka Uchijima,Veronika Erjavec
20260214,Hard,Rebecca Sramkova,Hailey Baptiste
20260214,Hard,Elena-Gabriela Ruse,Peyton Stearns
20260214,Hard,Kimberly Birrell,Katie Volynets
20260214,Hard,Varvara Gracheva,Magdalena Frech
20260214,Hard,Elisabetta Cocciaretto,Anastasia Zakharova
20260214,Hard,Aliaksandra Sasnovich,Sonay Kartal
20260215,Hard,Janice Tjen,Dayana Yastremska
20260215,Hard,Linda Noskova,Ann Li
20260215,Hard,Peyton Stearns,Magdalena Frech
20260215,Hard,Kimberly Birrell,Tatjana Maria
20260215,Hard,Elise Mertens,Marie Bouzkova
20260215,Hard,Barbora Krejcikova,Anastasia Pavlyuchenkova
20260215,Hard,Leylah Fernandez,Liudmila Samsonova
20260215,Hard,Ella Seidel,Cristina Bucsa
20260215,Hard,Diana Shnaider,Maya Joint
20260215,Hard,Magda Linette,Lulu Sun
20260215,Hard,Alexandra Eala,Hailey Baptiste
20260215,Hard,Sara Bejlek,Zeynep Sonmez
20260216,Hard,Iva Jovic,Kamilla Rakhimova
20260216,Hard,Emma Navarro,Elena-Gabriela Ruse
20260216,Hard,Varvara Gracheva,Rebecca Sramkova
20260216,Hard,Sorana Cirstea,Aliaksandra Sasnovich
20260216,Hard,Clara Tauson,Sofia Kenin
20260216,Hard,Daria Kasatkina,Laura Siegemund
20260216,Hard,Belinda Bencic,Jessica Bouzas Maneiro
20260216,Hard,Janice Tjen,Leylah Fernandez
20260216,Hard,Anastasia Zakharova,Moyuka Uchijima
20260216,Hard,Antonia Ruzic,Emma Raducanu
20260216,Hard,Anna Kalinskaya,Jelena Ostapenko
20260216,Hard,Paula Badosa,Katerina Siniakova
20260216,Hard,Jaqueline Cristian,Petra Marcinko
20260216,Hard,Amanda Anisimova,Barbora Krejcikova
20260217,Hard,Clara Tauson,Peyton Stearns
20260217,Hard,Magda Linette,Ekaterina Alexandrova
20260217,Hard,Jessica Pegula,Varvara Gracheva
20260217,Hard,Belinda Bencic,Sara Bejlek
20260217,Hard,Mirra Andreeva,Daria Kasatkina
20260217,Hard,Iva Jovic,Diana Shnaider
20260217,Hard,Elise Mertens,Emma Navarro
20260217,Hard,Jaqueline Cristian,Ella Seidel
20260217,Hard,Antonia Ruzic,Anastasia Zakharova
20260217,Hard,Coco Gauff,Anna Kalinskaya
20260217,Hard,Elina Svitolina,Paula Badosa
20260217,Hard,Sorana Cirstea,Linda Noskova
20260217,Hard,Elena Rybakina,Kimberly Birrell
20260217,Hard,Alexandra Eala,Jasmine Paolini
20260218,Hard,Clara Tauson,Magda Linette
20260218,Hard,Amanda Anisimova,Janice Tjen
20260218,Hard,Mirra Andreeva,Jaqueline Cristian
20260218,Hard,Jessica Pegula,Iva Jovic
20260218,Hard,Antonia Ruzic,Elena Rybakina
20260218,Hard,Elina Svitolina,Belinda Bencic
20260218,Hard,Coco Gauff,Elise Mertens
20260218,Hard,Alexandra Eala,Sorana Cirstea
20260219,Hard,Jessica Pegula,Clara Tauson
20260219,Hard,Amanda Anisimova,Mirra Andreeva
20260219,Hard,Coco Gauff,Alexandra Eala
20260219,Hard,Elina Svitolina,Antonia Ruzic
20260220,Hard,Jessica Pegula,Amanda Anisimova
20260220,Hard,Elina Svitolina,Coco Gauff
20260221,Hard,Jessica Pegula,Elina Svitolina
20260221,Hard,Otto Virtanen,Aleksandar Vukic
20260221,Hard,Giovanni Mpetshi Perricard,Shintaro Mochizuki
20260221,Hard,Jan Choinski,Jesper de Jong
20260221,Hard,Jan-Lennard Struff,Abdulrahman Al Janahi
20260221,Hard,Luca Nardi,Marco Trungelliti
20260221,Hard,Pablo Carreno Busta,Botic Van De Zandschulp
20260221,Hard,Aleksandr Shevchenko,Nikoloz Basilashvili
20260221,Hard,Quentin Halys,Christopher O'Connell
20260222,Hard,Giovanni Mpetshi Perricard,Jan Choinski
20260222,Hard,Otto Virtanen,Jan-Lennard Struff
20260222,Hard,Pablo Carreno Busta,Luca Nardi
20260222,Hard,Quentin Halys,Aleksandr Shevchenko
20260223,Hard,Giovanni Mpetshi Perricard,Moez Echargui
20260223,Hard,Stan Wawrinka,Benjamin Hassan
20260223,Hard,Felix Auger-Aliassime,Zhang Zhizhen
20260223,Hard,Jack Draper,Quentin Halys
20260224,Hard,Daniil Medvedev,Shang Juncheng
20260224,Hard,Pablo Carreno Busta,Denis Shapovalov
20260224,Hard,Jenson Brooksby,Zizou Bergs
20260224,Hard,Karen Khachanov,Aleksandr Shevchenko
20260224,Hard,Arthur Rinderknech,Fabian Marozsan
20260224,Hard,Alexander Bublik,Jan-Lennard Struff
20260224,Hard,Tallon Griekspoor,Otto Virtanen
20260224,Hard,Jiri Lehecka,Luca Nardi
20260224,Hard,Ugo Humbert,Stefanos Tsitsipas
20260224,Hard,Alexei Popyrin,Kamil Majchrzak
20260224,Hard,Jakub Mensik,Hubert Hurkacz
20260224,Hard,Andrey Rublev,Valentin Royer
20260225,Hard,Jenson Brooksby,Karen Khachanov
20260225,Hard,Daniil Medvedev,Stan Wawrinka
20260225,Hard,Felix Auger-Aliassime,Giovanni Mpetshi Perricard
20260225,Hard,Jiri Lehecka,Pablo Carreno Busta
20260225,Hard,Tallon Griekspoor,Alexander Bublik
20260225,Hard,Andrey Rublev,Ugo Humbert
20260225,Hard,Jakub Mensik,Alexei Popyrin
20260225,Hard,Arthur Rinderknech,Jack Draper
20260226,Hard,Daniil Medvedev,Jenson Brooksby
20260226,Hard,Felix Auger-Aliassime,Jiri Lehecka
20260226,Hard,Andrey Rublev,Arthur Rinderknech
20260226,Hard,Tallon Griekspoor,Jakub Mensik
20260227,Hard,Daniil Medvedev,Felix Auger-Aliassime
20260227,Hard,Tallon Griekspoor,Andrey Rublev
20260228,Hard,Daniil Medvedev,Tallon Griekspoor
20260215,Hard,Alana Smith,Ellie Schoppe
20260215,Hard,Sakura Hosogi,Carson Tanguilig
20260215,Hard,Sara Daavettila,Savannah Matuszewski
20260215,Hard,Lea Ma,Jamie Loeb
20260215,Hard,Dalayna Hewitt,Valeriya Strakhova
20260215,Hard,Sofia Elena Cabezas Dominguez,Martina Capurro Taborda
20260215,Hard,Victoria Hu,Mary Lewis
20260215,Hard,Xu Shilin,Mariia Tkacheva
20260216,Hard,Sakura Hosogi,Alana Smith
20260216,Hard,Lea Ma,Sara Daavettila
20260216,Hard,Xu Shilin,Victoria Hu
20260216,Hard,Dalayna Hewitt,Sofia Elena Cabezas Dominguez
20260216,Hard,Madison Brengle,Katrina Scott
20260216,Hard,Mary Stoiana,Hanna Chang
20260216,Hard,Anna Frey,Elizabeth Mandlik
20260216,Hard,Katherine Sebov,Ashlyn Krueger
20260216,Hard,You Xiaodi,Lia Karatancheva
20260217,Hard,Alina Charaeva,Xu Shilin
20260217,Hard,Whitney Osuigwe,Dalayna Hewitt
20260217,Hard,Gabriela Lee,Lea Ma
20260217,Hard,Katarina Jokic,Elizabeth Jones
20260217,Hard,Kayla Cross,Cadence Brace
20260217,Hard,Elvina Kalieva,Anna Rogers
20260217,Hard,Guo Hanyu,Louisa Chirico
20260218,Hard,Kayla Day,Elizabeth Coleman
20260218,Hard,Sakura Hosogi,Claire Liu
20260218,Hard,Nao Hibino,Carolyn Ansari
20260218,Hard,Darja Vidmanova,Kanon Sawashiro
20260218,Hard,Katherine Sebov,Kayla Cross
20260218,Hard,Mary Stoiana,Madison Brengle
20260218,Hard,Alina Charaeva,You Xiaodi
20260219,Hard,Anna Frey,Kayla Day
20260219,Hard,Darja Vidmanova,Gabriela Lee
20260219,Hard,Nao Hibino,Whitney Osuigwe
20260219,Hard,Guo Hanyu,Katarina Jokic
20260220,Hard,Elvina Kalieva,Sakura Hosogi
20260220,Hard,Darja Vidmanova,Anna Frey
20260220,Hard,Alina Charaeva,Nao Hibino
20260220,Hard,Mary Stoiana,Katherine Sebov
20260221,Hard,Guo Hanyu,Elvina Kalieva
20260221,Hard,Guo Hanyu,Mary Stoiana
20260221,Hard,Alina Charaeva,Darja Vidmanova
20260222,Hard,Alina Charaeva,Guo Hanyu
20260215,Hard,Yasmine Mansouri,Analu Freitas
20260215,Hard,Nika Radisic,Sara Lanca
20260215,Hard,En-Shuo Liang,Teresa Franco Dias
20260215,Hard,Dalila Jakupovic,Freya Christie
20260215,Hard,Eden Silva,Lucija Ciric Bagaric
20260215,Hard,Gina Dittmann,Kika Lima
20260215,Hard,Naiktha Bains,Makoto Ninomiya
20260215,Hard,Nadiia Kolb,Gabriela Agra Amorim
20260215,Hard,Dalila Jakupovic,Nika Radisic
20260216,Hard,Yasmine Mansouri,Nadiia Kolb
20260216,Hard,En-Shuo Liang,Gina Dittmann
20260216,Hard,Naiktha Bains,Eden Silva
20260216,Hard,Ayana Akli,Gabriela Knutson
20260216,Hard,Viktorija Golubic,Ana Filipa Santos
20260216,Hard,Suzan Lamens,Carole Monnet
20260216,Hard,Kaitlin Quevedo,Emily Appleton
20260216,Hard,Fiona Crawley,Madalena Matias
20260217,Hard,Viktoriya Tomova,Dalila Jakupovic
20260217,Hard,Angelina Voloshchuk,Elina Avanesyan
20260217,Hard,En-Shuo Liang,Anastasia Tikhonova
20260217,Hard,Francisca Jorge,Linda Klimovicova
20260217,Hard,Anouk Koevermans,Yuan Yue
20260217,Hard,Naiktha Bains,Barbora Palicova
20260217,Hard,Matilde Jorge,Yasmine Mansouri
20260217,Hard,Teodora Kostovic,Sara Sorribes Tormo
20260217,Hard,Sinja Kraus,Caroline Werner
20260217,Hard,Daria Snigur,Viktoria Hruncakova
20260217,Hard,Iryna Shymanovich,Nuria Parrizas Diaz
20260218,Hard,Viktoriya Tomova,En-Shuo Liang
20260218,Hard,Suzan Lamens,Angelina Voloshchuk
20260218,Hard,Kaitlin Quevedo,Ayana Akli
20260218,Hard,Viktorija Golubic,Fiona Crawley
20260219,Hard,Sinja Kraus,Iryna Shymanovich
20260219,Hard,Daria Snigur,Naiktha Bains
20260219,Hard,Francisca Jorge,Matilde Jorge
20260219,Hard,Teodora Kostovic,Anouk Koevermans
20260220,Hard,Suzan Lamens,Viktoriya Tomova
20260220,Hard,Daria Snigur,Sinja Kraus
20260220,Hard,Teodora Kostovic,Francisca Jorge
20260220,Hard,Viktorija Golubic,Kaitlin Quevedo
20260221,Hard,Daria Snigur,Suzan Lamens
20260221,Hard,Viktorija Golubic,Teodora Kostovic
20260222,Hard,Daria Snigur,Viktorija Golubic
20260215,Hard,Yang Yidi,Alicia Dudeney
20260215,Hard,Astrid Lew Yan Foon,Nahia Berecoechea
20260215,Hard,Ekaterina Kazionova,Mallaurie Noel
20260215,Hard,Diana Martynov,Tiphanie Lemaitre
20260216,Hard,Diana Martynov,Lisa Pigato
20260216,Hard,Carol Young Suh Lee,Anna-Lena Friedsam
20260216,Hard,Astrid Lew Yan Foon,Ekaterina Kazionova
20260216,Hard,Dominika Salkova,Anastasiia Sobolieva
20260216,Hard,Sofia Costoulas,Chloe Paquet
20260216,Hard,Mona Barthel,Tiphanie Lemaitre
20260217,Hard,Manon Leonard,Raluka Serban
20260217,Hard,Camilla Rosatello,Greet Minnen
20260217,Hard,Aliona Bolsova,Darja Semenistaja
20260217,Hard,Anna Siskova,Jessika Ponchet
20260217,Hard,Andrea Lazaro Garcia,Lucia Bronzetti
20260217,Hard,Harmony Tan,Irene Burillo
20260217,Hard,Oceane Dodin,Tamara Korpatsch
20260217,Hard,Kristina Mladenovic,Yang Yidi
20260218,Hard,Fiona Ferro,Lucrezia Stefanini
20260218,Hard,Alina Korneeva,Lola Radivojevic
20260218,Hard,Mona Barthel,Camilla Rosatello
20260218,Hard,Dominika Salkova,Anna Siskova
20260218,Hard,Carol Young Suh Lee,Aliona Bolsova
20260218,Hard,Sofia Costoulas,Astrid Lew Yan Foon
20260218,Hard,Diana Martynov,Oceane Dodin
20260219,Hard,Alina Korneeva,Harmony Tan
20260219,Hard,Fiona Ferro,Kristina Mladenovic
20260219,Hard,Andrea Lazaro Garcia,Manon Leonard
20260220,Hard,Alina Korneeva,Carol Young Suh Lee
20260220,Hard,Fiona Ferro,Sofia Costoulas
20260220,Hard,Dominika Salkova,Mona Barthel
20260220,Hard,Andrea Lazaro Garcia,Diana Martynov
20260221,Hard,Dominika Salkova,Alina Korneeva
20260221,Hard,Andrea Lazaro Garcia,Fiona Ferro
20260222,Hard,Dominika Salkova,Andrea Lazaro Garcia
20260221,Hard,Louisa Chirico,Emily Appleton
20260221,Hard,Elizabeth Mandlik,Jennifer Brady
20260221,Hard,Nikola Bartunkova,Mariia Tkacheva
20260221,Hard,Rebeka Masarova,Gina Feistel
20260221,Hard,Linda Fruhvirtova,Anna Rogers
20260221,Hard,Caroline Dolehide,Ena Shibahara
20260221,Hard,Nao Hibino,Gabriela Lee
20260221,Hard,Madison Brengle,Kayla Day
20260221,Hard,Claire Liu,Himeno Sakatsume
20260221,Hard,Yuan Yue,Nadia Elle Valdez
20260221,Hard,Joanna Garland,You Xiaodi
20260221,Hard,Whitney Osuigwe,Carmen Andreea Herea
20260222,Hard,Caroline Dolehide,Nao Hibino
20260222,Hard,Elizabeth Mandlik,Linda Fruhvirtova
20260222,Hard,Nikola Bartunkova,Louisa Chirico
20260222,Hard,Whitney Osuigwe,Yuan Yue
20260222,Hard,Rebeka Masarova,Madison Brengle
20260222,Hard,Claire Liu,Joanna Garland
20260223,Hard,Oksana Selekhmeteva,Alycia Parks
20260223,Hard,Kamilla Rakhimova,Anna Bondar
20260223,Hard,Nikola Bartunkova,Katie Volynets
20260224,Hard,Whitney Osuigwe,Elizabeth Mandlik
20260224,Hard,Taylor Townsend,Linda Fruhvirtova
20260224,Hard,Rebeka Masarova,Wang Xinyu
20260224,Hard,Iva Jovic,Anna Blinkova
20260224,Hard,Dalma Galfi,Bianca Andreescu
20260224,Hard,Kaja Juvan,Claire Liu
20260224,Hard,Ajla Tomljanovic,Venus Williams
20260224,Hard,Kimberly Birrell,Petra Marcinko
20260224,Hard,Ashlyn Krueger,Catherine McNally
20260224,Hard,Yuan Yue,Rebecca Sramkova
20260225,Hard,Peyton Stearns,Francesca Jones
20260225,Hard,Anastasia Zakharova,Mary Stoiana
20260225,Hard,Caroline Dolehide,Lulu Sun
20260225,Hard,Oksana Selekhmeteva,Kamilla Rakhimova
20260225,Hard,Rebeka Masarova,Whitney Osuigwe
20260225,Hard,Taylor Townsend,Nikola Bartunkova
20260226,Hard,Yuan Yue,Dalma Galfi
20260226,Hard,Ashlyn Krueger,Anastasia Zakharova
20260226,Hard,Peyton Stearns,Kaja Juvan
20260226,Hard,Kimberly Birrell,Caroline Dolehide
20260227,Hard,Ajla Tomljanovic,Iva Jovic
20260227,Hard,Kimberly Birrell,Ajla Tomljanovic
20260227,Hard,Taylor Townsend,Rebeka Masarova
20260228,Hard,Peyton Stearns,Oksana Selekhmeteva
20260228,Hard,Ashlyn Krueger,Yuan Yue
20260228,Hard,Peyton Stearns,Kimberly Birrell
20260228,Hard,Taylor Townsend,Ashlyn Krueger
20260301,Hard,Peyton Stearns,Taylor Townsend
20260221,Hard,Priscilla Hon,Victoria Rodriguez
20260221,Hard,Cadence Brace,Sachia Vickery
20260221,Hard,Zhang Shuai,Katarzyna Piter
20260221,Hard,Martina Trevisan,Ana Sofia Sanchez
20260221,Hard,Varvara Lepchenko,Katrina Scott
20260221,Hard,Maria Timofeeva,Martina Capurro Taborda
20260221,Hard,Maria Lourdes Carle,Tiphanie Lemaitre
20260221,Hard,Elina Avanesyan,Marian Gomez Pezuela Cano
20260221,Hard,Lia Karatancheva,Kayla Cross
20260221,Hard,Victoria Jimenez Kasintseva,Katarina Jokic
20260221,Hard,Heather Watson,Diane Parry
20260221,Hard,Miriana Tona,Valeriya Strakhova
20260222,Hard,Zhang Shuai,Martina Trevisan
20260222,Hard,Maria Timofeeva,Maria Lourdes Carle
20260222,Hard,Cadence Brace,Priscilla Hon
20260222,Hard,Varvara Lepchenko,Elina Avanesyan
20260222,Hard,Heather Watson,Lia Karatancheva
20260222,Hard,Victoria Jimenez Kasintseva,Miriana Tona
20260223,Hard,Marina Stakusic,Dayana Yastremska
20260223,Hard,Victoria Jimenez Kasintseva,Yulia Putintseva
20260224,Hard,Katie Boulter,Beatriz Haddad Maia
20260224,Hard,Emiliana Arango,Anastasia Potapova
20260224,Hard,Magda Linette,Tatjana Maria
20260224,Hard,Camila Osorio,Janice Tjen
20260224,Hard,Cristina Bucsa,Donna Vekic
20260224,Hard,Jessica Bouzas Maneiro,Heather Watson
20260224,Hard,Magdalena Frech,Maria Timofeeva
20260225,Hard,Zeynep Sonmez,Cadence Brace
20260225,Hard,Priscilla Hon,Renata Zarazua
20260225,Hard,Zhang Shuai,Varvara Lepchenko
20260225,Hard,Victoria Jimenez Kasintseva,Magda Linette
20260225,Hard,Marie Bouzkova,Emiliana Arango
20260226,Hard,Katie Boulter,Camila Osorio
20260226,Hard,Cristina Bucsa,Marina Stakusic
20260226,Hard,Magdalena Frech,Jessica Bouzas Maneiro
20260226,Hard,Zeynep Sonmez,Ann Li
20260227,Hard,Jasmine Paolini,Priscilla Hon
20260227,Hard,Zhang Shuai,Emma Navarro
20260227,Hard,Magdalena Frech,Marie Bouzkova
20260227,Hard,Cristina Bucsa,Zeynep Sonmez
20260228,Hard,Zhang Shuai,Victoria Jimenez Kasintseva
20260228,Hard,Jasmine Paolini,Katie Boulter
20260301,Hard,Magdalena Frech,Zhang Shuai
20260301,Hard,Cristina Bucsa,Jasmine Paolini
20260301,Hard,Cristina Bucsa,Magdalena Frech
20260222,Hard,Iryna Shymanovich,Denislava Glushkova
20260222,Hard,Alevtina Ibragimova,Polona Hercog
20260222,Hard,Mia Ristic,Darya Astakhova
20260222,Hard,Martina Colmegna,Carolina Alves
20260222,Hard,Dalila Spiteri,Ikumi Yamazaki
20260222,Hard,Anastasia Zolotareva,Deniz Cakil
20260222,Hard,Amarissa Toth,Sofia Shapatava
20260222,Hard,Katarina Zavatska,Defne Cirpanli
20260223,Hard,Alevtina Ibragimova,Mia Ristic
20260223,Hard,Anastasia Zolotareva,Martina Colmegna
20260223,Hard,Katarina Zavatska,Iryna Shymanovich
20260223,Hard,Dalila Spiteri,Amarissa Toth
20260224,Hard,Anastasia Zolotareva,Julia Riera
20260224,Hard,Mayar Sherif,Guiomar Maristany Zuleta De Reales
20260224,Hard,Moyuka Uchijima,Katarzyna Kawa
20260224,Hard,Nuria Brancaccio,Ada Kumru
20260224,Hard,Iryna Shymanovich,Laura Pigossi
20260224,Hard,Veronika Erjavec,Ilay Yoruk
20260224,Hard,Leyre Romero Gormaz,Dalila Spiteri
20260225,Hard,Amarissa Toth,Alice Rame
20260225,Hard,Ekaterine Gorgodze,Adelina Lachinova
20260225,Hard,Selena Janicijevic,Arantxa Rus
20260225,Hard,Panna Udvardy,Carole Monnet
20260225,Hard,Katarina Zavatska,Julia Grabher
20260225,Hard,Anastasia Gasanova,Ipek Oz
20260225,Hard,Despina Papamichail,Lucia Bronzetti
20260225,Hard,Anhelina Kalinina,Alevtina Ibragimova
20260225,Hard,Oleksandra Oliynykova,Polina Kudermetova
20260226,Hard,Nuria Brancaccio,Panna Udvardy
20260226,Hard,Moyuka Uchijima,Anastasia Gasanova
20260226,Hard,Veronika Erjavec,Leyre Romero Gormaz
20260226,Hard,Despina Papamichail,Iryna Shymanovich
20260226,Hard,Ekaterine Gorgodze,Selena Janicijevic
20260226,Hard,Mayar Sherif,Anastasia Zolotareva
20260226,Hard,Amarissa Toth,Oleksandra Oliynykova
20260226,Hard,Anhelina Kalinina,Katarina Zavatska
20260227,Hard,Anhelina Kalinina,Ekaterine Gorgodze
20260227,Hard,Moyuka Uchijima,Despina Papamichail
20260227,Hard,Veronika Erjavec,Nuria Brancaccio
20260227,Hard,Mayar Sherif,Amarissa Toth
20260228,Hard,Moyuka Uchijima,Mayar Sherif
20260228,Hard,Anhelina Kalinina,Veronika Erjavec
20260301,Hard,Moyuka Uchijima,Anhelina Kalinina
20260301,Hard,Anastasia Zakharova,Caroline Dolehide
20260301,Hard,Nikola Bartunkova,Emerson Jones
20260301,Hard,Himeno Sakatsume,Simona Waltert
20260301,Hard,Linda Fruhvirtova,Varvara Lepchenko
20260301,Hard,Lulu Sun,Maddison Inglis
20260301,Hard,Diane Parry,Elizabeth Mandlik
20260301,Hard,Kamilla Rakhimova,Maria Lourdes Carle
20260301,Hard,Maria Timofeeva,Suzan Lamens
20260301,Hard,Elvina Kalieva,Yuliia Starodubtseva
20260301,Hard,Marina Stakusic,Viktorija Golubic
20260301,Hard,Darja Vidmanova,Martina Trevisan
20260301,Hard,Talia Gibson,Madison Brengle
20260301,Hard,Kayla Day,Aliaksandra Sasnovich
20260301,Hard,Leolia Jeanjean,Mary Stoiana
20260301,Hard,Darja Semenistaja,Whitney Osuigwe
20260301,Hard,Lanlana Tararudee,Julieta Pareja
20260302,Hard,Katie Boulter,Viktoriya Tomova
20260302,Hard,Dalma Galfi,Yuan Yue
20260302,Hard,Mananchaya Sawangkaew,Rebeka Masarova
20260302,Hard,Priscilla Hon,Renata Zarazua
20260302,Hard,Taylor Townsend,Joanna Garland
20260302,Hard,Akasha Urhobo,Louisa Chirico
20260302,Hard,Storm Hunter,Sinja Kraus
20260303,Hard,Victoria Jimenez Kasintseva,Lucrezia Stefanini
20260303,Hard,Talia Gibson,Elvina Kalieva
20260303,Hard,Kayla Day,Darja Semenistaja
20260303,Hard,Diane Parry,Lulu Sun
20260303,Hard,Kamilla Rakhimova,Maria Timofeeva
20260303,Hard,Marina Stakusic,Mananchaya Sawangkaew
20260303,Hard,Anastasia Zakharova,Linda Fruhvirtova
20260303,Hard,Victoria Jimenez Kasintseva,Katie Boulter
20260303,Hard,Lanlana Tararudee,Dalma Galfi
20260303,Hard,Darja Vidmanova,Priscilla Hon
20260303,Hard,Himeno Sakatsume,Nikola Bartunkova
20260303,Hard,Storm Hunter,Leolia Jeanjean
20260303,Hard,Taylor Townsend,Akasha Urhobo
20260304,Hard,Sorana Cirstea,Tatjana Maria
20260304,Hard,Kimberly Birrell,Oksana Selekhmeteva
20260304,Hard,Yulia Putintseva,Paula Badosa
20260304,Hard,Anastasia Potapova,Marina Stakusic
20260304,Hard,Ajla Tomljanovic,Elena-Gabriela Ruse
20260304,Hard,Zeynep Sonmez,McCartney Kessler
20260304,Hard,Talia Gibson,Ann Li
20260304,Hard,Jessica Bouzas Maneiro,Beatriz Haddad Maia
20260304,Hard,Anastasia Zakharova,Ella Seidel
20260304,Hard,Himeno Sakatsume,Alycia Parks
20260304,Hard,Victoria Jimenez Kasintseva,Catherine McNally
20260305,Hard,Anna Blinkova,Dalma Galfi
20260305,Hard,Jaqueline Cristian,Janice Tjen
20260305,Hard,Kamilla Rakhimova,Bianca Andreescu
20260305,Hard,Camila Osorio,Sloane Stephens
20260305,Hard,Dayana Yastremska,Zhang Shuai
20260305,Hard,Taylor Townsend,Marie Bouzkova
20260305,Hard,Ashlyn Krueger,Magda Linette
20260305,Hard,Sonay Kartal,Lanlana Tararudee
20260305,Hard,Laura Siegemund,Petra Marcinko
20260305,Hard,Donna Vekic,Tereza Valentova
20260305,Hard,Kayla Day,Francesca Jones
20260305,Hard,Diane Parry,Venus Williams
20260305,Hard,Anna Bondar,Elsa Jacquemot
20260305,Hard,Cristina Bucsa,Darja Vidmanova
20260305,Hard,Lilli Tagger,Varvara Gracheva
20260306,Hard,Katerina Siniakova,Sofia Kenin
20260306,Hard,Storm Hunter,Magdalena Frech
20260306,Hard,Katie Volynets,Rebecca Sramkova
20260306,Hard,Antonia Ruzic,Jennifer Brady
20260306,Hard,Hailey Baptiste,Emiliana Arango
20260306,Hard,Solana Sierra,Peyton Stearns
20260306,Hard,Victoria Mboko,Kimberly Birrell
20260306,Hard,Talia Gibson,Ekaterina Alexandrova
20260306,Hard,Linda Noskova,Jessica Bouzas Maneiro
20260306,Hard,Clara Tauson,Yulia Putintseva
20260306,Hard,Emma Raducanu,Anastasia Zakharova
20260306,Hard,Sorana Cirstea,Diana Shnaider
20260306,Hard,Anna Kalinskaya,Zeynep Sonmez
20260306,Hard,Aryna Sabalenka,Himeno Sakatsume
20260306,Hard,Ajla Tomljanovic,Wang Xinyu
20260306,Hard,Coco Gauff,Kamilla Rakhimova
20260306,Hard,Jasmine Paolini,Anastasia Potapova
20260306,Hard,Jaqueline Cristian,Maya Joint
20260307,Hard,Naomi Osaka,Victoria Jimenez Kasintseva
20260307,Hard,Camila Osorio,Iva Jovic
20260307,Hard,Amanda Anisimova,Anna Blinkova
20260307,Hard,Alexandra Eala,Dayana Yastremska
20260307,Hard,Karolina Muchova,Anna Bondar
20260307,Hard,Maria Sakkari,Lilli Tagger
20260307,Hard,Elena Rybakina,Hailey Baptiste
20260307,Hard,Belinda Bencic,Storm Hunter
20260307,Hard,Jelena Ostapenko,Katie Volynets
20260307,Hard,Sonay Kartal,Emma Navarro
20260307,Hard,Ashlyn Krueger,Liudmila Samsonova
20260307,Hard,Iga Swiatek,Kayla Day
20260307,Hard,Mirra Andreeva,Solana Sierra
20260307,Hard,Katerina Siniakova,Leylah Fernandez
20260307,Hard,Antonia Ruzic,Zheng Qinwen
20260308,Hard,Elise Mertens,Cristina Bucsa
20260308,Hard,Jessica Pegula,Donna Vekic
20260308,Hard,Madison Keys,Diane Parry
20260308,Hard,Marta Kostyuk,Taylor Townsend
20260308,Hard,Elina Svitolina,Laura Siegemund
20260308,Hard,Linda Noskova,Sorana Cirstea
20260308,Hard,Talia Gibson,Clara Tauson
20260308,Hard,Aryna Sabalenka,Jaqueline Cristian
20260308,Hard,Jasmine Paolini,Ajla Tomljanovic
20260308,Hard,Naomi Osaka,Camila Osorio
20260308,Hard,Amanda Anisimova,Emma Raducanu
20260309,Hard,Alexandra Eala,Coco Gauff
20260309,Hard,Victoria Mboko,Anna Kalinskaya
20260309,Hard,Jessica Pegula,Jelena Ostapenko
20260309,Hard,Karolina Muchova,Antonia Ruzic
20260309,Hard,Katerina Siniakova,Mirra Andreeva
20260309,Hard,Belinda Bencic,Elise Mertens
20260309,Hard,Elina Svitolina,Ashlyn Krueger
20260309,Hard,Iga Swiatek,Maria Sakkari
20260310,Hard,Sonay Kartal,Madison Keys
20260310,Hard,Elena Rybakina,Marta Kostyuk
20260310,Hard,Aryna Sabalenka,Naomi Osaka
20260310,Hard,Talia Gibson,Jasmine Paolini
20260311,Hard,Victoria Mboko,Amanda Anisimova
20260311,Hard,Linda Noskova,Alexandra Eala
20260311,Hard,Iga Swiatek,Karolina Muchova
20260311,Hard,Jessica Pegula,Belinda Bencic
20260311,Hard,Elina Svitolina,Katerina Siniakova
20260311,Hard,Elena Rybakina,Sonay Kartal
20260312,Hard,Aryna Sabalenka,Victoria Mboko
20260312,Hard,Linda Noskova,Talia Gibson
20260312,Hard,Elina Svitolina,Iga Swiatek
20260313,Hard,Elena Rybakina,Jessica Pegula
20260313,Hard,Aryna Sabalenka,Linda Noskova
20260314,Hard,Elena Rybakina,Elina Svitolina
20260315,Hard,Aryna Sabalenka,Elena Rybakina
20260302,Hard,Thiago Agustin Tirante,Izyan Ahmad
20260302,Hard,Sho Shimabukuro,Colton Smith
20260302,Hard,Martin Landaluce,Alexander Blockx
20260302,Hard,Francesco Maestrelli,Nicolas Jarry
20260302,Hard,Christopher O'Connell,Billy Harris
20260302,Hard,Shintaro Mochizuki,Federico Agustin Gomez
20260302,Hard,Benjamin Bonzi,Jack Pinnington Jones
20260302,Hard,Ignacio Buse,Liam Draxl
20260302,Hard,Dane Sweeny,Andrew Johnson
20260302,Hard,Tristan Schoolkate,Alex Bolt
20260302,Hard,Aleksandar Vukic,Stefano Travaglia
20260302,Hard,Daniel Merida,Patrick Kypson
20260302,Hard,Nikoloz Basilashvili,Nicolas Mejia
20260302,Hard,Dino Prizmic,Darwin Blanch
20260302,Hard,Rinky Hijikata,Leandro Riedi
20260302,Hard,Elias Ymer,Chak Lam Coleman Wong
20260302,Hard,Chun-Hsin Tseng,David Goffin
20260303,Hard,Mackenzie McDonald,Vitaliy Sachko
20260303,Hard,Roman Andres Burruchaga,Moez Echargui
20260303,Hard,Vit Kopriva,Rei Sakamoto
20260303,Hard,Alexis Galarneau,Luca Van Assche
20260303,Hard,Tomas Barrios Vera,Jagger Leach
20260303,Hard,Trevor Svajda,Luca Nardi
20260303,Hard,Dalibor Svrcina,Mitchell Krueger
20260303,Hard,Benjamin Bonzi,Shintaro Mochizuki
20260303,Hard,Sho Shimabukuro,Martin Landaluce
20260303,Hard,Daniel Merida,Dane Sweeny
20260303,Hard,Christopher O'Connell,Nikoloz Basilashvili
20260303,Hard,Francesco Maestrelli,Thiago Agustin Tirante
20260303,Hard,Dino Prizmic,Aleksandar Vukic
20260303,Hard,Tristan Schoolkate,Elias Ymer
20260303,Hard,Alexis Galarneau,Tomas Barrios Vera
20260304,Hard,Dalibor Svrcina,Vit Kopriva
20260304,Hard,Chun-Hsin Tseng,Roman Andres Burruchaga
20260304,Hard,Mackenzie McDonald,Trevor Svajda
20260304,Hard,Rinky Hijikata,Ignacio Buse
20260304,Hard,Camilo Ugo Carabelli,Martin Damm
20260304,Hard,Adam Walton,Quentin Halys
20260304,Hard,Marcos Giron,Mariano Navone
20260304,Hard,Miomir Kecmanovic,Daniel Altmaier
20260304,Hard,Zizou Bergs,Jan-Lennard Struff
20260304,Hard,Reilly Opelka,Ethan Quinn
20260304,Hard,Gabriel Diallo,Mattia Bellucci
20260304,Hard,Dalibor Svrcina,James Duckworth
20260304,Hard,Marton Fucsovics,Christopher O'Connell
20260304,Hard,Matteo Berrettini,Adrian Mannarino
20260305,Hard,Dino Prizmic,Tristan Schoolkate
20260305,Hard,Jenson Brooksby,Alexei Popyrin
20260305,Hard,Gael Monfils,Alexis Galarneau
20260305,Hard,Zachary Svajda,Marin Cilic
20260305,Hard,Joao Fonseca,Raphael Collignon
20260305,Hard,Denis Shapovalov,Stefanos Tsitsipas
20260305,Hard,Aleksandr Shevchenko,Sho Shimabukuro
20260305,Hard,Kamil Majchrzak,Giovanni Mpetshi Perricard
20260305,Hard,Grigor Dimitrov,Terence Atmane
20260305,Hard,Aleksandar Kovacevic,Hubert Hurkacz
20260305,Hard,Jacob Fearnley,Damir Dzumhur
20260305,Hard,Sebastian Baez,Chun-Hsin Tseng
20260305,Hard,Roberto Bautista Agut,Fabian Marozsan
20260305,Hard,Benjamin Bonzi,Valentin Royer
20260305,Hard,Alex Michelsen,Daniel Merida
20260306,Hard,Juan Manuel Cerundolo,Botic Van De Zandschulp
20260306,Hard,Alejandro Tabilo,Rafael Jodar
20260306,Hard,Nuno Borges,Emilio Nava
20260306,Hard,Rinky Hijikata,Francesco Maestrelli
20260306,Hard,Sebastian Korda,Francisco Comesana
20260306,Hard,Mackenzie McDonald,Matteo Arnaldi
20260306,Hard,Vit Kopriva,Michael Zheng
20260306,Hard,Learner Tien,Adam Walton
20260306,Hard,Flavio Cobolli,Miomir Kecmanovic
20260306,Hard,Alexander Zverev,Matteo Berrettini
20260306,Hard,Ben Shelton,Reilly Opelka
20260306,Hard,Marton Fucsovics,Lorenzo Musetti
20260306,Hard,Arthur Fils,Dino Prizmic
20260306,Hard,Brandon Nakashima,Camilo Ugo Carabelli
20260306,Hard,Felix Auger-Aliassime,Gael Monfils
20260306,Hard,Frances Tiafoe,Jenson Brooksby
20260307,Hard,Denis Shapovalov,Tomas Martin Etcheverry
20260307,Hard,Alejandro Davidovich Fokina,Zachary Svajda
20260307,Hard,Jannik Sinner,Dalibor Svrcina
20260307,Hard,Tommy Paul,Zizou Bergs
20260307,Hard,Jakub Mensik,Marcos Giron
20260307,Hard,Casper Ruud,Aleksandr Shevchenko
20260307,Hard,Aleksandar Kovacevic,Corentin Moutet
20260307,Hard,Jack Draper,Roberto Bautista Agut
20260307,Hard,Francisco Cerundolo,Benjamin Bonzi
20260307,Hard,Joao Fonseca,Karen Khachanov
20260307,Hard,Gabriel Diallo,Andrey Rublev
20260307,Hard,Valentin Vacherot,Nuno Borges
20260307,Hard,Novak Djokovic,Kamil Majchrzak
20260307,Hard,Arthur Rinderknech,Juan Manuel Cerundolo
20260307,Hard,Alex de Minaur,Sebastian Korda
20260307,Hard,Rinky Hijikata,Luciano Darderi
20260308,Hard,Cameron Norrie,Mackenzie McDonald
20260308,Hard,Carlos Alcaraz,Grigor Dimitrov
20260308,Hard,Taylor Fritz,Jacob Fearnley
20260308,Hard,Sebastian Baez,Jiri Lehecka
20260308,Hard,Alexander Bublik,Vit Kopriva
20260308,Hard,Alex Michelsen,Ugo Humbert
20260308,Hard,Daniil Medvedev,Alejandro Tabilo
20260308,Hard,Alexander Zverev,Brandon Nakashima
20260308,Hard,Learner Tien,Ben Shelton
20260308,Hard,Alejandro Davidovich Fokina,Jakub Mensik
20260308,Hard,Jannik Sinner,Denis Shapovalov
20260308,Hard,Arthur Fils,Marton Fucsovics
20260309,Hard,Frances Tiafoe,Flavio Cobolli
20260309,Hard,Felix Auger-Aliassime,Gabriel Diallo
20260309,Hard,Joao Fonseca,Tommy Paul
20260309,Hard,Novak Djokovic,Aleksandar Kovacevic
20260309,Hard,Cameron Norrie,Alex de Minaur
20260309,Hard,Rinky Hijikata,Alexander Bublik
20260309,Hard,Jack Draper,Francisco Cerundolo
20260309,Hard,Alex Michelsen,Taylor Fritz
20260309,Hard,Casper Ruud,Valentin Vacherot
20260310,Hard,Carlos Alcaraz,Arthur Rinderknech
20260310,Hard,Daniil Medvedev,Sebastian Baez
20260310,Hard,Arthur Fils,Felix Auger-Aliassime
20260310,Hard,Alexander Zverev,Frances Tiafoe
20260310,Hard,Learner Tien,Alejandro Davidovich Fokina
20260311,Hard,Jannik Sinner,Joao Fonseca
20260311,Hard,Cameron Norrie,Rinky Hijikata
20260311,Hard,Daniil Medvedev,Alex Michelsen
20260311,Hard,Carlos Alcaraz,Casper Ruud
20260312,Hard,Jack Draper,Novak Djokovic
20260312,Hard,Alexander Zverev,Arthur Fils
20260312,Hard,Jannik Sinner,Learner Tien
20260313,Hard,Daniil Medvedev,Jack Draper
20260313,Hard,Carlos Alcaraz,Cameron Norrie
20260314,Hard,Jannik Sinner,Alexander Zverev
20260314,Hard,Daniil Medvedev,Carlos Alcaraz
20260315,Hard,Jannik Sinner,Daniil Medvedev
20260301,Hard,Teodora Kostovic,Lia Karatancheva
20260301,Hard,Elena Pridankina,Ani Amiraghyan
20260301,Hard,Laura Pigossi,Alevtina Ibragimova
20260301,Hard,Mia Ristic,Mai Hontama
20260301,Hard,Lisa Pigato,Anastasiia Sobolieva
20260301,Hard,Berrak Kocak,Alice Rame
20260301,Hard,Katarina Zavatska,Caroline Werner
20260301,Hard,Anastasia Zolotareva,Amarissa Toth
20260302,Hard,Teodora Kostovic,Laura Pigossi
20260302,Hard,Mia Ristic,Elena Pridankina
20260302,Hard,Lisa Pigato,Anastasia Zolotareva
20260302,Hard,Katarina Zavatska,Berrak Kocak
20260303,Hard,Leyre Romero Gormaz,Carole Monnet
20260303,Hard,Katarzyna Kawa,Mayar Sherif
20260303,Hard,Despina Papamichail,Mia Ristic
20260303,Hard,Maja Chwalinska,Adelina Lachinova
20260303,Hard,Oleksandra Oliynykova,Nuria Brancaccio
20260303,Hard,Julia Riera,Teodora Kostovic
20260303,Hard,Iryna Shymanovich,Lisa Pigato
20260303,Hard,Panna Udvardy,Anastasia Gasanova
20260304,Hard,Anhelina Kalinina,Ekaterine Gorgodze
20260304,Hard,Guiomar Maristany Zuleta De Reales,Arantxa Rus
20260304,Hard,Tamara Zidansek,Veronika Erjavec
20260304,Hard,Moyuka Uchijima,Ada Kumru
20260304,Hard,Lucia Bronzetti,Berfu Cengiz
20260304,Hard,Ipek Oz,Katarina Zavatska
20260304,Hard,Elina Avanesyan,Dominika Salkova
20260304,Hard,Polina Kudermetova,Alina Charaeva
20260305,Hard,Katarzyna Kawa,Ipek Oz
20260305,Hard,Anhelina Kalinina,Elina Avanesyan
20260305,Hard,Moyuka Uchijima,Lucia Bronzetti
20260305,Hard,Oleksandra Oliynykova,Iryna Shymanovich
20260305,Hard,Guiomar Maristany Zuleta De Reales,Julia Riera
20260305,Hard,Tamara Zidansek,Leyre Romero Gormaz
20260305,Hard,Maja Chwalinska,Despina Papamichail
20260305,Hard,Panna Udvardy,Polina Kudermetova
20260306,Hard,Moyuka Uchijima,Maja Chwalinska
20260306,Hard,Oleksandra Oliynykova,Guiomar Maristany Zuleta De Reales
20260306,Hard,Anhelina Kalinina,Panna Udvardy
20260306,Hard,Katarzyna Kawa,Tamara Zidansek
20260307,Hard,Anhelina Kalinina,Katarzyna Kawa
20260307,Hard,Oleksandra Oliynykova,Moyuka Uchijima
20260308,Hard,Anhelina Kalinina,Oleksandra Oliynykova
20260308,Hard,Katarina Zavatska,Julia Riera
20260308,Hard,Carole Monnet,Selina Atay
20260308,Hard,Lia Karatancheva,Chloe Paquet
20260308,Hard,Mai Hontama,Irem Kurt
20260308,Hard,Anastasia Gasanova,Caroline Werner
20260308,Hard,Lisa Pigato,Mia Ristic
20260308,Hard,Elena Pridankina,Ekaterina Reyngold
20260308,Hard,Dalila Jakupovic,Nuria Parrizas Diaz
20260309,Hard,Mai Hontama,Anastasia Gasanova
20260309,Hard,Carole Monnet,Lia Karatancheva
20260309,Hard,Lisa Pigato,Dalila Jakupovic
20260309,Hard,Elena Pridankina,Katarina Zavatska
20260310,Hard,Elina Avanesyan,Tiantsoa Rakotomanga Rajaonah
20260310,Hard,Ekaterine Gorgodze,Arantxa Rus
20260310,Hard,Dominika Salkova,Berfu Cengiz
20260310,Hard,Katarzyna Kawa,Despina Papamichail
20260310,Hard,Carole Monnet,Iryna Shymanovich
20260310,Hard,Teodora Kostovic,Lisa Pigato
20260310,Hard,Moyuka Uchijima,Maria Lourdes Carle
20260310,Hard,Tamara Zidansek,Maria Sara Popa
20260310,Hard,Polina Kudermetova,Guiomar Maristany Zuleta De Reales
20260311,Hard,Alina Charaeva,Lia Karatancheva
20260311,Hard,Maja Chwalinska,Ada Kumru
20260311,Hard,Julia Grabher,Mai Hontama
20260311,Hard,Leyre Romero Gormaz,Panna Udvardy
20260311,Hard,Anhelina Kalinina,Elena Pridankina
20260311,Hard,Nuria Brancaccio,Lucia Bronzetti
20260311,Hard,Veronika Erjavec,Ipek Oz
20260312,Hard,Tamara Zidansek,Maja Chwalinska
20260312,Hard,Carole Monnet,Dominika Salkova
20260312,Hard,Anhelina Kalinina,Ekaterine Gorgodze
20260312,Hard,Alina Charaeva,Elina Avanesyan
20260312,Hard,Polina Kudermetova,Moyuka Uchijima
20260312,Hard,Katarzyna Kawa,Leyre Romero Gormaz
20260312,Hard,Nuria Brancaccio,Julia Grabher
20260312,Hard,Veronika Erjavec,Teodora Kostovic
20260313,Hard,Veronika Erjavec,Nuria Brancaccio
20260313,Hard,Anhelina Kalinina,Alina Charaeva
20260313,Hard,Katarzyna Kawa,Carole Monnet
20260313,Hard,Tamara Zidansek,Polina Kudermetova
20260314,Hard,Tamara Zidansek,Veronika Erjavec
20260314,Hard,Anhelina Kalinina,Katarzyna Kawa
20260315,Hard,Anhelina Kalinina,Tamara Zidansek
20260309,Hard,Lanlana Tararudee,Malaika Rapolu
20260309,Hard,Lucrezia Stefanini,Leolia Jeanjean
20260309,Hard,Emerson Jones,Himeno Sakatsume
20260309,Hard,Anastasia Zakharova,Sloane Stephens
20260309,Hard,Linda Fruhvirtova,Beatriz Haddad Maia
20260309,Hard,Oksana Selekhmeteva,Yuan Yue
20260309,Hard,Kamilla Rakhimova,Suzan Lamens
20260309,Hard,Catherine McNally,Yuliia Starodubtseva
20260309,Hard,Renata Zarazua,Anna Blinkova
20260309,Hard,McCartney Kessler,Simona Waltert
20260310,Hard,Anastasia Zakharova,Viktorija Golubic
20260310,Hard,Bianca Andreescu,Solana Sierra
20260310,Hard,Lanlana Tararudee,Dalma Galfi
20260310,Hard,Sinja Kraus,Lucrezia Stefanini
20260310,Hard,Emerson Jones,Maddison Inglis
20260310,Hard,Donna Vekic,Petra Marcinko
20260310,Hard,Kimberly Birrell,Ella Seidel
20260310,Hard,Kaja Juvan,Himeno Sakatsume
20260310,Hard,Paula Badosa,Elena-Gabriela Ruse
20260310,Hard,Lulu Sun,Emma Navarro
20260311,Hard,Bianca Andreescu,Renata Zarazua
20260311,Hard,Lanlana Tararudee,Catherine McNally
20260311,Hard,Anastasia Zakharova,Linda Fruhvirtova
20260311,Hard,Emerson Jones,Donna Vekic
20260311,Hard,McCartney Kessler,Kaja Juvan
20260311,Hard,Sinja Kraus,Oksana Selekhmeteva
20260311,Hard,Kimberly Birrell,Kamilla Rakhimova
20260311,Hard,Paula Badosa,Lulu Sun
20260312,Hard,Lanlana Tararudee,Anastasia Zakharova
20260312,Hard,Kimberly Birrell,McCartney Kessler
20260312,Hard,Paula Badosa,Sinja Kraus
20260312,Hard,Bianca Andreescu,Emerson Jones
20260313,Hard,Lanlana Tararudee,Kimberly Birrell
20260313,Hard,Bianca Andreescu,Paula Badosa
20260314,Hard,Lanlana Tararudee,Bianca Andreescu
20260316,Hard,Varvara Lepchenko,Victoria Jimenez Kasintseva
20260316,Hard,Katie Volynets,Priscilla Hon
20260316,Hard,Linda Fruhvirtova,Madison Brengle
20260316,Hard,Kimberly Birrell,Viktoriya Tomova
20260316,Hard,Yuan Yue,Reese Brantmeier
20260316,Hard,Talia Gibson,Ekaterine Gorgodze
20260316,Hard,Kamilla Rakhimova,Leolia Jeanjean
20260316,Hard,Aliaksandra Sasnovich,Ayla Aksu
20260316,Hard,Rebecca Sramkova,Erika Andreeva
20260316,Hard,Anastasia Zakharova,Louisa Chirico
20260316,Hard,Renata Zarazua,Martina Trevisan
20260316,Hard,Bianca Andreescu,Suzan Lamens
20260316,Hard,Rebeka Masarova,Storm Hunter
20260316,Hard,Lulu Sun,Maria Timofeeva
20260316,Hard,Elvina Kalieva,Marina Melnikova
20260316,Hard,Diane Parry,Lucrezia Stefanini
20260316,Hard,Donna Vekic,Whitney Osuigwe
20260316,Hard,Ella Seidel,Marina Stakusic
20260316,Hard,Darja Semenistaja,Monika Ekstrand
20260316,Hard,Viktorija Golubic,Thea Frodin
20260316,Hard,Sinja Kraus,Lola Radivojevic
20260316,Hard,Nikola Bartunkova,Caroline Dolehide
20260316,Hard,Mary Stoiana,Kaja Juvan
20260316,Hard,Yuliia Starodubtseva,Maddison Inglis
20260317,Hard,Anastasia Zakharova,Rebecca Sramkova
20260317,Hard,Talia Gibson,Kamilla Rakhimova
20260317,Hard,Katie Volynets,Bianca Andreescu
20260317,Hard,Linda Fruhvirtova,Varvara Lepchenko
20260317,Hard,Kimberly Birrell,Yuan Yue
20260317,Hard,Aliaksandra Sasnovich,Renata Zarazua
20260317,Hard,Rebeka Masarova,Ella Seidel
20260317,Hard,Elsa Jacquemot,Darja Vidmanova
20260317,Hard,Lulu Sun,Donna Vekic
20260317,Hard,Ajla Tomljanovic,Simona Waltert
20260317,Hard,Elvina Kalieva,Diane Parry
20260317,Hard,Magda Linette,Varvara Gracheva
20260317,Hard,Viktorija Golubic,Nikola Bartunkova
20260317,Hard,Sinja Kraus,Darja Semenistaja
20260317,Hard,Yuliia Starodubtseva,Mary Stoiana
20260317,Hard,McCartney Kessler,Magdalena Frech
20260317,Hard,Laura Siegemund,Petra Marcinko
20260317,Hard,Katie Boulter,Jessica Bouzas Maneiro
20260317,Hard,Sorana Cirstea,Zhang Shuai
20260317,Hard,Zeynep Sonmez,Beatriz Haddad Maia
20260317,Hard,Anna Blinkova,Sofia Kenin
20260318,Hard,Camila Osorio,Katerina Siniakova
20260319,Hard,Talia Gibson,Sara Bejlek
20260319,Hard,Paula Badosa,Aliaksandra Sasnovich
20260319,Hard,Tereza Valentova,Katie Volynets
20260319,Hard,Alycia Parks,Sinja Kraus
20260319,Hard,Elvina Kalieva,Dalma Galfi
20260319,Hard,Anastasia Zakharova,Anna Bondar
20260319,Hard,Alexandra Eala,Laura Siegemund
20260319,Hard,Yuliia Starodubtseva,Eva Lys
20260319,Hard,Elisabetta Cocciaretto,Darja Semenistaja
20260319,Hard,Francesca Jones,Venus Williams
20260319,Hard,Peyton Stearns,Viktorija Golubic
20260319,Hard,Lilli Tagger,Ella Seidel
20260319,Hard,Oksana Selekhmeteva,Emiliana Arango
20260319,Hard,Yulia Putintseva,Janice Tjen
20260319,Hard,Ann Li,Kimberly Birrell
20260319,Hard,Hailey Baptiste,Tatjana Maria
20260319,Hard,Catherine McNally,Rebeka Masarova
20260319,Hard,Kamilla Rakhimova,Solana Sierra
20260319,Hard,Dayana Yastremska,Ashlyn Krueger
20260319,Hard,Magda Linette,Iga Swiatek
20260319,Hard,Taylor Townsend,Lulu Sun
20260319,Hard,Marie Bouzkova,Elsa Jacquemot
20260319,Hard,Elena-Gabriela Ruse,Antonia Ruzic
20260319,Hard,Emerson Jones,Linda Fruhvirtova
20260319,Hard,Sloane Stephens,Jennifer Brady
20260320,Hard,Mirra Andreeva,McCartney Kessler
20260320,Hard,Victoria Mboko,Anna Blinkova
20260320,Hard,Diana Shnaider,Tereza Valentova
20260320,Hard,Anastasia Zakharova,Anna Kalinskaya
20260320,Hard,Sorana Cirstea,Linda Noskova
20260320,Hard,Belinda Bencic,Zeynep Sonmez
20260320,Hard,Amanda Anisimova,Ajla Tomljanovic
20260320,Hard,Alycia Parks,Maria Sakkari
20260320,Hard,Katie Boulter,Clara Tauson
20260320,Hard,Yuliia Starodubtseva,Cristina Bucsa
20260320,Hard,Jasmine Paolini,Taylor Townsend
20260320,Hard,Karolina Muchova,Camila Osorio
20260320,Hard,Elise Mertens,Elvina Kalieva
20260320,Hard,Coco Gauff,Elisabetta Cocciaretto
20260320,Hard,Hailey Baptiste,Liudmila Samsonova
20260320,Hard,Jelena Ostapenko,Dayana Yastremska
20260320,Hard,Ekaterina Alexandrova,Lilli Tagger
20260320,Hard,Catherine McNally,Wang Xinyu
20260320,Hard,Elina Svitolina,Emerson Jones
20260321,Hard,Marta Kostyuk,Kamilla Rakhimova
20260321,Hard,Aryna Sabalenka,Ann Li
20260321,Hard,Jaqueline Cristian,Peyton Stearns
20260321,Hard,Elena Rybakina,Yulia Putintseva
20260321,Hard,Leylah Fernandez,Oksana Selekhmeteva
20260321,Hard,Iva Jovic,Paula Badosa
20260321,Hard,Jessica Pegula,Francesca Jones
20260321,Hard,Zheng Qinwen,Sloane Stephens
20260321,Hard,Madison Keys,Elena-Gabriela Ruse
20260321,Hard,Talia Gibson,Naomi Osaka
20260321,Hard,Belinda Bencic,Diana Shnaider
20260321,Hard,Mirra Andreeva,Marie Bouzkova
20260321,Hard,Amanda Anisimova,Yuliia Starodubtseva
20260321,Hard,Victoria Mboko,Anastasia Zakharova
20260321,Hard,Karolina Muchova,Katie Boulter
20260321,Hard,Sorana Cirstea,Elise Mertens
20260321,Hard,Alexandra Eala,Magda Linette
20260321,Hard,Coco Gauff,Alycia Parks
20260322,Hard,Jelena Ostapenko,Jasmine Paolini
20260322,Hard,Jaqueline Cristian,Ekaterina Alexandrova
20260322,Hard,Jessica Pegula,Leylah Fernandez
20260322,Hard,Hailey Baptiste,Elina Svitolina
20260322,Hard,Talia Gibson,Iva Jovic
20260322,Hard,Elena Rybakina,Marta Kostyuk
20260322,Hard,Zheng Qinwen,Madison Keys
20260322,Hard,Aryna Sabalenka,Catherine McNally
20260323,Hard,Karolina Muchova,Alexandra Eala
20260323,Hard,Victoria Mboko,Mirra Andreeva
20260323,Hard,Coco Gauff,Sorana Cirstea
20260323,Hard,Hailey Baptiste,Jelena Ostapenko
20260323,Hard,Aryna Sabalenka,Zheng Qinwen
20260323,Hard,Jessica Pegula,Jaqueline Cristian
20260324,Hard,Elena Rybakina,Talia Gibson
20260324,Hard,Belinda Bencic,Amanda Anisimova
20260324,Hard,Karolina Muchova,Victoria Mboko
20260324,Hard,Coco Gauff,Belinda Bencic
20260325,Hard,Elena Rybakina,Jessica Pegula
20260325,Hard,Aryna Sabalenka,Hailey Baptiste
20260326,Hard,Coco Gauff,Karolina Muchova
20260327,Hard,Aryna Sabalenka,Elena Rybakina
20260328,Hard,Aryna Sabalenka,Coco Gauff
20260316,Hard,Bu Yunchaokete,Tristan Schoolkate
20260316,Hard,Arthur Fery,Roman Andres Burruchaga
20260316,Hard,Luca Van Assche,Benjamin Willwerth
20260316,Hard,Chak Lam Coleman Wong,Jack Pinnington Jones
20260316,Hard,Ignacio Buse,Moez Echargui
20260316,Hard,Yannick Hanfmann,Leandro Riedi
20260316,Hard,Sho Shimabukuro,Alex Bolt
20260316,Hard,Christopher O'Connell,Nicolas Mejia
20260316,Hard,Jay Clarke,Shintaro Mochizuki
20260316,Hard,Liam Draxl,Cristian Garin
20260316,Hard,Nikoloz Basilashvili,Patrick Kypson
20260316,Hard,Alexander Blockx,Chun-Hsin Tseng
20260316,Hard,Thiago Agustin Tirante,Diego Dedura
20260316,Hard,Benjamin Bonzi,Guto Miguel
20260316,Hard,Rafael Jodar,Manas Dhamne
20260316,Hard,Daniel Merida,Dalibor Svrcina
20260317,Hard,Rinky Hijikata,Dane Sweeny
20260317,Hard,Murphy Cassone,Francesco Maestrelli
20260317,Hard,Martin Landaluce,Mackenzie McDonald
20260317,Hard,Adam Walton,Chris Rodesch
20260317,Hard,Tomas Barrios Vera,Nishesh Basavareddy
20260317,Hard,Mattia Bellucci,Nicolas Jarry
20260317,Hard,Yannick Hanfmann,Luca Van Assche
20260317,Hard,Arthur Fery,Bu Yunchaokete
20260317,Hard,Ignacio Buse,Chak Lam Coleman Wong
20260317,Hard,Christopher O'Connell,Alexander Blockx
20260317,Hard,Aleksandar Vukic,Billy Harris
20260317,Hard,Zachary Svajda,Colton Smith
20260317,Hard,Nikoloz Basilashvili,Sho Shimabukuro
20260317,Hard,Liam Draxl,Jay Clarke
20260317,Hard,Rafael Jodar,Benjamin Bonzi
20260317,Hard,Adam Walton,Rinky Hijikata
20260317,Hard,Mattia Bellucci,Murphy Cassone
20260317,Hard,Tomas Barrios Vera,Aleksandar Vukic
20260317,Hard,Zachary Svajda,Daniel Merida
20260317,Hard,Martin Landaluce,Thiago Agustin Tirante
20260319,Hard,Roberto Bautista Agut,James Duckworth
20260319,Hard,Moise Kouame,Zachary Svajda
20260319,Hard,Rafael Jodar,Yannick Hanfmann
20260319,Hard,Mariano Navone,Nikoloz Basilashvili
20260319,Hard,Zizou Bergs,Jenson Brooksby
20260319,Hard,Adrian Mannarino,Zhang Zhizhen
20260319,Hard,Ethan Quinn,Hubert Hurkacz
20260319,Hard,Darwin Blanch,Jan-Lennard Struff
20260319,Hard,Martin Landaluce,Marcos Giron
20260319,Hard,Camilo Ugo Carabelli,Giovanni Mpetshi Perricard
20260319,Hard,Botic Van De Zandschulp,Denis Shapovalov
20260319,Hard,Matteo Berrettini,Alexandre Muller
20260319,Hard,Reilly Opelka,Nuno Borges
20260319,Hard,Stefanos Tsitsipas,Arthur Fery
20260319,Hard,Raphael Collignon,Grigor Dimitrov
20260319,Hard,Damir Dzumhur,Ignacio Buse
20260319,Hard,Joao Fonseca,Fabian Marozsan
20260319,Hard,Marin Cilic,Alexei Popyrin
20260319,Hard,Martin Damm,Jacob Fearnley
20260319,Hard,Tomas Machac,Emilio Nava
20260319,Hard,Kamil Majchrzak,Miomir Kecmanovic
20260319,Hard,Alejandro Tabilo,Francisco Comesana
20260319,Hard,Quentin Halys,Liam Draxl
20260320,Hard,Alex Michelsen,Mattia Bellucci
20260320,Hard,Terence Atmane,Daniel Altmaier
20260320,Hard,Thiago Agustin Tirante,Valentin Royer
20260320,Hard,Rei Sakamoto,Aleksandar Kovacevic
20260320,Hard,Ethan Quinn,Casper Ruud
20260320,Hard,Marton Fucsovics,Christopher O'Connell
20260320,Hard,Tommy Paul,Adrian Mannarino
20260320,Hard,Reilly Opelka,Jack Draper
20260320,Hard,Gabriel Diallo,Wu Yibing
20260320,Hard,Adam Walton,Sebastian Baez
20260320,Hard,Aleksandr Shevchenko,Matteo Arnaldi
20260320,Hard,Matteo Berrettini,Alexander Bublik
20260320,Hard,Taylor Fritz,Botic Van De Zandschulp
20260320,Hard,Karen Khachanov,Roberto Bautista Agut
20260320,Hard,Arthur Cazaux,Tomas Barrios Vera
20260320,Hard,Arthur Fils,Darwin Blanch
20260321,Hard,Sebastian Korda,Camilo Ugo Carabelli
20260321,Hard,Carlos Alcaraz,Joao Fonseca
20260321,Hard,Raphael Collignon,Flavio Cobolli
20260321,Hard,Stefanos Tsitsipas,Alex de Minaur
20260321,Hard,Jiri Lehecka,Moise Kouame
20260321,Hard,Martin Landaluce,Luciano Darderi
20260321,Hard,Valentin Vacherot,Mariano Navone
20260321,Hard,Tomas Martin Etcheverry,Zizou Bergs
20260321,Hard,Rafael Jodar,Aleksandar Vukic
20260321,Hard,Quentin Halys,Alejandro Davidovich Fokina
20260321,Hard,Kamil Majchrzak,Learner Tien
20260321,Hard,Terence Atmane,Arthur Rinderknech
20260321,Hard,Jannik Sinner,Damir Dzumhur
20260321,Hard,Felix Auger-Aliassime,Marton Fucsovics
20260321,Hard,Corentin Moutet,Tomas Machac
20260321,Hard,Daniil Medvedev,Rei Sakamoto
20260321,Hard,Alex Michelsen,Cameron Norrie
20260321,Hard,Alejandro Tabilo,Andrey Rublev
20260321,Hard,Jakub Mensik,Adam Walton
20260321,Hard,Francisco Cerundolo,Thiago Agustin Tirante
20260321,Hard,Ugo Humbert,Gabriel Diallo
20260321,Hard,Aleksandr Shevchenko,Ben Shelton
20260321,Hard,Frances Tiafoe,Arthur Cazaux
20260322,Hard,Marin Cilic,Brandon Nakashima
20260322,Hard,Alexander Zverev,Martin Damm
20260322,Hard,Jiri Lehecka,Ethan Quinn
20260322,Hard,Taylor Fritz,Reilly Opelka
20260322,Hard,Tomas Martin Etcheverry,Rafael Jodar
20260322,Hard,Sebastian Korda,Carlos Alcaraz
20260322,Hard,Tommy Paul,Raphael Collignon
20260322,Hard,Martin Landaluce,Karen Khachanov
20260322,Hard,Valentin Vacherot,Matteo Berrettini
20260323,Hard,Arthur Fils,Stefanos Tsitsipas
20260323,Hard,Ugo Humbert,Aleksandr Shevchenko
20260323,Hard,Francisco Cerundolo,Daniil Medvedev
20260323,Hard,Terence Atmane,Felix Auger-Aliassime
20260323,Hard,Frances Tiafoe,Jakub Mensik
20260323,Hard,Alex Michelsen,Alejandro Tabilo
20260323,Hard,Alexander Zverev,Marin Cilic
20260323,Hard,Quentin Halys,Kamil Majchrzak
20260323,Hard,Jannik Sinner,Corentin Moutet
20260324,Hard,Martin Landaluce,Sebastian Korda
20260324,Hard,Jiri Lehecka,Taylor Fritz
20260324,Hard,Arthur Fils,Valentin Vacherot
20260324,Hard,Tommy Paul,Tomas Martin Etcheverry
20260324,Hard,Jannik Sinner,Alex Michelsen
20260324,Hard,Frances Tiafoe,Terence Atmane
20260325,Hard,Francisco Cerundolo,Ugo Humbert
20260325,Hard,Alexander Zverev,Quentin Halys
20260325,Hard,Jiri Lehecka,Martin Landaluce
20260326,Hard,Arthur Fils,Tommy Paul
20260326,Hard,Jannik Sinner,Frances Tiafoe
20260326,Hard,Alexander Zverev,Francisco Cerundolo
20260327,Hard,Jiri Lehecka,Arthur Fils
20260327,Hard,Jannik Sinner,Alexander Zverev
20260329,Hard,Jannik Sinner,Jiri Lehecka
20260322,Hard,Noma Noha Akugue,Min Liu
20260322,Hard,Mia Ristic,Katarzyna Piter
20260322,Hard,Tara Wuerth,Vlada Kozak
20260322,Hard,Jule Niemeier,Marina Bassols Ribera
20260322,Hard,Sara Sorribes Tormo,Sada Nahimana
20260322,Hard,Amarissa Toth,Anastasia Detiuc
20260322,Hard,Polona Hercog,Nika Radisic
20260323,Hard,Amarissa Toth,Tara Wuerth
20260323,Hard,Mia Ristic,Noma Noha Akugue
20260323,Hard,Polona Hercog,Jule Niemeier
20260323,Hard,Kaitlin Quevedo,Dominika Salkova
20260323,Hard,Veronika Erjavec,Guiomar Maristany Zuleta De Reales
20260323,Hard,Sara Sorribes Tormo,Ana Petkovic
20260323,Hard,Tamara Zidansek,Maja Chwalinska
20260323,Hard,Alina Charaeva,Lola Radivojevic
20260323,Hard,Suzan Lamens,Yasmine Kabbaj
20260323,Hard,Mayar Sherif,Noma Noha Akugue
20260323,Hard,Leyre Romero Gormaz,Lina Gjorcheska
20260324,Hard,Andrea Lazaro Garcia,Amarissa Toth
20260324,Hard,Sara Sorribes Tormo,Tiantsoa Rakotomanga Rajaonah
20260324,Hard,Mia Ristic,Lucija Ciric Bagaric
20260324,Hard,Tena Lukas,Anastasia Pavlyuchenkova
20260324,Hard,Anhelina Kalinina,Lucia Bronzetti
20260324,Hard,Tamara Korpatsch,Ana Konjuh
20260324,Hard,Polona Hercog,Elena Pridankina
20260324,Hard,Teodora Kostovic,Petra Marcinko
20260324,Hard,Nuria Brancaccio,Lisa Pigato
20260325,Hard,Mayar Sherif,Mia Ristic
20260325,Hard,Leyre Romero Gormaz,Suzan Lamens
20260325,Hard,Tamara Zidansek,Sara Sorribes Tormo
20260325,Hard,Veronika Erjavec,Kaitlin Quevedo
20260326,Hard,Anhelina Kalinina,Nuria Brancaccio
20260327,Hard,Polona Hercog,Tamara Korpatsch
20260327,Hard,Alina Charaeva,Teodora Kostovic
20260327,Hard,Andrea Lazaro Garcia,Tena Lukas
20260327,Hard,Tamara Zidansek,Veronika Erjavec
20260327,Hard,Mayar Sherif,Leyre Romero Gormaz
20260327,Hard,Anhelina Kalinina,Polona Hercog
20260327,Hard,Andrea Lazaro Garcia,Alina Charaeva
20260328,Hard,Anhelina Kalinina,Tamara Zidansek
20260328,Hard,Andrea Lazaro Garcia,Mayar Sherif
20260329,Hard,Andrea Lazaro Garcia,Anhelina Kalinina
20260328,Hard,Ayana Akli,Tatiana Pieri
20260328,Hard,Eva Vedder,Aoi Ito
20260328,Hard,Viktoriya Tomova,Usue Maitane Arconada
20260328,Hard,Ekaterine Gorgodze,Aliona Bolsova
20260328,Hard,Donna Vekic,Sachia Vickery
20260328,Hard,Polina Kudermetova,Carolyn Ansari
20260328,Hard,Elvina Kalieva,Madison Brengle
20260328,Hard,Darja Vidmanova,Katarina Jokic
20260328,Hard,Akasha Urhobo,Whitney Osuigwe
20260328,Hard,Kayla Day,Haley Giavara
20260328,Hard,Mary Stoiana,Kristina Mladenovic
20260328,Hard,Yuan Yue,Kajsa Rinaldo Persson
20260329,Hard,Viktoriya Tomova,Ayana Akli
20260329,Hard,Polina Kudermetova,Eva Vedder
20260329,Hard,Akasha Urhobo,Elvina Kalieva
20260329,Hard,Donna Vekic,Ekaterine Gorgodze
20260329,Hard,Kayla Day,Yuan Yue
20260329,Hard,Mary Stoiana,Darja Vidmanova
20260330,Hard,Yulia Putintseva,Lulu Sun
20260330,Hard,Katie Volynets,Eva Lys
20260330,Hard,Dayana Yastremska,Anastasia Zakharova
20260330,Hard,McCartney Kessler,Elvina Kalieva
20260330,Hard,Akasha Urhobo,Solana Sierra
20260330,Hard,Renata Zarazua,Sloane Stephens
20260330,Hard,Viktoriya Tomova,Jennifer Brady
20260330,Hard,Anna Bondar,Darja Vidmanova
20260330,Hard,Donna Vekic,Ajla Tomljanovic
20260331,Hard,Alycia Parks,Mary Stoiana
20260331,Hard,Bianca Andreescu,Dalma Galfi
20260331,Hard,Yuan Yue,Mayar Sherif
20260331,Hard,Yuliia Starodubtseva,Zhang Shuai
20260331,Hard,Ashlyn Krueger,Catherine McNally
20260331,Hard,Paula Badosa,Kayla Day
20260331,Hard,Polina Kudermetova,Oleksandra Oliynykova
20260331,Hard,Anna Kalinskaya,Viktoriya Tomova
20260331,Hard,Sara Bejlek,Akasha Urhobo
20260331,Hard,Belinda Bencic,Dayana Yastremska
20260401,Hard,Diana Shnaider,Katie Volynets
20260401,Hard,McCartney Kessler,Janice Tjen
20260401,Hard,Elisabetta Cocciaretto,Yuan Yue
20260401,Hard,Iva Jovic,Alycia Parks
20260401,Hard,Peyton Stearns,Ashlyn Krueger
20260401,Hard,Anna Bondar,Magdalena Frech
20260401,Hard,Jessica Pegula,Yulia Putintseva
20260401,Hard,Paula Badosa,Maria Sakkari
20260401,Hard,Leylah Fernandez,Polina Kudermetova
20260401,Hard,Madison Keys,Donna Vekic
20260401,Hard,Sofia Kenin,Bianca Andreescu
20260401,Hard,Yuliia Starodubtseva,Ekaterine Gorgodze
20260402,Hard,Renata Zarazua,Hailey Baptiste
20260402,Hard,Belinda Bencic,Sara Bejlek
20260402,Hard,McCartney Kessler,Peyton Stearns
20260402,Hard,Jessica Pegula,Elisabetta Cocciaretto
20260402,Hard,Diana Shnaider,Leylah Fernandez
20260402,Hard,Yuliia Starodubtseva,Renata Zarazua
20260402,Hard,Madison Keys,Anna Bondar
20260402,Hard,Iva Jovic,Sofia Kenin
20260403,Hard,Anna Kalinskaya,Paula Badosa
20260403,Hard,Jessica Pegula,Diana Shnaider
20260403,Hard,Madison Keys,Belinda Bencic
20260403,Hard,Iva Jovic,Anna Kalinskaya
20260403,Hard,Yuliia Starodubtseva,McCartney Kessler
20260404,Hard,Jessica Pegula,Iva Jovic
20260404,Hard,Yuliia Starodubtseva,Madison Keys
20260405,Hard,Jessica Pegula,Yuliia Starodubtseva
20260328,Hard,Anastasia Tikhonova,Emanuela Lares
20260328,Hard,Ana Sofia Sanchez,Gabriela Ce
20260328,Hard,Alisa Oktiabreva,Lea Ma
20260328,Hard,Katarina Zavatska,Laura Pigossi
20260328,Hard,Selena Janicijevic,En-Shuo Liang
20260328,Hard,Marina Bassols Ribera,Alicia Herrero Linana
20260328,Hard,Lia Karatancheva,Carol Zhao
20260329,Hard,Miriana Tona,Berfu Cengiz
20260329,Hard,Jazmin Ortenzi,Sara Alejandra Lozano Avellaneda
20260329,Hard,Elina Avanesyan,Sara Saito
20260329,Hard,Irene Burillo,Mariana Isabel Higuita Barraza
20260329,Hard,Caroline Werner,Laura Valentina Villamil Arias
20260329,Hard,Ana Sofia Sanchez,Alisa Oktiabreva
20260329,Hard,Selena Janicijevic,Katarina Zavatska
20260329,Hard,Lia Karatancheva,Miriana Tona
20260329,Hard,Anastasia Tikhonova,Marina Bassols Ribera
20260329,Hard,Jazmin Ortenzi,Elina Avanesyan
20260329,Hard,Irene Burillo,Caroline Werner
20260330,Hard,Katarzyna Kawa,Carole Monnet
20260330,Hard,Julia Riera,Selena Janicijevic
20260330,Hard,Julieta Pareja,Elizabeth Mandlik
20260330,Hard,Despina Papamichail,Anastasia Tikhonova
20260330,Hard,Tatjana Maria,Valentina Mediorreal Arias
20260330,Hard,Panna Udvardy,Maria Camila Torres Murcia
20260331,Hard,Darja Semenistaja,Ella Seidel
20260331,Hard,Varvara Lepchenko,Lia Karatancheva
20260331,Hard,Guiomar Maristany Zuleta De Reales,Francesca Jones
20260331,Hard,Camila Osorio,Caroline Dolehide
20260331,Hard,Anna Blinkova,Robin Montgomery
20260331,Hard,Jessica Bouzas Maneiro,Tiantsoa Rakotomanga Rajaonah
20260331,Hard,Jazmin Ortenzi,Irene Burillo
20260331,Hard,Emiliana Arango,Maria Lourdes Carle
20260331,Hard,Hanne Vandewinkel,Sofia Costoulas
20260331,Hard,Marie Bouzkova,Ana Sofia Sanchez
20260401,Hard,Darja Semenistaja,Despina Papamichail
20260401,Hard,Panna Udvardy,Julieta Pareja
20260401,Hard,Katarzyna Kawa,Tatjana Maria
20260401,Hard,Julia Riera,Anna Blinkova
20260402,Hard,Emiliana Arango,Guiomar Maristany Zuleta De Reales
20260402,Hard,Jazmin Ortenzi,Camila Osorio
20260402,Hard,Marie Bouzkova,Hanne Vandewinkel
20260402,Hard,Varvara Lepchenko,Jessica Bouzas Maneiro
20260403,Hard,Jazmin Ortenzi,Julia Riera
20260403,Hard,Marie Bouzkova,Darja Semenistaja
20260403,Hard,Emiliana Arango,Varvara Lepchenko
20260403,Hard,Panna Udvardy,Katarzyna Kawa
20260404,Hard,Marie Bouzkova,Jazmin Ortenzi
20260404,Hard,Panna Udvardy,Emiliana Arango
20260405,Hard,Marie Bouzkova,Panna Udvardy
20260405,Hard,Katie Volynets,Oceane Dodin
20260405,Hard,Maria Timofeeva,Alina Charaeva
20260405,Hard,Tamara Korpatsch,Jule Niemeier
20260405,Hard,Dominika Salkova,Madison Brengle
20260405,Hard,Donna Vekic,Carole Monnet
20260405,Hard,Iryna Shymanovich,Victoria Jimenez Kasintseva
20260405,Hard,Anhelina Kalinina,Anna-Lena Friedsam
20260405,Hard,Aliaksandra Sasnovich,Linda Fruhvirtova
20260406,Hard,Katie Volynets,Dominika Salkova
20260406,Hard,Tamara Korpatsch,Maria Timofeeva
20260406,Hard,Aliaksandra Sasnovich,Anhelina Kalinina
20260406,Hard,Donna Vekic,Iryna Shymanovich
20260406,Hard,Dalma Galfi,Alycia Parks
20260406,Hard,Elena-Gabriela Ruse,Katie Boulter
20260406,Hard,Sloane Stephens,Tatjana Maria
20260407,Hard,Dayana Yastremska,Ann Li
20260407,Hard,Tamara Korpatsch,Jaqueline Cristian
20260407,Hard,Sorana Cirstea,Sinja Kraus
20260407,Hard,Lilli Tagger,Paula Badosa
20260407,Hard,Donna Vekic,Katie Volynets
20260407,Hard,Alexandra Eala,Julia Grabher
20260407,Hard,Karolina Pliskova,Aliaksandra Sasnovich
20260408,Hard,Elena-Gabriela Ruse,Dayana Yastremska
20260408,Hard,Jelena Ostapenko,Alexandra Eala
20260408,Hard,Anhelina Kalinina,Panna Udvardy
20260408,Hard,Anastasia Potapova,Zhang Shuai
20260408,Hard,Mirra Andreeva,Sloane Stephens
20260408,Hard,Sorana Cirstea,Dalma Galfi
20260409,Hard,Lilli Tagger,Liudmila Samsonova
20260409,Hard,Karolina Pliskova,Ekaterina Alexandrova
20260409,Hard,Anastasia Potapova,Tamara Korpatsch
20260409,Hard,Donna Vekic,Anhelina Kalinina
20260410,Hard,Elena-Gabriela Ruse,Jelena Ostapenko
20260410,Hard,Mirra Andreeva,Sorana Cirstea
20260410,Hard,Anastasia Potapova,Lilli Tagger
20260410,Hard,Donna Vekic,Karolina Pliskova
20260411,Hard,Mirra Andreeva,Elena-Gabriela Ruse
20260411,Hard,Anastasia Potapova,Donna Vekic
20260412,Hard,Mirra Andreeva,Anastasia Potapova
20260405,Hard,Miriana Tona,Carlota Corte
20260405,Hard,Selena Janicijevic,Carlota Lujan Jecalo
20260405,Hard,Sara Saito,Carmen Lopez Martinez
20260405,Hard,Polona Hercog,Yvonne Cavalle-Reimers
20260405,Hard,Cristina Diaz Adrover,Mina Hodzic
20260405,Hard,Carlota Martinez Cirez,Nadiia Kolb
20260405,Hard,Elina Avanesyan,Ekaterina Kazionova
20260405,Hard,Caroline Werner,Momoko Kobori
20260406,Hard,Elina Avanesyan,Selena Janicijevic
20260406,Hard,Polona Hercog,Carlota Martinez Cirez
20260406,Hard,Sara Saito,Cristina Diaz Adrover
20260406,Hard,Caroline Werner,Miriana Tona
20260406,Hard,Jessika Ponchet,Nuria Brancaccio
20260406,Hard,Polina Kudermetova,Mayar Sherif
20260406,Hard,Francesca Jones,Elizabeth Mandlik
20260406,Hard,Ane Mintegi Del Olmo,Irene Burillo
20260406,Hard,Yuan Yue,Carmen Gallardo Guevara
20260407,Hard,Nikola Bartunkova,Caroline Werner
20260407,Hard,Laura Samson,Elena Pridankina
20260407,Hard,Marina Bassols Ribera,Polona Hercog
20260407,Hard,Lina Gjorcheska,Sara Saito
20260407,Hard,Alina Korneeva,Maria Garcia Cid
20260407,Hard,Lisa Pigato,Darja Semenistaja
20260407,Hard,Elvina Kalieva,Robin Montgomery
20260407,Hard,Elina Avanesyan,Andrea Lazaro Garcia
20260407,Hard,Whitney Osuigwe,Simona Waltert
20260407,Hard,Carol Young Suh Lee,Arantxa Rus
20260408,Hard,Polina Kudermetova,Jessika Ponchet
20260408,Hard,Elina Avanesyan,Francesca Jones
20260408,Hard,Ane Mintegi Del Olmo,Nikola Bartunkova
20260408,Hard,Oksana Selekhmeteva,Selena Janicijevic
20260408,Hard,Oksana Selekhmeteva,Carol Young Suh Lee
20260409,Hard,Marina Bassols Ribera,Yuan Yue
20260409,Hard,Elvina Kalieva,Whitney Osuigwe
20260409,Hard,Lisa Pigato,Laura Samson
20260409,Hard,Lina Gjorcheska,Alina Korneeva
20260410,Hard,Marina Bassols Ribera,Elvina Kalieva
20260410,Hard,Polina Kudermetova,Oksana Selekhmeteva
20260410,Hard,Lisa Pigato,Lina Gjorcheska
20260410,Hard,Ane Mintegi Del Olmo,Elina Avanesyan
20260411,Hard,Lisa Pigato,Polina Kudermetova
20260411,Hard,Marina Bassols Ribera,Ane Mintegi Del Olmo
20260412,Hard,Lisa Pigato,Marina Bassols Ribera
20260411,Hard,Oceane Dodin,Kathinka von Deichmann
20260411,Hard,Aliaksandra Sasnovich,Julia Stusek
20260411,Hard,Alycia Parks,Eva Bennemann
20260411,Hard,Vera Zvonareva,Victoria Jimenez Kasintseva
20260411,Hard,Anna-Lena Friedsam,Jule Niemeier
20260411,Hard,Viktoriya Tomova,Amandine Hesse
20260411,Hard,Zeynep Sonmez,Victoria Pohle
20260411,Hard,Gabriela Knutson,Carole Monnet
20260412,Hard,Alycia Parks,Viktoriya Tomova
20260412,Hard,Aliaksandra Sasnovich,Oceane Dodin
20260412,Hard,Gabriela Knutson,Vera Zvonareva
20260412,Hard,Zeynep Sonmez,Anna-Lena Friedsam
20260413,Hard,Laura Siegemund,Viktoriya Tomova
20260413,Hard,Liudmila Samsonova,Antonia Ruzic
20260414,Hard,Karolina Muchova,Aliaksandra Sasnovich
20260414,Hard,Elise Mertens,Ella Seidel
20260414,Hard,Ekaterina Alexandrova,Gabriela Knutson
20260414,Hard,Leylah Fernandez,Alexandra Eala
20260414,Hard,Eva Lys,Paula Badosa
20260414,Hard,Diana Shnaider,Tamara Korpatsch
20260415,Hard,Zeynep Sonmez,Jasmine Paolini
20260415,Hard,Alycia Parks,Noma Noha Akugue
20260415,Hard,Linda Noskova,Zhang Shuai
20260415,Hard,Mirra Andreeva,Jelena Ostapenko
20260415,Hard,Iga Swiatek,Laura Siegemund
20260415,Hard,Elina Svitolina,Eva Lys
20260416,Hard,Karolina Muchova,Elise Mertens
20260416,Hard,Linda Noskova,Ekaterina Alexandrova
20260416,Hard,Mirra Andreeva,Alycia Parks
20260416,Hard,Elena Rybakina,Diana Shnaider
20260416,Hard,Coco Gauff,Liudmila Samsonova
20260416,Hard,Leylah Fernandez,Zeynep Sonmez
20260417,Hard,Elina Svitolina,Linda Noskova
20260417,Hard,Karolina Muchova,Coco Gauff
20260417,Hard,Mirra Andreeva,Iga Swiatek
20260417,Hard,Elena Rybakina,Leylah Fernandez
20260418,Hard,Karolina Muchova,Elina Svitolina
20260418,Hard,Elena Rybakina,Mirra Andreeva
20260419,Hard,Elena Rybakina,Karolina Muchova
20260411,Hard,Chloe Paquet,Tiphanie Lemaitre
20260411,Hard,Jessica Pieri,Oceane Babel
20260411,Hard,Maria Timofeeva,Yara Bartashevich
20260411,Hard,Alina Charaeva,Mina Hodzic
20260411,Hard,Wang Xinyu,Manon Leonard
20260411,Hard,Iryna Shymanovich,Diana Martynov
20260411,Hard,Harmony Tan,Alice Robbe
20260411,Hard,Ekaterina Kazionova,Selena Janicijevic
20260411,Hard,Elvina Kalieva,Astrid Lew Yan Foon
20260411,Hard,Veronika Podrez,Momoko Kobori
20260411,Hard,Dominika Salkova,Yasmine Mansouri
20260411,Hard,Julie Belgraver,Mariia Kozyreva
20260412,Hard,Alina Charaeva,Jessica Pieri
20260412,Hard,Chloe Paquet,Maria Timofeeva
20260412,Hard,Iryna Shymanovich,Ekaterina Kazionova
20260412,Hard,Wang Xinyu,Harmony Tan
20260412,Hard,Veronika Podrez,Dominika Salkova
20260412,Hard,Elvina Kalieva,Julie Belgraver
20260413,Hard,Ann Li,Daria Kasatkina
20260413,Hard,Kamilla Rakhimova,Elvina Kalieva
20260413,Hard,Veronika Podrez,Sloane Stephens
20260413,Hard,Katie Boulter,Maria Timofeeva
20260414,Hard,Iryna Shymanovich,Linda Fruhvirtova
20260414,Hard,Dominika Salkova,Anna Blinkova
20260414,Hard,Marta Kostyuk,Diane Parry
20260414,Hard,Catherine McNally,Katie Volynets
20260414,Hard,Wang Xinyu,Chloe Paquet
20260414,Hard,Elisabetta Cocciaretto,Alina Charaeva
20260414,Hard,Jaqueline Cristian,Tiantsoa Rakotomanga Rajaonah
20260414,Hard,Hailey Baptiste,Jessika Ponchet
20260415,Hard,Oleksandra Oliynykova,Lilli Tagger
20260415,Hard,Anna Bondar,Harmony Tan
20260415,Hard,Ann Li,Kamilla Rakhimova
20260415,Hard,Tatjana Maria,Elsa Jacquemot
20260415,Hard,Sorana Cirstea,Fiona Ferro
20260415,Hard,Marta Kostyuk,Catherine McNally
20260415,Hard,Katie Boulter,Jaqueline Cristian
20260416,Hard,Tatjana Maria,Dominika Salkova
20260416,Hard,Iryna Shymanovich,Hailey Baptiste
20260416,Hard,Veronika Podrez,Elisabetta Cocciaretto
20260416,Hard,Sorana Cirstea,Wang Xinyu
20260416,Hard,Anna Bondar,Oleksandra Oliynykova
20260417,Hard,Tatjana Maria,Iryna Shymanovich
20260417,Hard,Veronika Podrez,Katie Boulter
20260417,Hard,Marta Kostyuk,Ann Li
20260417,Hard,Sorana Cirstea,Anna Bondar
20260418,Hard,Marta Kostyuk,Tatjana Maria
20260418,Hard,Veronika Podrez,Sorana Cirstea
20260419,Hard,Marta Kostyuk,Veronika Podrez
20260412,Hard,Mia Ristic,Lea Boskovic
20260412,Hard,Carol Young Suh Lee,Gabriela Agra Amorim
20260412,Hard,Anouck Vrancken Peeters,Caroline Werner
20260412,Hard,Ekaterine Gorgodze,Angelina Voloshchuk
20260412,Hard,Jil Teichmann,Amarissa Toth
20260412,Hard,Elena Ruxandra Bertea,Alisa Oktiabreva
20260412,Hard,Gabriela Lee,Barbora Palicova
20260412,Hard,Tessa Johanna Brockmann,Analu Freitas
20260413,Hard,Carol Young Suh Lee,Mia Ristic
20260413,Hard,Elena Ruxandra Bertea,Ekaterine Gorgodze
20260413,Hard,Anouck Vrancken Peeters,Jil Teichmann
20260413,Hard,Petra Marcinko,Nuria Brancaccio
20260413,Hard,Tessa Johanna Brockmann,Gabriela Lee
20260413,Hard,Suzan Lamens,Teodora Kostovic
20260413,Hard,Robin Montgomery,Mayar Sherif
20260413,Hard,Rebecca Sramkova,Lola Radivojevic
20260413,Hard,Sinja Kraus,Oksana Selekhmeteva
20260414,Hard,Veronika Erjavec,Milana Ivantsiv
20260414,Hard,Carol Young Suh Lee,Moyuka Uchijima
20260414,Hard,Anouk Koevermans,Matilde Jorge
20260414,Hard,Greet Minnen,Anouck Vrancken Peeters
20260414,Hard,Whitney Osuigwe,Darja Vidmanova
20260414,Hard,Beatriz Haddad Maia,Francisca Jorge
20260414,Hard,Tessa Johanna Brockmann,Kristina Mladenovic
20260414,Hard,Maja Chwalinska,Kaitlin Quevedo
20260414,Hard,Darja Semenistaja,Leolia Jeanjean
20260414,Hard,Rebeka Masarova,Elena Ruxandra Bertea
20260414,Hard,Simona Waltert,Katarzyna Kawa
20260415,Hard,Rebecca Sramkova,Veronika Erjavec
20260415,Hard,Suzan Lamens,Carol Young Suh Lee
20260415,Hard,Robin Montgomery,Anouk Koevermans
20260415,Hard,Petra Marcinko,Greet Minnen
20260416,Hard,Simona Waltert,Rebeka Masarova
20260416,Hard,Sinja Kraus,Whitney Osuigwe
20260416,Hard,Darja Semenistaja,Tessa Johanna Brockmann
20260416,Hard,Maja Chwalinska,Beatriz Haddad Maia
20260417,Hard,Petra Marcinko,Rebecca Sramkova
20260417,Hard,Sinja Kraus,Darja Semenistaja
20260417,Hard,Robin Montgomery,Suzan Lamens
20260417,Hard,Maja Chwalinska,Simona Waltert
20260418,Hard,Sinja Kraus,Petra Marcinko
20260418,Hard,Maja Chwalinska,Robin Montgomery
20260419,Hard,Maja Chwalinska,Sinja Kraus
20260419,Hard,Elena Ruxandra Bertea,Iryna Shymanovich
20260419,Hard,Lea Boskovic,Caroline Werner
20260419,Hard,Mia Ristic,Ane Mintegi Del Olmo
20260419,Hard,Ayana Akli,Tessa Johanna Brockmann
20260419,Hard,Polina Kudermetova,Beatriz Castro
20260419,Hard,Alisa Oktiabreva,Elizara Yaneva
20260419,Hard,Lucie Havlickova,Kika Lima
20260419,Hard,Francesca Curmi,Claire Liu
20260420,Hard,Alisa Oktiabreva,Ayana Akli
20260420,Hard,Lucie Havlickova,Mia Ristic
20260420,Hard,Polina Kudermetova,Lea Boskovic
20260420,Hard,Elena Pridankina,Milana Ivantsiv
20260420,Hard,Varvara Lepchenko,Carol Young Suh Lee
20260420,Hard,Francesca Curmi,Elena Ruxandra Bertea
20260420,Hard,Guiomar Maristany Zuleta De Reales,Francesca Jones
20260420,Hard,Sofia Costoulas,Anouk Koevermans
20260420,Hard,Carole Monnet,Greet Minnen
20260420,Hard,Yuan Yue,Ekaterine Gorgodze
20260421,Hard,Mona Barthel,Andrea Lazaro Garcia
20260421,Hard,Fiona Ferro,Bianca Andreescu
20260421,Hard,Alisa Oktiabreva,Francesca Curmi
20260421,Hard,Lucie Havlickova,Storm Hunter
20260421,Hard,Polina Kudermetova,Celine Naef
20260421,Hard,Lucia Bronzetti,Matilde Jorge
20260421,Hard,Darja Semenistaja,Anna-Lena Friedsam
20260421,Hard,Linda Klimovicova,Angelina Voloshchuk
20260421,Hard,Whitney Osuigwe,Jil Teichmann
20260421,Hard,Ayana Akli,Miroslava Medvedeva
20260422,Hard,Elena Pridankina,Sofia Costoulas
20260422,Hard,Yuan Yue,Alisa Oktiabreva
20260422,Hard,Lucia Bronzetti,Varvara Lepchenko
20260422,Hard,Polina Kudermetova,Guiomar Maristany Zuleta De Reales
20260423,Hard,Darja Semenistaja,Carole Monnet
20260423,Hard,Whitney Osuigwe,Ayana Akli
20260423,Hard,Linda Klimovicova,Mona Barthel
20260423,Hard,Fiona Ferro,Lucie Havlickova
20260424,Hard,Whitney Osuigwe,Darja Semenistaja
20260424,Hard,Polina Kudermetova,Lucia Bronzetti
20260424,Hard,Linda Klimovicova,Yuan Yue
20260424,Hard,Fiona Ferro,Elena Pridankina
20260425,Hard,Polina Kudermetova,Whitney Osuigwe
20260425,Hard,Fiona Ferro,Linda Klimovicova
20260426,Hard,Fiona Ferro,Polina Kudermetova
20260420,Hard,Martin Damm,Andrea Pellegrino
20260420,Hard,Rei Sakamoto,Zachary Svajda
20260420,Hard,Vilius Gaubas,Arthur Gea
20260420,Hard,Cristian Garin,Ugo Blanchet
20260420,Hard,Titouan Droguet,Otto Virtanen
20260420,Hard,Elmer Moller,Hugo Gaston
20260420,Hard,Wu Yibing,Manas Dhamne
20260420,Hard,Pablo Llamas Ruiz,Aleksandar Vukic
20260420,Hard,Lloyd Harris,Mackenzie McDonald
20260420,Hard,Marco Trungelliti,Borna Gojo
20260420,Hard,Jaime Faria,Quentin Halys
20260420,Hard,Daniel Merida,Billy Harris
20260420,Hard,Diego Dedura,Luca Van Assche
20260420,Hard,Benjamin Bonzi,Darwin Blanch
20260420,Hard,Adolfo Daniel Vallejo,Pedro Martinez
20260420,Hard,Moez Echargui,Aleksandar Kovacevic
20260420,Hard,Henrique Rocha,Jan Choinski
20260420,Hard,Chris Rodesch,Rinky Hijikata
20260420,Hard,Dusan Lajovic,Matteo Arnaldi
20260420,Hard,Dino Prizmic,Christopher O'Connell
20260420,Hard,Nikoloz Basilashvili,Stefano Travaglia
20260420,Hard,Nicolai Budkov Kjaer,Francesco Maestrelli
20260420,Hard,Patrick Kypson,Moise Kouame
20260420,Hard,Zsombor Piros,Tomas Barrios Vera
20260421,Hard,Martin Damm,Cristian Garin
20260421,Hard,Vilius Gaubas,Rei Sakamoto
20260421,Hard,Elmer Moller,Pablo Llamas Ruiz
20260421,Hard,Daniel Merida,Marco Trungelliti
20260421,Hard,Titouan Droguet,Wu Yibing
20260421,Hard,Jaime Faria,Lloyd Harris
20260421,Hard,Benjamin Bonzi,Diego Dedura
20260421,Hard,Dusan Lajovic,Chris Rodesch
20260421,Hard,Nikoloz Basilashvili,Patrick Kypson
20260421,Hard,Adolfo Daniel Vallejo,Henrique Rocha
20260421,Hard,Nicolai Budkov Kjaer,Moez Echargui
20260421,Hard,Dino Prizmic,Zsombor Piros
20260422,Hard,Vit Kopriva,Zhang Zhizhen
20260422,Hard,Emilio Nava,Jenson Brooksby
20260422,Hard,Marin Cilic,Zizou Bergs
20260422,Hard,Ignacio Buse,Adrian Mannarino
20260422,Hard,Damir Dzumhur,Mattia Bellucci
20260422,Hard,Dino Prizmic,Matteo Berrettini
20260422,Hard,Jan-Lennard Struff,Alexandre Muller
20260422,Hard,Dusan Lajovic,Lorenzo Sonego
20260422,Hard,Sebastian Ofner,Nikoloz Basilashvili
20260422,Hard,Thiago Agustin Tirante,Roberto Bautista Agut
20260422,Hard,Elmer Moller,Federico Cina
20260422,Hard,Hubert Hurkacz,Jaime Faria
20260422,Hard,Benjamin Bonzi,Titouan Droguet
20260422,Hard,Tomas Machac,Francisco Comesana
20260422,Hard,Rafael Jodar,Jesper de Jong
20260422,Hard,Alejandro Tabilo,Valentin Royer
20260423,Hard,Terence Atmane,Miomir Kecmanovic
20260423,Hard,Yannick Hanfmann,Marcos Giron
20260423,Hard,Pablo Carreno Busta,Marton Fucsovics
20260423,Hard,Alexander Blockx,Cristian Garin
20260423,Hard,Fabian Marozsan,Ethan Quinn
20260423,Hard,Jaume Munar,Aleksandr Shevchenko
20260423,Hard,Mariano Navone,Nuno Borges
20260423,Hard,Martin Damm,Alexei Popyrin
20260423,Hard,Adolfo Daniel Vallejo,Grigor Dimitrov
20260423,Hard,Stefanos Tsitsipas,Patrick Kypson
20260423,Hard,Vilius Gaubas,Sebastian Baez
20260423,Hard,Juan Manuel Cerundolo,Daniel Altmaier
20260423,Hard,Camilo Ugo Carabelli,Gael Monfils
20260423,Hard,Daniel Merida,Marco Trungelliti
20260423,Hard,Adam Walton,Martin Landaluce
20260423,Hard,Nicolai Budkov Kjaer,Reilly Opelka
20260424,Hard,Alex Michelsen,Jan-Lennard Struff
20260424,Hard,Lorenzo Musetti,Hubert Hurkacz
20260424,Hard,Emilio Nava,Valentin Vacherot
20260424,Hard,Tallon Griekspoor,Damir Dzumhur
20260424,Hard,Arthur Rinderknech,Dusan Lajovic
20260424,Hard,Elmer Moller,Gabriel Diallo
20260424,Hard,Dino Prizmic,Ben Shelton
20260424,Hard,Jiri Lehecka,Alejandro Tabilo
20260424,Hard,Arthur Fils,Ignacio Buse
20260424,Hard,Jannik Sinner,Benjamin Bonzi
20260424,Hard,Tomas Martin Etcheverry,Sebastian Ofner
20260424,Hard,Vit Kopriva,Andrey Rublev
20260424,Hard,Cameron Norrie,Tomas Machac
20260424,Hard,Joao Fonseca,Marin Cilic
20260424,Hard,Rafael Jodar,Alex de Minaur
20260424,Hard,Thiago Agustin Tirante,Tommy Paul
20260425,Hard,Alejandro Davidovich Fokina,Pablo Carreno Busta
20260425,Hard,Francisco Cerundolo,Yannick Hanfmann
20260425,Hard,Karen Khachanov,Adam Walton
20260425,Hard,Jakub Mensik,Martin Damm
20260425,Hard,Luciano Darderi,Juan Manuel Cerundolo
20260425,Hard,Casper Ruud,Jaume Munar
20260425,Hard,Alexander Blockx,Brandon Nakashima
20260425,Hard,Terence Atmane,Ugo Humbert
20260425,Hard,Felix Auger-Aliassime,Vilius Gaubas
20260425,Hard,Alexander Zverev,Mariano Navone
20260425,Hard,Flavio Cobolli,Camilo Ugo Carabelli
20260425,Hard,Adolfo Daniel Vallejo,Learner Tien
20260425,Hard,Daniil Medvedev,Fabian Marozsan
20260425,Hard,Daniel Merida,Corentin Moutet
20260425,Hard,Nicolai Budkov Kjaer,Denis Shapovalov
20260425,Hard,Stefanos Tsitsipas,Alexander Bublik
20260426,Hard,Jiri Lehecka,Alex Michelsen
20260426,Hard,Lorenzo Musetti,Tallon Griekspoor
20260426,Hard,Tomas Martin Etcheverry,Dino Prizmic
20260426,Hard,Jannik Sinner,Elmer Moller
20260426,Hard,Arthur Fils,Emilio Nava
20260426,Hard,Cameron Norrie,Thiago Agustin Tirante
20260426,Hard,Vit Kopriva,Arthur Rinderknech
20260426,Hard,Rafael Jodar,Joao Fonseca
20260427,Hard,Casper Ruud,Alejandro Davidovich Fokina
20260427,Hard,Stefanos Tsitsipas,Daniel Merida
20260427,Hard,Francisco Cerundolo,Luciano Darderi
20260427,Hard,Daniil Medvedev,Nicolai Budkov Kjaer
20260427,Hard,Alexander Blockx,Felix Auger-Aliassime
20260427,Hard,Alexander Zverev,Terence Atmane
20260427,Hard,Flavio Cobolli,Adolfo Daniel Vallejo
20260427,Hard,Jakub Mensik,Karen Khachanov
20260428,Hard,Jannik Sinner,Cameron Norrie
20260428,Hard,Arthur Fils,Tomas Martin Etcheverry
20260428,Hard,Jiri Lehecka,Lorenzo Musetti
20260428,Hard,Casper Ruud,Stefanos Tsitsipas
20260428,Hard,Rafael Jodar,Vit Kopriva
20260428,Hard,Alexander Blockx,Francisco Cerundolo
20260428,Hard,Flavio Cobolli,Daniil Medvedev
20260428,Hard,Alexander Zverev,Jakub Mensik
20260429,Hard,Jannik Sinner,Rafael Jodar
20260429,Hard,Arthur Fils,Jiri Lehecka
20260430,Hard,Alexander Blockx,Casper Ruud
20260430,Hard,Alexander Zverev,Flavio Cobolli
20260501,Hard,Jannik Sinner,Arthur Fils
20260501,Hard,Alexander Zverev,Alexander Blockx
20260503,Hard,Jannik Sinner,Alexander Zverev
20260420,Hard,Dominika Salkova,Ruth Roura Llaverias
20260420,Hard,Nikola Bartunkova,Katarzyna Kawa
20260420,Hard,Alina Charaeva,Aliaksandra Sasnovich
20260420,Hard,Simona Waltert,Despina Papamichail
20260420,Hard,Anna Blinkova,Nuria Brancaccio
20260420,Hard,Elvina Kalieva,Suzan Lamens
20260420,Hard,Leolia Jeanjean,Donna Vekic
20260420,Hard,Rebeka Masarova,Rebecca Sramkova
20260420,Hard,Tyra Caterina Grant,Veronika Erjavec
20260420,Hard,Katie Volynets,Oceane Dodin
20260420,Hard,Tamara Korpatsch,Sara Sorribes Tormo
20260420,Hard,Panna Udvardy,Julieta Pareja
20260420,Hard,Darja Vidmanova,Lola Radivojevic
20260420,Hard,Anastasia Pavlyuchenkova,Viktoriya Tomova
20260420,Hard,Yuliia Starodubtseva,Lucrezia Stefanini
20260420,Hard,Dalma Galfi,Leyre Romero Gormaz
20260420,Hard,Daria Snigur,Nauhany Vitoria Leme Da Silva
20260420,Hard,Sloane Stephens,Diane Parry
20260420,Hard,Hanne Vandewinkel,Linda Fruhvirtova
20260420,Hard,Anhelina Kalinina,Marina Bassols Ribera
20260420,Hard,Alycia Parks,Elina Avanesyan
20260420,Hard,Anastasia Potapova,Teodora Kostovic
20260420,Hard,Sinja Kraus,Martina Trevisan
20260420,Hard,Ksenia Efremova,Lulu Sun
20260421,Hard,Laura Samson,Tatjana Maria
20260421,Hard,Petra Marcinko,Victoria Jimenez Kasintseva
20260421,Hard,Leolia Jeanjean,Rebeka Masarova
20260421,Hard,Simona Waltert,Dominika Salkova
20260421,Hard,Alina Charaeva,Nikola Bartunkova
20260421,Hard,Elvina Kalieva,Anna Blinkova
20260421,Hard,Laura Siegemund,Irina-Camelia Begu
20260421,Hard,Jessica Bouzas Maneiro,Beatriz Haddad Maia
20260421,Hard,Tyra Caterina Grant,Panna Udvardy
20260421,Hard,Katie Volynets,Tamara Korpatsch
20260421,Hard,Julia Grabher,Paula Badosa
20260421,Hard,Anna Bondar,Viktorija Golubic
20260421,Hard,Anastasia Pavlyuchenkova,Yuliia Starodubtseva
20260421,Hard,Daria Snigur,Hanne Vandewinkel
20260421,Hard,Magda Linette,Robin Montgomery
20260421,Hard,Kaitlin Quevedo,Venus Williams
20260421,Hard,Dalma Galfi,Darja Vidmanova
20260421,Hard,Anhelina Kalinina,Sloane Stephens
20260421,Hard,Camila Osorio,Anastasia Zakharova
20260421,Hard,Sinja Kraus,Anastasia Potapova
20260421,Hard,Alycia Parks,Ksenia Efremova
20260421,Hard,Peyton Stearns,Lois Boisson
20260422,Hard,Panna Udvardy,Kimberly Birrell
20260422,Hard,Zeynep Sonmez,Carlota Martinez Cirez
20260422,Hard,Elena-Gabriela Ruse,Antonia Ruzic
20260422,Hard,Zhang Shuai,Eva Lys
20260422,Hard,Daria Snigur,Daria Kasatkina
20260422,Hard,Dalma Galfi,Ajla Tomljanovic
20260422,Hard,Yuliia Starodubtseva,Moyuka Uchijima
20260422,Hard,Alycia Parks,Elisabetta Cocciaretto
20260422,Hard,Alexandra Eala,Anastasia Pavlyuchenkova
20260422,Hard,Anhelina Kalinina,Kamilla Rakhimova
20260422,Hard,Emiliana Arango,Talia Gibson
20260422,Hard,Yulia Putintseva,Tereza Valentova
20260422,Hard,Janice Tjen,Alina Charaeva
20260422,Hard,Solana Sierra,Dayana Yastremska
20260422,Hard,Simona Waltert,Oleksandra Oliynykova
20260422,Hard,Karolina Pliskova,Sinja Kraus
20260422,Hard,Leolia Jeanjean,Oksana Selekhmeteva
20260422,Hard,Sofia Kenin,Ashlyn Krueger
20260422,Hard,Katie Boulter,Taylor Townsend
20260422,Hard,Katerina Siniakova,Elvina Kalieva
20260422,Hard,Catherine McNally,Katie Volynets
20260422,Hard,Tyra Caterina Grant,Elsa Jacquemot
20260423,Hard,Belinda Bencic,Petra Marcinko
20260423,Hard,Jaqueline Cristian,Yuliia Starodubtseva
20260423,Hard,Anna Bondar,Elina Svitolina
20260423,Hard,Laura Samson,Wang Xinyu
20260423,Hard,Diana Shnaider,Jessica Bouzas Maneiro
20260423,Hard,Iga Swiatek,Daria Snigur
20260423,Hard,Anhelina Kalinina,Marie Bouzkova
20260423,Hard,Dalma Galfi,Anna Kalinskaya
20260423,Hard,Jasmine Paolini,Laura Siegemund
20260423,Hard,Aryna Sabalenka,Peyton Stearns
20260423,Hard,Ann Li,Alycia Parks
20260423,Hard,Naomi Osaka,Camila Osorio
20260423,Hard,Iva Jovic,Magda Linette
20260423,Hard,Leylah Fernandez,Julia Grabher
20260423,Hard,Mirra Andreeva,Panna Udvardy
20260423,Hard,Hailey Baptiste,Kaitlin Quevedo
20260424,Hard,Solana Sierra,Magdalena Frech
20260424,Hard,Anastasia Potapova,Zhang Shuai
20260424,Hard,Karolina Pliskova,Maria Sakkari
20260424,Hard,Zheng Qinwen,Sofia Kenin
20260424,Hard,Zeynep Sonmez,Cristina Bucsa
20260424,Hard,Liudmila Samsonova,Janice Tjen
20260424,Hard,Elise Mertens,Alexandra Eala
20260424,Hard,Elena Rybakina,Elena-Gabriela Ruse
20260424,Hard,Jelena Ostapenko,Simona Waltert
20260424,Hard,Sorana Cirstea,Tyra Caterina Grant
20260424,Hard,Linda Noskova,Emiliana Arango
20260424,Hard,Marta Kostyuk,Yulia Putintseva
20260424,Hard,Katerina Siniakova,Anna Blinkova
20260424,Hard,Coco Gauff,Leolia Jeanjean
20260424,Hard,Catherine McNally,Victoria Mboko
20260424,Hard,Jessica Pegula,Katie Boulter
20260425,Hard,Belinda Bencic,Diana Shnaider
20260425,Hard,Anna Bondar,Laura Samson
20260425,Hard,Leylah Fernandez,Iva Jovic
20260425,Hard,Mirra Andreeva,Dalma Galfi
20260425,Hard,Ann Li,Iga Swiatek
20260425,Hard,Hailey Baptiste,Jasmine Paolini
20260425,Hard,Aryna Sabalenka,Jaqueline Cristian
20260425,Hard,Naomi Osaka,Anhelina Kalinina
20260426,Hard,Solana Sierra,Zeynep Sonmez
20260426,Hard,Coco Gauff,Sorana Cirstea
20260426,Hard,Catherine McNally,Katerina Siniakova
20260426,Hard,Linda Noskova,Liudmila Samsonova
20260426,Hard,Karolina Pliskova,Elise Mertens
20260426,Hard,Marta Kostyuk,Jessica Pegula
20260426,Hard,Elena Rybakina,Zheng Qinwen
20260426,Hard,Anastasia Potapova,Jelena Ostapenko
20260427,Hard,Leylah Fernandez,Ann Li
20260427,Hard,Hailey Baptiste,Belinda Bencic
20260427,Hard,Aryna Sabalenka,Naomi Osaka
20260427,Hard,Karolina Pliskova,Solana Sierra
20260427,Hard,Mirra Andreeva,Anna Bondar
20260427,Hard,Linda Noskova,Coco Gauff
20260427,Hard,Marta Kostyuk,Catherine McNally
20260427,Hard,Anastasia Potapova,Elena Rybakina
20260428,Hard,Mirra Andreeva,Leylah Fernandez
20260428,Hard,Hailey Baptiste,Aryna Sabalenka
20260429,Hard,Anastasia Potapova,Karolina Pliskova
20260429,Hard,Marta Kostyuk,Linda Noskova
20260430,Hard,Mirra Andreeva,Hailey Baptiste
20260430,Hard,Marta Kostyuk,Anastasia Potapova
20260502,Hard,Marta Kostyuk,Mirra Andreeva
20260426,Hard,Rada Zolotareva,Ye Qiu Yu
20260426,Hard,Wei Zhang-Qian,Ikumi Yamazaki
20260426,Hard,Guo Meiqi,Hiroko Kuwata
20260426,Hard,Wang Jiaqi,Peangtarn Plipuech
20260426,Hard,Amy Zhu,Naoko Eto
20260426,Hard,Zhibek Kulambayeva,Ye Shiyu
20260426,Hard,Chengyiyi Yuan,Yujia Huang
20260426,Hard,Varvara Panshina,Dang Yiming
20260427,Hard,Varvara Panshina,Wang Jiaqi
20260427,Hard,Rada Zolotareva,Wei Zhang-Qian
20260427,Hard,Zhibek Kulambayeva,Guo Meiqi
20260427,Hard,Zheng Wushuang,Ma YeXin
20260427,Hard,Chengyiyi Yuan,Amy Zhu
20260427,Hard,Sofya Lansere,Justina Mikulskyte
20260427,Hard,Lu Jia-Jing,You Xiaodi
20260427,Hard,Wei Sijia,Jessica Pieri
20260427,Hard,Katarzyna Kawa,Carol Zhao
20260427,Hard,Alevtina Ibragimova,Shi Han
20260428,Hard,Veronika Erjavec,Wang Meiling
20260428,Hard,Yao Xinxin,Sara Saito
20260428,Hard,Varvara Panshina,Dalila Spiteri
20260428,Hard,Wang Xiyu,Zhibek Kulambayeva
20260428,Hard,Chengyiyi Yuan,Anastasia Zolotareva
20260428,Hard,Rada Zolotareva,Despina Papamichail
20260428,Hard,Guo Hanyu,Dalila Jakupovic
20260428,Hard,Ren Yufei,Yang Yidi
20260428,Hard,Polona Hercog,Gao Xinyu
20260428,Hard,Diletta Cherubini,Ekaterina Reyngold
20260429,Hard,Zheng Wushuang,Wei Sijia
20260429,Hard,Veronika Erjavec,Sofya Lansere
20260429,Hard,Varvara Panshina,Lu Jia-Jing
20260429,Hard,Katarzyna Kawa,Alevtina Ibragimova
20260430,Hard,Polona Hercog,Ren Yufei
20260430,Hard,Rada Zolotareva,Yao Xinxin
20260430,Hard,Wang Xiyu,Chengyiyi Yuan
20260430,Hard,Guo Hanyu,Diletta Cherubini
20260501,Hard,Veronika Erjavec,Zheng Wushuang
20260501,Hard,Katarzyna Kawa,Varvara Panshina
20260501,Hard,Wang Xiyu,Polona Hercog
20260501,Hard,Guo Hanyu,Rada Zolotareva
20260502,Hard,Veronika Erjavec,Wang Xiyu
20260502,Hard,Katarzyna Kawa,Guo Hanyu
20260503,Hard,Katarzyna Kawa,Veronika Erjavec
20260426,Hard,Amandine Monnot,Diana Martynov
20260426,Hard,Weronika Falkowska,Carolina Alves
20260426,Hard,Ekaterina Ovcharenko,Cagla Buyukakcay
20260426,Hard,Lucie Nguyen Tan,Manon Leonard
20260426,Hard,Ayla Aksu,Ksenia Zaytseva
20260426,Hard,Yasmine Kabbaj,Eleejah Inisan
20260426,Hard,Yara Bartashevich,Sapfo Sakellaridi
20260426,Hard,Julie Belgraver,Astrid Lew Yan Foon
20260427,Hard,Ayla Aksu,Ekaterina Ovcharenko
20260427,Hard,Amandine Monnot,Weronika Falkowska
20260427,Hard,Lilli Tagger,Tiantsoa Rakotomanga Rajaonah
20260427,Hard,Julie Belgraver,Yara Bartashevich
20260427,Hard,Tereza Valentova,Sloane Stephens
20260427,Hard,Lucie Nguyen Tan,Yasmine Kabbaj
20260427,Hard,Moyuka Uchijima,Ksenia Efremova
20260427,Hard,Yuan Yue,Lulu Sun
20260427,Hard,Viktorija Golubic,Clara Burel
20260428,Hard,Amandine Monnot,Alina Korneeva
20260428,Hard,Claire Liu,Alice Rame
20260428,Hard,Sofia Costoulas,Ayla Aksu
20260428,Hard,Whitney Osuigwe,Chloe Paquet
20260428,Hard,Lucie Nguyen Tan,Alice Tubello
20260428,Hard,Yasmine Kabbaj,Diane Parry
20260428,Hard,Anna Blinkova,Julie Belgraver
20260428,Hard,Celine Naef,Yara Bartashevich
20260428,Hard,Leolia Jeanjean,Talia Gibson
20260428,Hard,Jessika Ponchet,Fiona Ferro
20260428,Hard,Bianca Andreescu,Elsa Jacquemot
20260429,Hard,Lilli Tagger,Amandine Monnot
20260429,Hard,Tereza Valentova,Claire Liu
20260429,Hard,Moyuka Uchijima,Lucie Nguyen Tan
20260429,Hard,Sofia Costoulas,Leolia Jeanjean
20260430,Hard,Jessika Ponchet,Yasmine Kabbaj
20260430,Hard,Viktorija Golubic,Whitney Osuigwe
20260430,Hard,Yuan Yue,Bianca Andreescu
20260430,Hard,Anna Blinkova,Celine Naef
20260501,Hard,Moyuka Uchijima,Sofia Costoulas
20260501,Hard,Jessika Ponchet,Viktorija Golubic
20260501,Hard,Tereza Valentova,Lilli Tagger
20260501,Hard,Anna Blinkova,Yuan Yue
20260502,Hard,Moyuka Uchijima,Jessika Ponchet
20260502,Hard,Tereza Valentova,Anna Blinkova
20260503,Hard,Moyuka Uchijima,Tereza Valentova
20260427,Hard,Caroline Werner,Ruth Roura Llaverias
20260427,Hard,Carlota Martinez Cirez,Ekaterina Kazionova
20260427,Hard,Victoria Bosio,Martina Vazquez Valles
20260427,Hard,Laura Pigossi,Aran Teixido Garcia
20260427,Hard,Tamara Korpatsch,Lucrezia Stefanini
20260427,Hard,Beatriz Haddad Maia,Andrea Lazaro Garcia
20260427,Hard,Rebecca Sramkova,Oksana Selekhmeteva
20260427,Hard,Ashlyn Krueger,Storm Hunter
20260427,Hard,Marina Bassols Ribera,Anastasia Zakharova
20260428,Hard,Elena Pridankina,Kamilla Rakhimova
20260428,Hard,Caroline Werner,Carlota Martinez Cirez
20260428,Hard,Jil Teichmann,Jessica Bouzas Maneiro
20260428,Hard,Rebeka Masarova,Ane Mintegi Del Olmo
20260428,Hard,Daria Kasatkina,Emiliana Arango
20260428,Hard,Laura Pigossi,Varvara Lepchenko
20260428,Hard,Wang Xinyu,Kaitlin Quevedo
20260428,Hard,Sara Sorribes Tormo,Ajla Tomljanovic
20260428,Hard,Aliona Bolsova,Peyton Stearns
20260428,Hard,Alina Charaeva,Dalma Galfi
20260428,Hard,Antonia Ruzic,Victoria Bosio
20260429,Hard,Caroline Werner,Rebecca Sramkova
20260429,Hard,Tamara Korpatsch,Jil Teichmann
20260429,Hard,Beatriz Haddad Maia,Ashlyn Krueger
20260429,Hard,Marina Bassols Ribera,Aliona Bolsova
20260430,Hard,Daria Kasatkina,Laura Pigossi
20260430,Hard,Alina Charaeva,Wang Xinyu
20260430,Hard,Elena Pridankina,Rebeka Masarova
20260430,Hard,Sara Sorribes Tormo,Antonia Ruzic
20260501,Hard,Daria Kasatkina,Alina Charaeva
20260501,Hard,Sara Sorribes Tormo,Elena Pridankina
20260501,Hard,Marina Bassols Ribera,Beatriz Haddad Maia
20260501,Hard,Tamara Korpatsch,Caroline Werner
20260502,Hard,Daria Kasatkina,Sara Sorribes Tormo
20260502,Hard,Tamara Korpatsch,Marina Bassols Ribera
20260503,Hard,Daria Kasatkina,Tamara Korpatsch
20260502,Hard,Peangtarn Plipuech,Amy Zhu
20260502,Hard,Hong Yi Cody Wong,Chengyiyi Yuan
20260502,Hard,Li Zongyu,Dang Yiming
20260502,Hard,Chenting Zhu,Ye Qiu Yu
20260503,Hard,Carol Zhao,Peangtarn Plipuech
20260503,Hard,Zheng Wushuang,Chenting Zhu
20260503,Hard,Hong Yi Cody Wong,Varvara Panshina
20260503,Hard,Li Zongyu,Priska Nugroho
20260504,Hard,Bai Zhuoxuan,Lu Jia-Jing
20260504,Hard,Yao Xinxin,Hong Yi Cody Wong
20260504,Hard,En-Shuo Liang,Ren Yufei
20260504,Hard,Li Zongyu,Zheng Wushuang
20260505,Hard,Haruka Kaji,Gao Xinyu
20260505,Hard,Mei Yamaguchi,Anastasia Zolotareva
20260505,Hard,Hayu Kinoshita,Kristiana Sidorova
20260505,Hard,Taylah Preston,Elena Micic
20260505,Hard,Shi Han,Jessica Pieri
20260505,Hard,Lanlana Tararudee,Sofya Lansere
20260505,Hard,Heather Watson,Mananchaya Sawangkaew
20260505,Hard,Lizette Cabrera,Aoi Ito
20260505,Hard,Viktoria Morvayova,Ma YeXin
20260505,Hard,Carol Zhao,Yang Yidi
20260505,Hard,Kyoka Okamura,Dalila Spiteri
20260505,Hard,You Xiaodi,Wang Jiaqi
20260506,Hard,Lizette Cabrera,Li Zongyu
20260506,Hard,Lanlana Tararudee,Shi Han
20260506,Hard,Heather Watson,Kyoka Okamura
20260506,Hard,Bai Zhuoxuan,Viktoria Morvayova
20260506,Hard,Hayu Kinoshita,Mei Yamaguchi
20260506,Hard,You Xiaodi,Carol Zhao
20260506,Hard,Yao Xinxin,Haruka Kaji
20260506,Hard,En-Shuo Liang,Taylah Preston
20260508,Hard,Bai Zhuoxuan,Lizette Cabrera
20260508,Hard,You Xiaodi,Heather Watson
20260508,Hard,Yao Xinxin,Lanlana Tararudee
20260508,Hard,En-Shuo Liang,Hayu Kinoshita
20260509,Hard,You Xiaodi,Yao Xinxin
20260509,Hard,En-Shuo Liang,Bai Zhuoxuan
20260510,Hard,En-Shuo Liang,You Xiaodi
20260502,Hard,Isabella Shinikova,Minel Naz Kaynak
20260502,Hard,Lucia Cortez Llorca,Sude Ulueren
20260502,Hard,Maria Sara Popa,Defne Cirpanli
20260504,Hard,Maria Sara Popa,Raluka Serban
20260504,Hard,Katherine Sebov,Dalila Jakupovic
20260504,Hard,Lucia Cortez Llorca,Mia Ristic
20260504,Hard,Donna Vekic,Aliona Falei
20260504,Hard,Alice Tubello,Tiantsoa Rakotomanga Rajaonah
20260504,Hard,Tereza Martincova,Isabella Shinikova
20260504,Hard,Polina Kudermetova,Cagla Buyukakcay
20260504,Hard,Storm Hunter,Polina Iatcenko
20260504,Hard,Elizara Yaneva,Ayla Aksu
20260504,Hard,Guiomar Maristany Zuleta De Reales,Anouk Koevermans
20260505,Hard,Mia Ristic,Sofia Costoulas
20260505,Hard,Anastasia Gasanova,Guo Hanyu
20260505,Hard,Maria Timofeeva,Noma Noha Akugue
20260505,Hard,Adelina Lachinova,Danka Kovinic
20260505,Hard,Berfu Cengiz,Katherine Sebov
20260505,Hard,Xinran Sun,Lina Gjorcheska
20260505,Hard,Carole Monnet,Maria Sara Popa
20260505,Hard,Linda Fruhvirtova,Tereza Martincova
20260505,Hard,Laura Pigossi,Lucia Cortez Llorca
20260505,Hard,Francesca Jones,Ekaterine Gorgodze
20260506,Hard,Guiomar Maristany Zuleta De Reales,Storm Hunter
20260506,Hard,Alice Tubello,Elizara Yaneva
20260506,Hard,Polina Kudermetova,Anastasia Gasanova
20260506,Hard,Donna Vekic,Berfu Cengiz
20260507,Hard,Maria Timofeeva,Adelina Lachinova
20260507,Hard,Laura Pigossi,Linda Fruhvirtova
20260507,Hard,Mia Ristic,Xinran Sun
20260507,Hard,Francesca Jones,Carole Monnet
20260508,Hard,Alice Tubello,Polina Kudermetova
20260508,Hard,Guiomar Maristany Zuleta De Reales,Laura Pigossi
20260508,Hard,Maria Timofeeva,Francesca Jones
20260508,Hard,Donna Vekic,Mia Ristic
20260509,Hard,Donna Vekic,Guiomar Maristany Zuleta De Reales
20260509,Hard,Maria Timofeeva,Alice Tubello
20260510,Hard,Maria Timofeeva,Donna Vekic
20260504,Hard,Daniel Merida,Mackenzie McDonald
20260504,Hard,Tomas Barrios Vera,Jacopo Vasami
20260504,Hard,Jesper de Jong,Pedro Martinez
20260504,Hard,Francisco Comesana,Billy Harris
20260504,Hard,Cristian Garin,Moez Echargui
20260504,Hard,Pablo Carreno Busta,Martin Damm
20260504,Hard,Stan Wawrinka,Stefano Travaglia
20260504,Hard,Hugo Dellien,Luca Van Assche
20260504,Hard,Leandro Riedi,Vilius Gaubas
20260504,Hard,Jan Choinski,Dusan Lajovic
20260504,Hard,Patrick Kypson,Jack Pinnington Jones
20260504,Hard,Titouan Droguet,Juan Cruz Martin Manzano
20260504,Hard,Andrea Pellegrino,Hugo Gaston
20260504,Hard,Nicolai Budkov Kjaer,Otto Virtanen
20260504,Hard,Martin Landaluce,Christopher O'Connell
20260504,Hard,Federico Bondioli,Emilio Nava
20260504,Hard,Jacob Fearnley,Shintaro Mochizuki
20260504,Hard,Dino Prizmic,Chris Rodesch
20260504,Hard,Aleksandar Kovacevic,Lorenzo Carboni
20260504,Hard,Dalibor Svrcina,Benjamin Bonzi
20260504,Hard,Pablo Llamas Ruiz,Henrique Rocha
20260504,Hard,Jaime Faria,Adolfo Daniel Vallejo
20260504,Hard,Nikoloz Basilashvili,Elmer Moller
20260504,Hard,Rinky Hijikata,Pierluigi Basile
20260505,Hard,Pablo Carreno Busta,Stan Wawrinka
20260505,Hard,Cristian Garin,Jan Choinski
20260505,Hard,Daniel Merida,Tomas Barrios Vera
20260505,Hard,Francisco Comesana,Leandro Riedi
20260505,Hard,Patrick Kypson,Titouan Droguet
20260505,Hard,Dalibor Svrcina,Nicolai Budkov Kjaer
20260505,Hard,Jesper de Jong,Hugo Dellien
20260505,Hard,Jacob Fearnley,Aleksandar Kovacevic
20260505,Hard,Dino Prizmic,Federico Bondioli
20260505,Hard,Pablo Llamas Ruiz,Jaime Faria
20260505,Hard,Andrea Pellegrino,Martin Landaluce
20260505,Hard,Nikoloz Basilashvili,Rinky Hijikata
20260506,Hard,Vit Kopriva,Fabian Marozsan
20260506,Hard,Sebastian Baez,Jenson Brooksby
20260506,Hard,Damir Dzumhur,Adrian Mannarino
20260506,Hard,Daniel Altmaier,Zhang Zhizhen
20260506,Hard,Zachary Svajda,Marco Trungelliti
20260506,Hard,Aleksandr Shevchenko,Camilo Ugo Carabelli
20260506,Hard,Yannick Hanfmann,Hubert Hurkacz
20260506,Hard,Botic Van De Zandschulp,Alexandre Muller
20260506,Hard,Jan-Lennard Struff,Francisco Comesana
20260506,Hard,Matteo Arnaldi,Jaume Munar
20260506,Hard,Aleksandar Vukic,Patrick Kypson
20260506,Hard,Nuno Borges,Jesper de Jong
20260506,Hard,Alejandro Tabilo,Pablo Carreno Busta
20260507,Hard,Miomir Kecmanovic,Dalibor Svrcina
20260507,Hard,Terence Atmane,Zizou Bergs
20260507,Hard,Nikoloz Basilashvili,Daniel Merida
20260507,Hard,Alexei Popyrin,Matteo Berrettini
20260507,Hard,Dino Prizmic,Marton Fucsovics
20260507,Hard,Giovanni Mpetshi Perricard,Jacob Fearnley
20260507,Hard,Marin Cilic,Marcos Giron
20260507,Hard,Alexander Blockx,Federico Cina
20260507,Hard,Mattia Bellucci,Roman Andres Burruchaga
20260507,Hard,Roberto Bautista Agut,Francesco Maestrelli
20260507,Hard,Pablo Llamas Ruiz,Ethan Quinn
20260507,Hard,Cristian Garin,Juan Manuel Cerundolo
20260507,Hard,Tomas Machac,Stefanos Tsitsipas
20260507,Hard,Thiago Agustin Tirante,Gianluca Cadenasso
20260507,Hard,Hamad Medjedovic,Valentin Royer
20260507,Hard,Ignacio Buse,Lorenzo Sonego
20260507,Hard,Sebastian Ofner,Alex Michelsen
20260507,Hard,Andrea Pellegrino,Luca Nardi
20260507,Hard,Mariano Navone,Denis Shapovalov
20260508,Hard,Rafael Jodar,Nuno Borges
20260508,Hard,Matteo Arnaldi,Alex de Minaur
20260508,Hard,Karen Khachanov,Aleksandr Shevchenko
20260508,Hard,Jiri Lehecka,Jan-Lennard Struff
20260508,Hard,Botic Van De Zandschulp,Aleksandar Kovacevic
20260508,Hard,Casper Ruud,Zachary Svajda
20260508,Hard,Alexander Zverev,Daniel Altmaier
20260508,Hard,Francisco Cerundolo,Alejandro Tabilo
20260508,Hard,Learner Tien,Damir Dzumhur
20260508,Hard,Alexander Blockx,Tallon Griekspoor
20260508,Hard,Dino Prizmic,Novak Djokovic
20260508,Hard,Alexander Bublik,Sebastian Baez
20260508,Hard,Tommy Paul,Aleksandar Vukic
20260508,Hard,Ugo Humbert,Vit Kopriva
20260508,Hard,Lorenzo Musetti,Giovanni Mpetshi Perricard
20260508,Hard,Luciano Darderi,Yannick Hanfmann
20260509,Hard,Daniil Medvedev,Tomas Machac
20260509,Hard,Thiago Agustin Tirante,Cameron Norrie
20260509,Hard,Pablo Llamas Ruiz,Corentin Moutet
20260509,Hard,Andrey Rublev,Miomir Kecmanovic
20260509,Hard,Martin Landaluce,Marin Cilic
20260509,Hard,Mariano Navone,Felix Auger-Aliassime
20260509,Hard,Alejandro Davidovich Fokina,Cristian Garin
20260509,Hard,Mattia Bellucci,Tomas Martin Etcheverry
20260509,Hard,Brandon Nakashima,Roberto Bautista Agut
20260509,Hard,Flavio Cobolli,Terence Atmane
20260509,Hard,Nikoloz Basilashvili,Ben Shelton
20260509,Hard,Frances Tiafoe,Ignacio Buse
20260509,Hard,Jannik Sinner,Sebastian Ofner
20260509,Hard,Hamad Medjedovic,Joao Fonseca
20260509,Hard,Andrea Pellegrino,Arthur Fils
20260509,Hard,Alexei Popyrin,Jakub Mensik
20260510,Hard,Casper Ruud,Jiri Lehecka
20260510,Hard,Alexander Zverev,Alexander Blockx
20260510,Hard,Dino Prizmic,Ugo Humbert
20260510,Hard,Lorenzo Musetti,Francisco Cerundolo
20260510,Hard,Karen Khachanov,Botic Van De Zandschulp
20260510,Hard,Learner Tien,Alexander Bublik
20260510,Hard,Luciano Darderi,Tommy Paul
20260510,Hard,Rafael Jodar,Matteo Arnaldi
20260511,Hard,Andrey Rublev,Alejandro Davidovich Fokina
20260511,Hard,Martin Landaluce,Mattia Bellucci
20260511,Hard,Nikoloz Basilashvili,Brandon Nakashima
20260511,Hard,Andrea Pellegrino,Frances Tiafoe
20260511,Hard,Hamad Medjedovic,Mariano Navone
20260511,Hard,Jannik Sinner,Alexei Popyrin
20260511,Hard,Daniil Medvedev,Pablo Llamas Ruiz
20260511,Hard,Thiago Agustin Tirante,Flavio Cobolli
20260512,Hard,Casper Ruud,Lorenzo Musetti
20260512,Hard,Karen Khachanov,Dino Prizmic
20260512,Hard,Rafael Jodar,Learner Tien
20260512,Hard,Luciano Darderi,Alexander Zverev
20260512,Hard,Jannik Sinner,Andrea Pellegrino
20260512,Hard,Andrey Rublev,Nikoloz Basilashvili
20260512,Hard,Martin Landaluce,Hamad Medjedovic
20260512,Hard,Daniil Medvedev,Thiago Agustin Tirante
20260513,Hard,Casper Ruud,Karen Khachanov
20260513,Hard,Luciano Darderi,Rafael Jodar
20260514,Hard,Jannik Sinner,Andrey Rublev
20260514,Hard,Daniil Medvedev,Martin Landaluce
20260515,Hard,Casper Ruud,Luciano Darderi
20260516,Hard,Jannik Sinner,Daniil Medvedev
20260517,Hard,Jannik Sinner,Casper Ruud
20260504,Hard,Leolia Jeanjean,Diane Parry
20260504,Hard,Ajla Tomljanovic,Marta Lombardini
20260504,Hard,Anastasia Potapova,Irina-Camelia Begu
20260504,Hard,Nikola Bartunkova,Ashlyn Krueger
20260504,Hard,Sinja Kraus,Dominika Salkova
20260504,Hard,Julia Grabher,Aliaksandra Sasnovich
20260504,Hard,Elena-Gabriela Ruse,Oceane Dodin
20260504,Hard,Daria Snigur,Samira De Stefano
20260504,Hard,Simona Waltert,Giorgia Pedone
20260504,Hard,Alina Korneeva,Ella Seidel
20260504,Hard,Lilli Tagger,Suzan Lamens
20260504,Hard,Yuan Yue,Kimberly Birrell
20260504,Hard,Dalma Galfi,Alycia Parks
20260504,Hard,Anhelina Kalinina,Camila Osorio
20260504,Hard,Noemi Basiletti,Emiliana Arango
20260504,Hard,Victoria Jimenez Kasintseva,Lulu Sun
20260504,Hard,Mayar Sherif,Anna Blinkova
20260504,Hard,Federica Urgesi,Renata Zarazua
20260504,Hard,Veronika Erjavec,Anastasia Pavlyuchenkova
20260504,Hard,Katie Volynets,Darja Semenistaja
20260504,Hard,Tamara Korpatsch,Beatrice Ricci
20260504,Hard,Jil Teichmann,Hanne Vandewinkel
20260504,Hard,Rebeka Masarova,Moyuka Uchijima
20260504,Hard,Taylor Townsend,Rebecca Sramkova
20260505,Hard,Dalma Galfi,Julia Grabher
20260505,Hard,Leolia Jeanjean,Ajla Tomljanovic
20260505,Hard,Anastasia Potapova,Nikola Bartunkova
20260505,Hard,Sinja Kraus,Elena-Gabriela Ruse
20260505,Hard,Simona Waltert,Yuan Yue
20260505,Hard,Barbora Krejcikova,Elsa Jacquemot
20260505,Hard,Alina Korneeva,Lilli Tagger
20260505,Hard,Zheng Qinwen,Anna Bondar
20260505,Hard,Oleksandra Oliynykova,Petra Marcinko
20260505,Hard,Noemi Basiletti,Daria Snigur
20260505,Hard,Bianca Andreescu,Sofia Kenin
20260505,Hard,Antonia Ruzic,Kamilla Rakhimova
20260505,Hard,Federica Urgesi,Veronika Erjavec
20260505,Hard,Anastasia Zakharova,Dayana Yastremska
20260505,Hard,McCartney Kessler,Lucia Bronzetti
20260505,Hard,Rebeka Masarova,Jil Teichmann
20260505,Hard,Tamara Korpatsch,Mayar Sherif
20260505,Hard,Taylor Townsend,Victoria Jimenez Kasintseva
20260505,Hard,Anhelina Kalinina,Katie Volynets
20260505,Hard,Zeynep Sonmez,Jennifer Ruggeri
20260505,Hard,Talia Gibson,Martina Trevisan
20260505,Hard,Ann Li,Zhang Shuai
20260506,Hard,Alexandra Eala,Magdalena Frech
20260506,Hard,Tatjana Maria,Magda Linette
20260506,Hard,Jelena Ostapenko,Lucrezia Stefanini
20260506,Hard,Panna Udvardy,Alina Korneeva
20260506,Hard,Leolia Jeanjean,Beatriz Haddad Maia
20260506,Hard,Katerina Siniakova,Lois Boisson
20260506,Hard,Tyra Caterina Grant,Lisa Pigato
20260506,Hard,Viktorija Golubic,Federica Urgesi
20260506,Hard,Laura Siegemund,Sara Bejlek
20260506,Hard,Taylor Townsend,Nuria Brancaccio
20260506,Hard,Peyton Stearns,Janice Tjen
20260506,Hard,Solana Sierra,Tamara Korpatsch
20260506,Hard,Maria Sakkari,Lilli Tagger
20260506,Hard,Tereza Valentova,Yulia Putintseva
20260506,Hard,Rebeka Masarova,Oksana Selekhmeteva
20260506,Hard,Anastasia Potapova,Dalma Galfi
20260506,Hard,Eva Lys,Katie Boulter
20260506,Hard,Karolina Pliskova,Jessica Bouzas Maneiro
20260506,Hard,Elisabetta Cocciaretto,Sinja Kraus
20260506,Hard,Catherine McNally,Daria Kasatkina
20260507,Hard,Mirra Andreeva,Antonia Ruzic
20260507,Hard,Zheng Qinwen,Cristina Bucsa
20260507,Hard,Elise Mertens,Panna Udvardy
20260507,Hard,Noemi Basiletti,Ajla Tomljanovic
20260507,Hard,Jasmine Paolini,Leolia Jeanjean
20260507,Hard,Simona Waltert,Yuliia Starodubtseva
20260507,Hard,Linda Noskova,Anastasia Zakharova
20260507,Hard,Sorana Cirstea,Tatjana Maria
20260507,Hard,Oleksandra Oliynykova,Clara Tauson
20260507,Hard,Viktorija Golubic,Maya Joint
20260507,Hard,Anna Kalinskaya,Katerina Siniakova
20260507,Hard,Coco Gauff,Tereza Valentova
20260507,Hard,Jelena Ostapenko,Elena-Gabriela Ruse
20260507,Hard,Belinda Bencic,Bianca Andreescu
20260507,Hard,Taylor Townsend,Marie Bouzkova
20260507,Hard,Solana Sierra,Anhelina Kalinina
20260507,Hard,Aryna Sabalenka,Barbora Krejcikova
20260507,Hard,Iva Jovic,McCartney Kessler
20260508,Hard,Iga Swiatek,Catherine McNally
20260508,Hard,Diana Shnaider,Talia Gibson
20260508,Hard,Alexandra Eala,Wang Xinyu
20260508,Hard,Liudmila Samsonova,Ann Li
20260508,Hard,Anastasia Potapova,Karolina Muchova
20260508,Hard,Madison Keys,Peyton Stearns
20260508,Hard,Naomi Osaka,Eva Lys
20260508,Hard,Jessica Pegula,Zeynep Sonmez
20260508,Hard,Laura Siegemund,Ekaterina Alexandrova
20260508,Hard,Hailey Baptiste,Simona Waltert
20260508,Hard,Nikola Bartunkova,Tyra Caterina Grant
20260508,Hard,Elina Svitolina,Noemi Basiletti
20260508,Hard,Karolina Pliskova,Jaqueline Cristian
20260508,Hard,Rebeka Masarova,Leylah Fernandez
20260508,Hard,Elisabetta Cocciaretto,Emma Navarro
20260508,Hard,Elena Rybakina,Maria Sakkari
20260509,Hard,Coco Gauff,Solana Sierra
20260509,Hard,Linda Noskova,Oleksandra Oliynykova
20260509,Hard,Elise Mertens,Jasmine Paolini
20260509,Hard,Jelena Ostapenko,Zheng Qinwen
20260509,Hard,Sorana Cirstea,Aryna Sabalenka
20260509,Hard,Mirra Andreeva,Viktorija Golubic
20260509,Hard,Iva Jovic,Taylor Townsend
20260509,Hard,Anna Kalinskaya,Belinda Bencic
20260510,Hard,Nikola Bartunkova,Madison Keys
20260510,Hard,Elina Svitolina,Hailey Baptiste
20260510,Hard,Jessica Pegula,Rebeka Masarova
20260510,Hard,Anastasia Potapova,Liudmila Samsonova
20260510,Hard,Naomi Osaka,Diana Shnaider
20260510,Hard,Elena Rybakina,Alexandra Eala
20260510,Hard,Iga Swiatek,Elisabetta Cocciaretto
20260510,Hard,Karolina Pliskova,Laura Siegemund
20260511,Hard,Sorana Cirstea,Linda Noskova
20260511,Hard,Coco Gauff,Iva Jovic
20260511,Hard,Jelena Ostapenko,Anna Kalinskaya
20260511,Hard,Mirra Andreeva,Elise Mertens
20260511,Hard,Elina Svitolina,Nikola Bartunkova
20260511,Hard,Jessica Pegula,Anastasia Potapova
20260511,Hard,Iga Swiatek,Naomi Osaka
20260511,Hard,Elena Rybakina,Karolina Pliskova
20260512,Hard,Sorana Cirstea,Jelena Ostapenko
20260512,Hard,Coco Gauff,Mirra Andreeva
20260513,Hard,Iga Swiatek,Jessica Pegula
20260513,Hard,Elina Svitolina,Elena Rybakina
20260514,Hard,Coco Gauff,Sorana Cirstea
20260514,Hard,Elina Svitolina,Iga Swiatek
20260516,Hard,Elina Svitolina,Coco Gauff
20260511,Hard,Taylah Preston,Hajar Crinebouch
20260511,Hard,Veronika Podrez,Guo Hanyu
20260511,Hard,Tamara Korpatsch,Ksenia Efremova
20260511,Hard,Katie Volynets,Alina Korneeva
20260511,Hard,Anastasia Zakharova,Maddison Inglis
20260511,Hard,Yulia Putintseva,McCartney Kessler
20260511,Hard,Alina Charaeva,Alice Tubello
20260511,Hard,Aliaksandra Sasnovich,Talia Gibson
20260511,Hard,Tiantsoa Rakotomanga Rajaonah,Renata Zarazua
20260511,Hard,Chloe Paquet,Maya Joint
20260512,Hard,Veronika Podrez,Sloane Stephens
20260512,Hard,Alina Charaeva,Sara Bejlek
20260512,Hard,Katie Boulter,Kimberly Birrell
20260512,Hard,Yuliia Starodubtseva,Taylah Preston
20260512,Hard,Emma Navarro,Lola Radivojevic
20260512,Hard,Diane Parry,Beatriz Haddad Maia
20260512,Hard,Zhang Shuai,Himeno Sakatsume
20260512,Hard,Anna Blinkova,Leylah Fernandez
20260512,Hard,Tamara Korpatsch,Clara Burel
20260512,Hard,Madison Keys,Fiona Ferro
20260513,Hard,Yulia Putintseva,Veronika Podrez
20260513,Hard,Anastasia Zakharova,Katie Boulter
20260513,Hard,Yuliia Starodubtseva,Zhang Shuai
20260514,Hard,Alina Charaeva,Tamara Korpatsch
20260514,Hard,Aliaksandra Sasnovich,Anna Blinkova
20260514,Hard,Katie Volynets,Emma Navarro
20260514,Hard,Madison Keys,Tiantsoa Rakotomanga Rajaonah
20260514,Hard,Diane Parry,Chloe Paquet
20260515,Hard,Diane Parry,Yulia Putintseva
20260515,Hard,Yuliia Starodubtseva,Katie Volynets
20260515,Hard,Alina Charaeva,Aliaksandra Sasnovich
20260515,Hard,Madison Keys,Anastasia Zakharova
20260516,Hard,Madison Keys,Yuliia Starodubtseva
20260516,Hard,Diane Parry,Alina Charaeva
20260517,Hard,Diane Parry,Madison Keys
20260511,Hard,Victoria Bosio,Elena Bocchi
20260511,Hard,Zhibek Kulambayeva,Nicole Fossa Huergo
20260511,Hard,Susan Bandecchi,Sapfo Sakellaridi
20260511,Hard,Deborah Chiesa,Gabriela Ce
20260511,Hard,Hanne Vandewinkel,Whitney Osuigwe
20260511,Hard,Dominika Salkova,Lois Boisson
20260511,Hard,Kaja Juvan,Moyuka Uchijima
20260511,Hard,Alycia Parks,Mary Stoiana
20260511,Hard,Jessica Bouzas Maneiro,Marta Lombardini
20260511,Hard,Federica Urgesi,Maja Chwalinska
20260511,Hard,Lucia Bronzetti,Lisa Pigato
20260511,Hard,Barbora Krejcikova,Victoria Jimenez Kasintseva
20260512,Hard,Anna-Lena Friedsam,Zhibek Kulambayeva
20260512,Hard,Camila Osorio,Deborah Chiesa
20260512,Hard,Susan Bandecchi,Priscilla Hon
20260512,Hard,Dayana Yastremska,Victoria Bosio
20260512,Hard,Solana Sierra,Carole Monnet
20260512,Hard,Lilli Tagger,Noemi Basiletti
20260512,Hard,Viktorija Golubic,Varvara Lepchenko
20260512,Hard,Mayar Sherif,Yuan Yue
20260513,Hard,Barbora Krejcikova,Anna-Lena Friedsam
20260513,Hard,Solana Sierra,Kaja Juvan
20260513,Hard,Dayana Yastremska,Hanne Vandewinkel
20260513,Hard,Camila Osorio,Lucia Bronzetti
20260513,Hard,Viktorija Golubic,Federica Urgesi
20260513,Hard,Dominika Salkova,Mayar Sherif
20260513,Hard,Susan Bandecchi,Alycia Parks
20260513,Hard,Jessica Bouzas Maneiro,Lilli Tagger
20260514,Hard,Camila Osorio,Dominika Salkova
20260514,Hard,Barbora Krejcikova,Viktorija Golubic
20260514,Hard,Dayana Yastremska,Solana Sierra
20260514,Hard,Jessica Bouzas Maneiro,Susan Bandecchi
20260515,Hard,Barbora Krejcikova,Camila Osorio
20260516,Hard,Dayana Yastremska,Jessica Bouzas Maneiro
20260516,Hard,Dayana Yastremska,Barbora Krejcikova
20260516,Hard,Dalila Spiteri,Georgina Garcia Perez
20260516,Hard,Vera Zvonareva,Diletta Cherubini
20260516,Hard,Caijsa Hennemann,Aran Teixido Garcia
20260516,Hard,Fiona Ferro,Ekaterina Kazionova
20260516,Hard,Lisa Zaar,Carolina Alves
20260516,Hard,Alana Smith,Victoria Bosio
20260516,Hard,Elina Avanesyan,Amandine Hesse
20260516,Hard,Anastasia Zolotareva,Zhibek Kulambayeva
20260517,Hard,Fiona Ferro,Elina Avanesyan
20260517,Hard,Caijsa Hennemann,Dalila Spiteri
20260517,Hard,Lisa Zaar,Alana Smith
20260517,Hard,Vera Zvonareva,Anastasia Zolotareva
20260518,Hard,Anhelina Kalinina,Simona Waltert
20260518,Hard,Jil Teichmann,Julia Grabher
20260518,Hard,Panna Udvardy,Hanne Vandewinkel
20260518,Hard,Petra Marcinko,Vera Zvonareva
20260518,Hard,Alycia Parks,Moyuka Uchijima
20260518,Hard,Fiona Ferro,Danka Kovinic
20260518,Hard,Anna Bondar,Polona Hercog
20260519,Hard,Yelyzaveta Kotliar,Francesca Jones
20260519,Hard,Janice Tjen,Caijsa Hennemann
20260519,Hard,Sada Nahimana,Ajla Tomljanovic
20260519,Hard,Yasmine Kabbaj,Berfu Cengiz
20260519,Hard,Jessica Bouzas Maneiro,Lisa Zaar
20260519,Hard,Camila Osorio,Tereza Martincova
20260519,Hard,Tatjana Maria,Diae El Jardi
20260519,Hard,Yuliia Starodubtseva,Angela Fita Boluda
20260519,Hard,Emiliana Arango,Ella Seidel
20260520,Hard,Jessica Bouzas Maneiro,Fiona Ferro
20260520,Hard,Jil Teichmann,Alycia Parks
20260520,Hard,Panna Udvardy,Sada Nahimana
20260520,Hard,Petra Marcinko,Yelyzaveta Kotliar
20260520,Hard,Yasmine Kabbaj,Tatjana Maria
20260520,Hard,Camila Osorio,Janice Tjen
20260520,Hard,Anna Bondar,Emiliana Arango
20260520,Hard,Anhelina Kalinina,Yuliia Starodubtseva
20260521,Hard,Panna Udvardy,Camila Osorio
20260521,Hard,Petra Marcinko,Jessica Bouzas Maneiro
20260521,Hard,Anhelina Kalinina,Anna Bondar
20260521,Hard,Jil Teichmann,Yasmine Kabbaj
20260522,Hard,Anhelina Kalinina,Panna Udvardy
20260522,Hard,Petra Marcinko,Jil Teichmann
20260523,Hard,Petra Marcinko,Anhelina Kalinina
20260516,Hard,Oksana Selekhmeteva,Sofia Kenin
20260516,Hard,McCartney Kessler,Renata Zarazua
20260516,Hard,Zhang Shuai,Beatriz Haddad Maia
20260516,Hard,Talia Gibson,Eva Lys
20260516,Hard,Oleksandra Oliynykova,Ksenia Efremova
20260516,Hard,Yulia Putintseva,Antonia Ruzic
20260516,Hard,Anastasia Zakharova,Elsa Jacquemot
20260516,Hard,Daria Kasatkina,Valentina Steiner
20260517,Hard,McCartney Kessler,Oksana Selekhmeteva
20260517,Hard,Oleksandra Oliynykova,Yulia Putintseva
20260517,Hard,Talia Gibson,Zhang Shuai
20260517,Hard,Daria Kasatkina,Anastasia Zakharova
20260517,Hard,Peyton Stearns,Maria Sakkari
20260517,Hard,Ann Li,Maya Joint
20260517,Hard,Emma Navarro,Sara Bejlek
20260517,Hard,Lois Boisson,Wang Xinyu
20260517,Hard,Leylah Fernandez,Leolia Jeanjean
20260518,Hard,Magdalena Frech,Talia Gibson
20260518,Hard,Daria Kasatkina,Liudmila Samsonova
20260518,Hard,Jaqueline Cristian,McCartney Kessler
20260518,Hard,Oleksandra Oliynykova,Alexandra Eala
20260518,Hard,Marie Bouzkova,Katerina Siniakova
20260519,Hard,Zhang Shuai,Cristina Bucsa
20260519,Hard,Diane Parry,Emma Raducanu
20260519,Hard,Daria Kasatkina,Peyton Stearns
20260519,Hard,Ann Li,Ekaterina Alexandrova
20260519,Hard,Leylah Fernandez,Magdalena Frech
20260519,Hard,Victoria Mboko,Lois Boisson
20260520,Hard,Marie Bouzkova,Oleksandra Oliynykova
20260520,Hard,Jaqueline Cristian,Clara Tauson
20260520,Hard,Zhang Shuai,Diane Parry
20260520,Hard,Emma Navarro,Iva Jovic
20260521,Hard,Ann Li,Marie Bouzkova
20260521,Hard,Jaqueline Cristian,Daria Kasatkina
20260521,Hard,Emma Navarro,Zhang Shuai
20260521,Hard,Victoria Mboko,Leylah Fernandez
20260522,Hard,Emma Navarro,Ann Li
20260522,Hard,Victoria Mboko,Jaqueline Cristian
20260523,Hard,Emma Navarro,Victoria Mboko
20260518,Hard,Guo Hanyu,Miriam Bulgaru
20260518,Hard,Sofia Costoulas,Tereza Mrdeza
20260518,Hard,Mai Hontama,Taylah Preston
20260518,Hard,Elena Pridankina,Victoria Jimenez Kasintseva
20260518,Hard,Julia Avdeeva,Eleejah Inisan
20260518,Hard,Despina Papamichail,Lanlana Tararudee
20260518,Hard,Kathinka von Deichmann,Joanna Garland
20260518,Hard,Himeno Sakatsume,Manon Leonard
20260518,Hard,Carole Monnet,Polina Iatcenko
20260518,Hard,Tamara Zidansek,Ekaterine Gorgodze
20260518,Hard,Maja Chwalinska,Alice Rame
20260518,Hard,Suzan Lamens,Lina Gjorcheska
20260518,Hard,Sinja Kraus,Celine Naef
20260518,Hard,Irina-Camelia Begu,Elizara Yaneva
20260518,Hard,Martina Trevisan,Gabriela Knutson
20260518,Hard,Mayar Sherif,Andrea Lazaro Garcia
20260518,Hard,Leyre Romero Gormaz,Ana Sofia Sanchez
20260518,Hard,Harriet Dart,Yuan Yue
20260518,Hard,Anna-Lena Friedsam,Mona Barthel
20260518,Hard,Lisa Pigato,Aliona Falei
20260518,Hard,Sloane Stephens,Carol Young Suh Lee
20260518,Hard,Noma Noha Akugue,Tatiana Prozorova
20260518,Hard,Greet Minnen,Anastasia Gasanova
20260518,Hard,Mary Stoiana,Selena Janicijevic
20260518,Hard,Lola Radivojevic,Linda Klimovicova
20260518,Hard,Alina Korneeva,Nao Hibino
20260518,Hard,Matilde Jorge,Elvina Kalieva
20260518,Hard,Jazmin Ortenzi,Arantxa Rus
20260518,Hard,Dominika Salkova,Veronika Podrez
20260518,Hard,Susan Bandecchi,Chloe Paquet
20260518,Hard,Aliaksandra Sasnovich,Whitney Osuigwe
20260518,Hard,Oceane Dodin,Kayla Day
20260519,Hard,Bianca Andreescu,Daphnée Mpetshi Perricard
20260519,Hard,Ashlyn Krueger,Margaux Rouvroy
20260519,Hard,Luisina Giovannini,Eva Guerrero Alvarez
20260519,Hard,Viktoria Hruncakova,Katherine Sebov
20260519,Hard,Karolina Pliskova,Yeonwoo Ku
20260519,Hard,Marina Bassols Ribera,Amandine Monnot
20260519,Hard,Julia Riera,Laura Samson
20260519,Hard,Robin Montgomery,Maddison Inglis
20260519,Hard,Guiomar Maristany Zuleta De Reales,Julie Belgraver
20260519,Hard,Kaitlin Quevedo,Nuria Brancaccio
20260519,Hard,Teodora Kostovic,Elizabeth Mandlik
20260519,Hard,Aoi Ito,Jeline Vandromme
20260519,Hard,Lulu Sun,Ma YeXin
20260519,Hard,Kaja Juvan,Anna Siskova
20260519,Hard,Claire Liu,Laura Pigossi
20260519,Hard,Darja Semenistaja,Iryna Shymanovich
20260519,Hard,Jessika Ponchet,Priscilla Hon
20260519,Hard,Katarzyna Kawa,Ayana Akli
20260519,Hard,Katarina Zavatska,Carol Zhao
20260519,Hard,Wang Xiyu,Kristina Mladenovic
20260519,Hard,Harmony Tan,Karman Thandi
20260519,Hard,Linda Fruhvirtova,Lucie Havlickova
20260519,Hard,Gao Xinyu,Darja Vidmanova
20260519,Hard,Maria Lourdes Carle,Rebeka Masarova
20260519,Hard,Lucia Bronzetti,Varvara Lepchenko
20260519,Hard,Maria Timofeeva,Cadence Brace
20260519,Hard,Storm Hunter,Tahlia Kokkinis
20260519,Hard,Lucrezia Stefanini,Alina Charaeva
20260519,Hard,Viktoriya Tomova,Irene Burillo
20260519,Hard,Polina Kudermetova,Anouk Koevermans
20260519,Hard,Francisca Jorge,You Xiaodi
20260519,Hard,Rebecca Sramkova,Kayla Cross
20260520,Hard,Sofia Costoulas,Mai Hontama
20260520,Hard,Guo Hanyu,Despina Papamichail
20260520,Hard,Maja Chwalinska,Carole Monnet
20260520,Hard,Sinja Kraus,Noma Noha Akugue
20260520,Hard,Anna-Lena Friedsam,Tamara Zidansek
20260520,Hard,Suzan Lamens,Irina-Camelia Begu
20260520,Hard,Sloane Stephens,Lisa Pigato
20260520,Hard,Kaitlin Quevedo,Teodora Kostovic
20260520,Hard,Greet Minnen,Lola Radivojevic
20260520,Hard,Leyre Romero Gormaz,Harriet Dart
20260520,Hard,Mayar Sherif,Martina Trevisan
20260520,Hard,Elena Pridankina,Julia Avdeeva
20260520,Hard,Himeno Sakatsume,Kathinka von Deichmann
20260520,Hard,Guiomar Maristany Zuleta De Reales,Kaja Juvan
20260520,Hard,Viktoria Hruncakova,Bianca Andreescu
20260520,Hard,Julia Riera,Robin Montgomery
20260520,Hard,Alina Korneeva,Jazmin Ortenzi
20260520,Hard,Mary Stoiana,Matilde Jorge
20260520,Hard,Marina Bassols Ribera,Karolina Pliskova
20260520,Hard,Ashlyn Krueger,Luisina Giovannini
20260520,Hard,Susan Bandecchi,Dominika Salkova
20260520,Hard,Wang Xiyu,Storm Hunter
20260520,Hard,Aliaksandra Sasnovich,Oceane Dodin
20260520,Hard,Linda Fruhvirtova,Jessika Ponchet
20260520,Hard,Lulu Sun,Aoi Ito
20260520,Hard,Harmony Tan,Gao Xinyu
20260520,Hard,Katarina Zavatska,Darja Semenistaja
20260520,Hard,Claire Liu,Katarzyna Kawa
20260520,Hard,Maria Lourdes Carle,Maria Timofeeva
20260520,Hard,Polina Kudermetova,Viktoriya Tomova
20260520,Hard,Lucia Bronzetti,Lucrezia Stefanini
20260520,Hard,Rebecca Sramkova,Francisca Jorge
20260521,Hard,Sinja Kraus,Anna-Lena Friedsam
20260521,Hard,Maja Chwalinska,Suzan Lamens
20260521,Hard,Sloane Stephens,Leyre Romero Gormaz
20260521,Hard,Mayar Sherif,Greet Minnen
20260521,Hard,Guo Hanyu,Sofia Costoulas
20260521,Hard,Elena Pridankina,Himeno Sakatsume
20260521,Hard,Alina Korneeva,Julia Riera
20260521,Hard,Ashlyn Krueger,Mary Stoiana
20260522,Hard,Linda Fruhvirtova,Harmony Tan
20260522,Hard,Marina Bassols Ribera,Aliaksandra Sasnovich
20260522,Hard,Susan Bandecchi,Viktoria Hruncakova
20260522,Hard,Kaitlin Quevedo,Guiomar Maristany Zuleta De Reales
20260522,Hard,Lucia Bronzetti,Katarina Zavatska
20260522,Hard,Claire Liu,Lulu Sun
20260522,Hard,Rebecca Sramkova,Maria Lourdes Carle
20260522,Hard,Wang Xiyu,Polina Kudermetova
20260524,Hard,Marta Kostyuk,Oksana Selekhmeteva
20260524,Hard,Wang Xinyu,Lilli Tagger
20260524,Hard,Catherine McNally,Ajla Tomljanovic
20260524,Hard,Marie Bouzkova,Lucia Bronzetti
20260524,Hard,Belinda Bencic,Sinja Kraus
20260524,Hard,Katie Volynets,Clara Burel
20260524,Hard,Yuliia Starodubtseva,Anna Blinkova
20260524,Hard,Wang Xiyu,Danka Kovinic
20260524,Hard,Magda Linette,Tereza Valentova
20260524,Hard,Hailey Baptiste,Barbora Krejcikova
20260524,Hard,Tamara Korpatsch,Sara Sorribes Tormo
20260524,Hard,Francesca Jones,Beatriz Haddad Maia
20260524,Hard,Magdalena Frech,Elena-Gabriela Ruse
20260524,Hard,Mirra Andreeva,Fiona Ferro
20260524,Hard,Solana Sierra,Emma Raducanu
20260524,Hard,Daria Snigur,Clara Tauson
20260524,Hard,Sara Bejlek,Sloane Stephens
20260524,Hard,Peyton Stearns,Sofia Kenin
20260524,Hard,Marina Bassols Ribera,Emiliana Arango
20260524,Hard,Sorana Cirstea,Ksenia Efremova
20260525,Hard,Daria Kasatkina,Zeynep Sonmez
20260525,Hard,Jasmine Paolini,Dayana Yastremska
20260525,Hard,Jil Teichmann,Liudmila Samsonova
20260525,Hard,Susan Bandecchi,Cristina Bucsa
20260525,Hard,Maja Chwalinska,Zheng Qinwen
20260525,Hard,Iga Swiatek,Emerson Jones
20260525,Hard,Julia Grabher,Rebecca Sramkova
20260525,Hard,Elise Mertens,Tatjana Maria
20260525,Hard,Elena Rybakina,Veronika Erjavec
20260525,Hard,Eva Lys,Petra Marcinko
20260525,Hard,Elina Svitolina,Anna Bondar
20260525,Hard,Anastasia Potapova,Maya Joint
20260525,Hard,Yulia Putintseva,Talia Gibson
20260525,Hard,Kaitlin Quevedo,Leolia Jeanjean
20260525,Hard,Viktorija Golubic,Panna Udvardy
20260525,Hard,Amanda Anisimova,Tiantsoa Rakotomanga Rajaonah
20260525,Hard,Kamilla Rakhimova,Jaqueline Cristian
20260525,Hard,Jelena Ostapenko,Ella Seidel
20260525,Hard,Katie Boulter,Akasha Urhobo
20260525,Hard,Camila Osorio,Ekaterina Alexandrova
20260525,Hard,McCartney Kessler,Guo Hanyu
20260525,Hard,Diana Shnaider,Renata Zarazua
20260525,Hard,Alycia Parks,Leylah Fernandez
20260525,Hard,Karolina Muchova,Anastasia Zakharova
20260526,Hard,Iva Jovic,Alexandra Eala
20260526,Hard,Emma Navarro,Janice Tjen
20260526,Hard,Donna Vekic,Alice Tubello
20260526,Hard,Claire Liu,Moyuka Uchijima
20260526,Hard,Aryna Sabalenka,Jessica Bouzas Maneiro
20260526,Hard,Maria Sakkari,Linda Noskova
20260526,Hard,Ann Li,Zhang Shuai
20260526,Hard,Mayar Sherif,Dalma Galfi
20260526,Hard,Naomi Osaka,Laura Siegemund
20260526,Hard,Coco Gauff,Taylor Townsend
20260526,Hard,Antonia Ruzic,Ashlyn Krueger
20260526,Hard,Elsa Jacquemot,Linda Fruhvirtova
20260526,Hard,Alina Korneeva,Elisabetta Cocciaretto
20260526,Hard,Diane Parry,Anhelina Kalinina
20260526,Hard,Anna Kalinskaya,Lois Boisson
20260526,Hard,Katerina Siniakova,Simona Waltert
20260526,Hard,Oleksandra Oliynykova,Elena Pridankina
20260526,Hard,Madison Keys,Hanne Vandewinkel
20260526,Hard,Victoria Mboko,Nikola Bartunkova
20260526,Hard,Kimberly Birrell,Jessica Pegula
20260527,Hard,Belinda Bencic,Catherine McNally
20260527,Hard,Tamara Korpatsch,Wang Xinyu
20260527,Hard,Iga Swiatek,Sara Bejlek
20260527,Hard,Peyton Stearns,Daria Snigur
20260527,Hard,Magda Linette,Jelena Ostapenko
20260527,Hard,Elina Svitolina,Kaitlin Quevedo
20260527,Hard,Viktorija Golubic,Alycia Parks
20260527,Hard,Marta Kostyuk,Katie Volynets
20260527,Hard,Marie Bouzkova,Francesca Jones
20260527,Hard,Yuliia Starodubtseva,Elena Rybakina
20260527,Hard,Jil Teichmann,Magdalena Frech
20260527,Hard,Solana Sierra,Jasmine Paolini
20260527,Hard,Wang Xiyu,Hailey Baptiste
20260527,Hard,Sorana Cirstea,Eva Lys
20260527,Hard,Mirra Andreeva,Marina Bassols Ribera
20260527,Hard,Karolina Muchova,Kamilla Rakhimova
20260528,Hard,Oleksandra Oliynykova,Kimberly Birrell
20260528,Hard,Naomi Osaka,Donna Vekic
20260528,Hard,Iva Jovic,Emma Navarro
20260528,Hard,Diana Shnaider,McCartney Kessler
20260528,Hard,Maja Chwalinska,Elise Mertens
20260528,Hard,Camila Osorio,Yulia Putintseva
20260528,Hard,Maria Sakkari,Claire Liu
20260528,Hard,Anna Kalinskaya,Alina Korneeva
20260528,Hard,Daria Kasatkina,Susan Bandecchi
20260528,Hard,Diane Parry,Ann Li
20260528,Hard,Amanda Anisimova,Julia Grabher
20260528,Hard,Coco Gauff,Mayar Sherif
20260528,Hard,Madison Keys,Antonia Ruzic
20260528,Hard,Aryna Sabalenka,Elsa Jacquemot
20260528,Hard,Anastasia Potapova,Katie Boulter
20260528,Hard,Victoria Mboko,Katerina Siniakova
20260529,Hard,Marta Kostyuk,Viktorija Golubic
20260529,Hard,Wang Xiyu,Yuliia Starodubtseva
20260529,Hard,Iga Swiatek,Magda Linette
20260529,Hard,Mirra Andreeva,Marie Bouzkova
20260529,Hard,Jil Teichmann,Karolina Muchova
20260529,Hard,Sorana Cirstea,Solana Sierra
20260529,Hard,Elina Svitolina,Tamara Korpatsch
20260529,Hard,Belinda Bencic,Peyton Stearns
20260530,Hard,Maja Chwalinska,Maria Sakkari
20260530,Hard,Naomi Osaka,Iva Jovic
20260530,Hard,Diana Shnaider,Oleksandra Oliynykova
20260530,Hard,Diane Parry,Amanda Anisimova
20260530,Hard,Aryna Sabalenka,Daria Kasatkina
20260530,Hard,Anna Kalinskaya,Camila Osorio
20260530,Hard,Anastasia Potapova,Coco Gauff
20260530,Hard,Madison Keys,Victoria Mboko
20260531,Hard,Sorana Cirstea,Wang Xiyu
20260531,Hard,Marta Kostyuk,Iga Swiatek
20260531,Hard,Elina Svitolina,Belinda Bencic
20260531,Hard,Mirra Andreeva,Jil Teichmann
20260601,Hard,Anna Kalinskaya,Anastasia Potapova
20260601,Hard,Diana Shnaider,Madison Keys
20260601,Hard,Maja Chwalinska,Diane Parry
20260601,Hard,Aryna Sabalenka,Naomi Osaka
20260602,Hard,Mirra Andreeva,Sorana Cirstea
20260602,Hard,Marta Kostyuk,Elina Svitolina
20260603,Hard,Maja Chwalinska,Anna Kalinskaya
20260603,Hard,Diana Shnaider,Aryna Sabalenka
20260604,Hard,Mirra Andreeva,Marta Kostyuk
20260604,Hard,Maja Chwalinska,Diana Shnaider
20260606,Hard,Mirra Andreeva,Maja Chwalinska
20260518,Hard,Jesper de Jong,Sun Fajing
20260518,Hard,Lloyd Harris,Hugo Grenier
20260518,Hard,Stefano Travaglia,Juan Pablo Ficovich
20260518,Hard,Michael Zheng,Antoine Ghibaudo
20260518,Hard,Liam Draxl,Ilia Simakin
20260518,Hard,Andrea Pellegrino,Nicolas Moreno De Alboran
20260518,Hard,August Holmgren,Otto Virtanen
20260518,Hard,Thomas Faurel,Genaro Alberto Olivieri
20260518,Hard,Stefanos Sakellaridis,Sho Shimabukuro
20260518,Hard,Daniel Jade,Daniel Evans
20260518,Hard,Facundo Diaz Acosta,Christopher O'Connell
20260518,Hard,Remy Bertola,Shintaro Mochizuki
20260518,Hard,Marco Cecchinato,Max Houkes
20260518,Hard,Jay Clarke,Dane Sweeny
20260518,Hard,David Goffin,Chun-Hsin Tseng
20260518,Hard,Daniil Glinka,Robin Bertrand
20260518,Hard,Dalibor Svrcina,Guy Den Ouden
20260518,Hard,Toby Samuel,Martin Damm
20260518,Hard,Federico Agustin Gomez,Frederico Ferreira Silva
20260518,Hard,Pedro Boscardin Dias,Nikoloz Basilashvili
20260518,Hard,Juan Carlos Prado Angelo,Mackenzie McDonald
20260518,Hard,Alexis Galarneau,Alex Barrena
20260518,Hard,Federico Cina,Yosuke Watanuki
20260518,Hard,Gonzalo Bueno,Florent Bax
20260518,Hard,Lukas Neumayer,Alex Bolt
20260518,Hard,Pablo Llamas Ruiz,Nicolas Mejia
20260518,Hard,Ugo Blanchet,Charles Broom
20260518,Hard,Alejandro Moro Canas,Stefano Napolitano
20260518,Hard,Bernard Tomic,Moez Echargui
20260518,Hard,Vitaliy Sachko,Jack Pinnington Jones
20260518,Hard,Vilius Gaubas,Federico Coria
20260518,Hard,Joao Lucas Reis Da Silva,Calvin Hemery
20260519,Hard,Jurij Rodionov,Dusan Lajovic
20260519,Hard,Borna Gojo,Sascha Gueymard Wayenburg
20260519,Hard,Colton Smith,Alvaro Guillen Meza
20260519,Hard,Zdenek Kolar,James McCabe
20260519,Hard,Chak Lam Coleman Wong,Billy Harris
20260519,Hard,Gustavo Heide,Dan Added
20260519,Hard,Jaime Faria,Grigor Dimitrov
20260519,Hard,Alex Molcan,Oliver Crawford
20260519,Hard,Francesco Maestrelli,Rio Noguchi
20260519,Hard,Roberto Carballes Baena,Lautaro Midon
20260519,Hard,Matej Dodig,Zhou Yi
20260519,Hard,Hugo Dellien,Sean Cuenin
20260519,Hard,Felix Gill,Aziz Dougaz
20260519,Hard,Pierre-Hugues Herbert,Kaichi Uchida
20260519,Hard,Kyrian Jacquet,Lorenzo Giustino
20260519,Hard,Henrique Rocha,Zsombor Piros
20260519,Hard,Leandro Riedi,Chris Rodesch
20260519,Hard,Jan Choinski,Andy Andrade
20260519,Hard,Roman Safiullin,Mark Lajal
20260519,Hard,Pedro Martinez,Rei Sakamoto
20260519,Hard,Nerman Fatic,Luka Mikrut
20260519,Hard,Thiago Seyboth Wild,Yu Hsiou Hsu
20260519,Hard,Gianluca Cadenasso,Liam Broady
20260519,Hard,Joel Josef Schwaerzler,Clement Chidekh
20260519,Hard,Emilio Nava,Bu Yunchaokete
20260519,Hard,Tomas Barrios Vera,Harold Mayot
20260519,Hard,Arthur Fery,Elias Ymer
20260519,Hard,Luka Pavlovic,Harry Wendelken
20260519,Hard,Tristan Schoolkate,Kimmer Coppejans
20260519,Hard,Nicolai Budkov Kjaer,Gilles Arnaud Bailly
20260519,Hard,Tom Gentzsch,Jerome Kym
20260519,Hard,Darwin Blanch,Timofey Skatov
20260520,Hard,Dalibor Svrcina,Federico Agustin Gomez
20260520,Hard,Marco Cecchinato,Stefanos Sakellaridis
20260520,Hard,Facundo Diaz Acosta,Remy Bertola
20260520,Hard,Jesper de Jong,Liam Draxl
20260520,Hard,Michael Zheng,Stefano Travaglia
20260520,Hard,Thomas Faurel,Jay Clarke
20260520,Hard,Andrea Pellegrino,Lloyd Harris
20260520,Hard,August Holmgren,Daniel Jade
20260520,Hard,Federico Cina,Bernard Tomic
20260520,Hard,Pablo Llamas Ruiz,Ugo Blanchet
20260520,Hard,Toby Samuel,David Goffin
20260520,Hard,Gonzalo Bueno,Vitaliy Sachko
20260520,Hard,Juan Carlos Prado Angelo,Daniil Glinka
20260520,Hard,Lukas Neumayer,Alejandro Moro Canas
20260520,Hard,Alexis Galarneau,Pedro Boscardin Dias
20260520,Hard,Jurij Rodionov,Gustavo Heide
20260520,Hard,Jaime Faria,Colton Smith
20260520,Hard,Roberto Carballes Baena,Francesco Maestrelli
20260520,Hard,Chak Lam Coleman Wong,Zdenek Kolar
20260520,Hard,Borna Gojo,Henrique Rocha
20260520,Hard,Felix Gill,Alex Molcan
20260520,Hard,Pedro Martinez,Arthur Fery
20260520,Hard,Kyrian Jacquet,Nerman Fatic
20260520,Hard,Hugo Dellien,Matej Dodig
20260520,Hard,Pierre-Hugues Herbert,Jan Choinski
20260520,Hard,Vilius Gaubas,Joao Lucas Reis Da Silva
20260520,Hard,Tom Gentzsch,Nicolai Budkov Kjaer
20260520,Hard,Roman Safiullin,Joel Josef Schwaerzler
20260520,Hard,Emilio Nava,Thiago Seyboth Wild
20260520,Hard,Luka Pavlovic,Tomas Barrios Vera
20260520,Hard,Leandro Riedi,Gianluca Cadenasso
20260520,Hard,Darwin Blanch,Tristan Schoolkate
20260521,Hard,Michael Zheng,Jesper de Jong
20260521,Hard,Andrea Pellegrino,Marco Cecchinato
20260521,Hard,Facundo Diaz Acosta,August Holmgren
20260521,Hard,Toby Samuel,Gonzalo Bueno
20260521,Hard,Thomas Faurel,Dalibor Svrcina
20260521,Hard,Juan Carlos Prado Angelo,Chak Lam Coleman Wong
20260521,Hard,Jaime Faria,Lukas Neumayer
20260522,Hard,Hugo Dellien,Roberto Carballes Baena
20260522,Hard,Jurij Rodionov,Borna Gojo
20260522,Hard,Pablo Llamas Ruiz,Vilius Gaubas
20260522,Hard,Roman Safiullin,Tom Gentzsch
20260522,Hard,Emilio Nava,Pedro Martinez
20260522,Hard,Luka Pavlovic,Darwin Blanch
20260522,Hard,Kyrian Jacquet,Felix Gill
20260524,Hard,Karen Khachanov,Arthur Gea
20260524,Hard,James Duckworth,Gabriel Diallo
20260524,Hard,Alejandro Davidovich Fokina,Damir Dzumhur
20260524,Hard,Thiago Agustin Tirante,Pablo Llamas Ruiz
20260524,Hard,Miomir Kecmanovic,Fabian Marozsan
20260524,Hard,Marco Trungelliti,Kyrian Jacquet
20260524,Hard,Tomas Machac,Zizou Bergs
20260524,Hard,Alexander Zverev,Benjamin Bonzi
20260524,Hard,Jakub Mensik,Titouan Droguet
20260524,Hard,Federico Cina,Reilly Opelka
20260524,Hard,Nuno Borges,Tomas Martin Etcheverry
20260524,Hard,Dino Prizmic,Michael Zheng
20260524,Hard,Joao Fonseca,Luka Pavlovic
20260524,Hard,Quentin Halys,Mattia Bellucci
20260524,Hard,Nishesh Basavareddy,Taylor Fritz
20260524,Hard,Alexander Blockx,Chak Lam Coleman Wong
20260524,Hard,Hamad Medjedovic,Yannick Hanfmann
20260524,Hard,Lorenzo Sonego,Pierre-Hugues Herbert
20260524,Hard,Valentin Royer,Hugo Dellien
20260524,Hard,Novak Djokovic,Giovanni Mpetshi Perricard
20260525,Hard,Alex Michelsen,Aleksandr Shevchenko
20260525,Hard,Arthur Rinderknech,Jurij Rodionov
20260525,Hard,Pablo Carreno Busta,Jiri Lehecka
20260525,Hard,Matteo Berrettini,Marton Fucsovics
20260525,Hard,Alex de Minaur,Toby Samuel
20260525,Hard,Luca Van Assche,Vilius Gaubas
20260525,Hard,Frances Tiafoe,Eliot Spizzirri
20260525,Hard,Rafael Jodar,Aleksandar Kovacevic
20260525,Hard,Jesper de Jong,Stan Wawrinka
20260525,Hard,Brandon Nakashima,Roberto Bautista Agut
20260525,Hard,Thanasi Kokkinakis,Terence Atmane
20260525,Hard,Mariano Navone,Jenson Brooksby
20260525,Hard,Camilo Ugo Carabelli,Emilio Nava
20260525,Hard,Ugo Humbert,Adrian Mannarino
20260525,Hard,Hubert Hurkacz,Jaume Munar
20260525,Hard,Tommy Paul,Rinky Hijikata
20260525,Hard,Andrey Rublev,Ignacio Buse
20260525,Hard,Casper Ruud,Roman Safiullin
20260525,Hard,Raphael Collignon,Aleksandar Vukic
20260525,Hard,Francisco Cerundolo,Botic Van De Zandschulp
20260525,Hard,Flavio Cobolli,Andrea Pellegrino
20260525,Hard,Wu Yibing,Marcos Giron
20260525,Hard,Ben Shelton,Daniel Merida
20260525,Hard,Hugo Gaston,Gael Monfils
20260526,Hard,Adam Walton,Daniil Medvedev
20260526,Hard,Moise Kouame,Marin Cilic
20260526,Hard,Alejandro Tabilo,Kamil Majchrzak
20260526,Hard,Matteo Arnaldi,Tallon Griekspoor
20260526,Hard,Zachary Svajda,Alexei Popyrin
20260526,Hard,Valentin Vacherot,Thomas Faurel
20260526,Hard,Martin Landaluce,Juan Carlos Prado Angelo
20260526,Hard,Facundo Diaz Acosta,Zhang Zhizhen
20260526,Hard,Stefanos Tsitsipas,Alexandre Muller
20260526,Hard,Vit Kopriva,Corentin Moutet
20260526,Hard,Adolfo Daniel Vallejo,Cameron Norrie
20260526,Hard,Roman Andres Burruchaga,Sebastian Baez
20260526,Hard,Learner Tien,Cristian Garin
20260526,Hard,Jan-Lennard Struff,Alexander Bublik
20260526,Hard,Jaime Faria,Denis Shapovalov
20260526,Hard,Juan Manuel Cerundolo,Jacob Fearnley
20260526,Hard,Francisco Comesana,Ethan Quinn
20260526,Hard,Luciano Darderi,Sebastian Ofner
20260526,Hard,Felix Auger-Aliassime,Daniel Altmaier
20260526,Hard,Jannik Sinner,Clement Tabur
20260527,Hard,Alex de Minaur,Alexander Blockx
20260527,Hard,Thiago Agustin Tirante,Alejandro Davidovich Fokina
20260527,Hard,Karen Khachanov,Marco Trungelliti
20260527,Hard,Jesper de Jong,Federico Cina
20260527,Hard,Andrey Rublev,Camilo Ugo Carabelli
20260527,Hard,Jakub Mensik,Mariano Navone
20260527,Hard,Pablo Carreno Busta,Thanasi Kokkinakis
20260527,Hard,Nuno Borges,Miomir Kecmanovic
20260527,Hard,Novak Djokovic,Valentin Royer
20260527,Hard,Rafael Jodar,James Duckworth
20260527,Hard,Alex Michelsen,Nishesh Basavareddy
20260527,Hard,Quentin Halys,Ugo Humbert
20260527,Hard,Joao Fonseca,Dino Prizmic
20260527,Hard,Tommy Paul,Lorenzo Sonego
20260527,Hard,Alexander Zverev,Tomas Machac
20260527,Hard,Casper Ruud,Hamad Medjedovic
20260528,Hard,Moise Kouame,Adolfo Daniel Vallejo
20260528,Hard,Jaime Faria,Jan-Lennard Struff
20260528,Hard,Learner Tien,Facundo Diaz Acosta
20260528,Hard,Flavio Cobolli,Wu Yibing
20260528,Hard,Zachary Svajda,Adam Walton
20260528,Hard,Juan Manuel Cerundolo,Jannik Sinner
20260528,Hard,Frances Tiafoe,Hubert Hurkacz
20260528,Hard,Francisco Cerundolo,Hugo Gaston
20260528,Hard,Martin Landaluce,Vit Kopriva
20260528,Hard,Alejandro Tabilo,Valentin Vacherot
20260528,Hard,Felix Auger-Aliassime,Roman Andres Burruchaga
20260528,Hard,Francisco Comesana,Luciano Darderi
20260528,Hard,Brandon Nakashima,Luca Van Assche
20260528,Hard,Raphael Collignon,Ben Shelton
20260528,Hard,Matteo Arnaldi,Stefanos Tsitsipas
20260528,Hard,Matteo Berrettini,Arthur Rinderknech
20260529,Hard,Andrey Rublev,Nuno Borges
20260529,Hard,Pablo Carreno Busta,Thiago Agustin Tirante
20260529,Hard,Rafael Jodar,Alex Michelsen
20260529,Hard,Joao Fonseca,Novak Djokovic
20260529,Hard,Jesper de Jong,Karen Khachanov
20260529,Hard,Jakub Mensik,Alex de Minaur
20260529,Hard,Casper Ruud,Tommy Paul
20260529,Hard,Alexander Zverev,Quentin Halys
20260530,Hard,Zachary Svajda,Francisco Cerundolo
20260530,Hard,Flavio Cobolli,Learner Tien
20260530,Hard,Matteo Berrettini,Francisco Comesana
20260530,Hard,Juan Manuel Cerundolo,Martin Landaluce
20260530,Hard,Alejandro Tabilo,Moise Kouame
20260530,Hard,Matteo Arnaldi,Raphael Collignon
20260530,Hard,Frances Tiafoe,Jaime Faria
20260530,Hard,Felix Auger-Aliassime,Brandon Nakashima
20260531,Hard,Rafael Jodar,Pablo Carreno Busta
20260531,Hard,Alexander Zverev,Jesper de Jong
20260531,Hard,Jakub Mensik,Andrey Rublev
20260531,Hard,Joao Fonseca,Casper Ruud
20260601,Hard,Flavio Cobolli,Zachary Svajda
20260601,Hard,Matteo Berrettini,Juan Manuel Cerundolo
20260601,Hard,Felix Auger-Aliassime,Alejandro Tabilo
20260601,Hard,Matteo Arnaldi,Frances Tiafoe
20260602,Hard,Alexander Zverev,Rafael Jodar
20260602,Hard,Jakub Mensik,Joao Fonseca
20260603,Hard,Flavio Cobolli,Felix Auger-Aliassime
20260603,Hard,Matteo Arnaldi,Matteo Berrettini
20260605,Hard,Alexander Zverev,Jakub Mensik
20260605,Hard,Flavio Cobolli,Matteo Arnaldi
20260607,Hard,Alexander Zverev,Flavio Cobolli
20260530,Hard,Ashlyn Krueger,Hannah Klugman
20260530,Hard,Mimi Xu,Kayla Cross
20260530,Hard,Rebeka Masarova,Emily Appleton
20260530,Hard,Vendula Valdmannova,Sayaka Ishii
20260530,Hard,Gabriela Knutson,Anouck Vrancken Peeters
20260530,Hard,Greet Minnen,Jodie Burrage
20260530,Hard,Mananchaya Sawangkaew,Yuriko Lily Miyazaki
20260530,Hard,Viktoria Hruncakova,Heather Watson
20260530,Hard,Nao Hibino,Mariam Bolkvadze
20260530,Hard,Tereza Martincova,Victoria Allen
20260530,Hard,Celine Naef,Carol Zhao
20260530,Hard,Aoi Ito,Amelia Rajecki
20260531,Hard,Ashlyn Krueger,Gabriela Knutson
20260531,Hard,Nao Hibino,Vendula Valdmannova
20260531,Hard,Greet Minnen,Viktoria Hruncakova
20260531,Hard,Mananchaya Sawangkaew,Aoi Ito
20260531,Hard,Rebeka Masarova,Celine Naef
20260531,Hard,Tereza Martincova,Mimi Xu
20260601,Hard,Elvina Kalieva,Talia Gibson
20260601,Hard,Mananchaya Sawangkaew,Linda Klimovicova
20260602,Hard,Nikola Bartunkova,Harriet Dart
20260602,Hard,Rebeka Masarova,Tereza Martincova
20260602,Hard,Alexandra Eala,Priscilla Hon
20260602,Hard,Mika Stojsavljevic,Emerson Jones
20260602,Hard,Alina Charaeva,Greet Minnen
20260602,Hard,Mary Stoiana,Lulu Sun
20260602,Hard,Kayla Day,Hanne Vandewinkel
20260602,Hard,Janice Tjen,Nao Hibino
20260602,Hard,Gabriela Knutson,Joanna Garland
20260603,Hard,Katie Swan,Ajla Tomljanovic
20260603,Hard,Tatjana Maria,Linda Fruhvirtova
20260603,Hard,Celine Naef,Maddison Inglis
20260603,Hard,Ashlyn Krueger,Himeno Sakatsume
20260604,Hard,Mika Stojsavljevic,Elvina Kalieva
20260604,Hard,Taylah Preston,Alicia Dudeney
20260604,Hard,Ashlyn Krueger,Janice Tjen
20260604,Hard,Mary Stoiana,Celine Naef
20260604,Hard,Mananchaya Sawangkaew,Kayla Day
20260604,Hard,Alexandra Eala,Alina Charaeva
20260604,Hard,Rebeka Masarova,Tatjana Maria
20260604,Hard,Taylah Preston,Katie Swan
20260604,Hard,Nikola Bartunkova,Gabriela Knutson
20260605,Hard,Ashlyn Krueger,Taylah Preston
20260605,Hard,Rebeka Masarova,Mary Stoiana
20260605,Hard,Nikola Bartunkova,Mika Stojsavljevic
20260605,Hard,Alexandra Eala,Mananchaya Sawangkaew
20260606,Hard,Nikola Bartunkova,Ashlyn Krueger
20260606,Hard,Alexandra Eala,Rebeka Masarova
20260607,Hard,Alexandra Eala,Nikola Bartunkova
20260601,Hard,Viola Turini,Lucia Cortez Llorca
20260601,Hard,Dang Yiming,Eleonora Alvisi
20260601,Hard,Andreea Prisacariu,Francesca Dell'Edera
20260601,Hard,Nika Radisic,Mariia Kozyreva
20260601,Hard,Lisa Pigato,Elizara Yaneva
20260601,Hard,Tatiana Pieri,Victoria Bosio
20260601,Hard,Darya Astakhova,Gao Xinyu
20260601,Hard,Varvara Lepchenko,Iryna Shymanovich
20260601,Hard,Sofia Costoulas,Sapfo Sakellaridi
20260602,Hard,Carole Monnet,Alice Tubello
20260602,Hard,Chloe Paquet,Despina Papamichail
20260602,Hard,Tatiana Prozorova,Nuria Brancaccio
20260602,Hard,Nika Radisic,Andreea Prisacariu
20260602,Hard,Giorgia Pedone,Ekaterine Gorgodze
20260602,Hard,Mayar Sherif,Carlota Martinez Cirez
20260602,Hard,Viola Turini,Miriana Tona
20260602,Hard,Tyra Caterina Grant,Lisa Zaar
20260602,Hard,Leyre Romero Gormaz,You Xiaodi
20260602,Hard,Lucia Bronzetti,Vittoria Paganetti
20260603,Hard,Darya Astakhova,Lisa Pigato
20260603,Hard,Laura Mair,Dang Yiming
20260603,Hard,Tatiana Pieri,Sofia Costoulas
20260603,Hard,Chloe Paquet,Nika Radisic
20260603,Hard,Tyra Caterina Grant,Varvara Lepchenko
20260604,Hard,Carole Monnet,Tatiana Prozorova
20260604,Hard,Leyre Romero Gormaz,Viola Turini
20260604,Hard,Giorgia Pedone,Mayar Sherif
20260604,Hard,Lucia Bronzetti,Laura Mair
20260605,Hard,Darya Astakhova,Chloe Paquet
20260605,Hard,Leyre Romero Gormaz,Carole Monnet
20260605,Hard,Tyra Caterina Grant,Tatiana Pieri
20260605,Hard,Lucia Bronzetti,Giorgia Pedone
20260606,Hard,Tyra Caterina Grant,Darya Astakhova
20260606,Hard,Leyre Romero Gormaz,Lucia Bronzetti
20260607,Hard,Leyre Romero Gormaz,Tyra Caterina Grant
20260602,Hard,Yasmine Kabbaj,Dalila Jakupovic
20260602,Hard,Erika Andreeva,Elina Avanesyan
20260602,Hard,Lea Boskovic,Akasha Urhobo
20260602,Hard,Kajsa Rinaldo Persson,Leolia Jeanjean
20260602,Hard,Caijsa Hennemann,Jule Niemeier
20260602,Hard,Dominika Salkova,Ana Konjuh
20260602,Hard,Noma Noha Akugue,Miriam Bulgaru
20260602,Hard,Simona Waltert,Teodora Kostovic
20260602,Hard,Elina Avanesyan,Tamara Zidansek
20260602,Hard,Sara Sorribes Tormo,Victoria Jimenez Kasintseva
20260603,Hard,Andrea Lazaro Garcia,Laura Samson
20260603,Hard,Barbora Palicova,Lucija Ciric Bagaric
20260604,Hard,Petra Marcinko,Caijsa Hennemann
20260604,Hard,Maya Joint,Katarzyna Kawa
20260604,Hard,Darja Semenistaja,Tena Lukas
20260604,Hard,Lola Radivojevic,Mia Ristic
20260604,Hard,Akasha Urhobo,Rebecca Sramkova
20260604,Hard,Yasmine Kabbaj,Lucie Havlickova
20260604,Hard,Sara Sorribes Tormo,Lola Radivojevic
20260604,Hard,Lea Boskovic,Robin Montgomery
20260604,Hard,Maria Timofeeva,Erika Andreeva
20260604,Hard,Yasmine Kabbaj,Maya Joint
20260604,Hard,Elina Avanesyan,Dominika Salkova
20260604,Hard,Andrea Lazaro Garcia,Simona Waltert
20260604,Hard,Maria Timofeeva,Lea Boskovic
20260604,Hard,Barbora Palicova,Petra Marcinko
20260604,Hard,Noma Noha Akugue,Kajsa Rinaldo Persson
20260604,Hard,Darja Semenistaja,Akasha Urhobo
20260605,Hard,Elina Avanesyan,Barbora Palicova
20260605,Hard,Darja Semenistaja,Andrea Lazaro Garcia
20260605,Hard,Maria Timofeeva,Yasmine Kabbaj
20260605,Hard,Sara Sorribes Tormo,Noma Noha Akugue
20260606,Hard,Maria Timofeeva,Sara Sorribes Tormo
20260606,Hard,Darja Semenistaja,Elina Avanesyan
20260607,Hard,Maria Timofeeva,Darja Semenistaja
20260606,Hard,Benjamin Bonzi,Marc Polmans
20260606,Hard,Martin Damm,Max Houkes
20260606,Hard,Juan Pablo Ficovich,Thijmen Loof
20260606,Hard,Niels Visker,Mackenzie McDonald
20260606,Hard,Elias Ymer,Mac Visser
20260606,Hard,Bernard Tomic,Alec Deckers
20260606,Hard,Sander Jong,Shintaro Mochizuki
20260606,Hard,James McCabe,Chak Lam Coleman Wong
20260607,Hard,Martin Damm,Juan Pablo Ficovich
20260607,Hard,Elias Ymer,Niels Visker
20260607,Hard,Benjamin Bonzi,Bernard Tomic
20260607,Hard,James McCabe,Sander Jong
20260608,Hard,Nuno Borges,Terence Atmane
20260608,Hard,Benjamin Bonzi,Mees Rottgering
20260608,Hard,Marin Cilic,Denis Shapovalov
20260608,Hard,Ugo Humbert,Elias Ymer
20260609,Hard,Martin Damm,Jaume Munar
20260609,Hard,Adrian Mannarino,Gabriel Diallo
20260609,Hard,Zhang Zhizhen,Jenson Brooksby
20260610,Hard,James McCabe,Zizou Bergs
20260610,Hard,Thijs Boogaard,Wu Yibing
20260610,Hard,Kamil Majchrzak,Otto Virtanen
20260610,Hard,Marton Fucsovics,Hubert Hurkacz
20260610,Hard,Tallon Griekspoor,Botic Van De Zandschulp
20260610,Hard,Alex de Minaur,Martin Damm
20260611,Hard,Benjamin Bonzi,Ugo Humbert
20260611,Hard,Adrian Mannarino,Arthur Rinderknech
20260611,Hard,Zhang Zhizhen,Tallon Griekspoor
20260611,Hard,Kamil Majchrzak,James McCabe
20260611,Hard,Felix Auger-Aliassime,Marton Fucsovics
20260612,Hard,Adrian Mannarino,Zhang Zhizhen
20260612,Hard,Daniil Medvedev,Thijs Boogaard
20260612,Hard,Marin Cilic,Nuno Borges
20260612,Hard,Alex de Minaur,Benjamin Bonzi
20260612,Hard,Kamil Majchrzak,Felix Auger-Aliassime
20260613,Hard,Daniil Medvedev,Marin Cilic
20260613,Hard,Alex de Minaur,Adrian Mannarino
20260613,Hard,Kamil Majchrzak,Daniil Medvedev
20260614,Hard,Kamil Majchrzak,Alex de Minaur
20260606,Hard,Greet Minnen,Viktoriya Tomova
20260606,Hard,Katie Volynets,Nao Hibino
20260606,Hard,Ella Seidel,Claire Liu
20260606,Hard,Zhu Lin,Carol Young Suh Lee
20260606,Hard,Hanne Vandewinkel,Mona Barthel
20260606,Hard,Robin Montgomery,Yuan Yue
20260607,Hard,Hanne Vandewinkel,Anouk Koevermans
20260607,Hard,Greet Minnen,Ella Seidel
20260607,Hard,Katie Volynets,Zhu Lin
20260607,Hard,Robin Montgomery,Joanna Garland
20260608,Hard,Panna Udvardy,Ekaterina Alexandrova
20260608,Hard,Magda Linette,Kimberly Birrell
20260608,Hard,Robin Montgomery,Daria Kasatkina
20260608,Hard,Elise Mertens,Bianca Andreescu
20260608,Hard,Daria Snigur,Paula Badosa
20260608,Hard,Mia Pohankova,Clara Tauson
20260609,Hard,Dayana Yastremska,Sara Bejlek
20260609,Hard,Zeynep Sonmez,Katie Volynets
20260609,Hard,Greet Minnen,Janice Tjen
20260609,Hard,Barbora Krejcikova,Renata Zarazua
20260609,Hard,Elena-Gabriela Ruse,Tamara Korpatsch
20260610,Hard,Solana Sierra,Lois Boisson
20260610,Hard,Anastasia Potapova,Suzan Lamens
20260610,Hard,Hanne Vandewinkel,Nikola Bartunkova
20260610,Hard,Ajla Tomljanovic,Jessica Bouzas Maneiro
20260610,Hard,Catherine McNally,Emma Navarro
20260611,Hard,Elena-Gabriela Ruse,Elise Mertens
20260611,Hard,Robin Montgomery,Greet Minnen
20260611,Hard,Zeynep Sonmez,Anastasia Potapova
20260611,Hard,Magda Linette,Mia Pohankova
20260611,Hard,Daria Snigur,Panna Udvardy
20260611,Hard,Barbora Krejcikova,Hanne Vandewinkel
20260612,Hard,Catherine McNally,Solana Sierra
20260612,Hard,Barbora Krejcikova,Elena-Gabriela Ruse
20260612,Hard,Ajla Tomljanovic,Dayana Yastremska
20260612,Hard,Magda Linette,Zeynep Sonmez
20260612,Hard,Robin Montgomery,Daria Snigur
20260613,Hard,Ajla Tomljanovic,Catherine McNally
20260613,Hard,Barbora Krejcikova,Magda Linette
20260613,Hard,Robin Montgomery,Ajla Tomljanovic
20260614,Hard,Robin Montgomery,Barbora Krejcikova
20260607,Hard,Anna Blinkova,Jodie Burrage
20260607,Hard,Polina Kudermetova,Priscilla Hon
20260607,Hard,Alina Charaeva,Talia Gibson
20260607,Hard,Donna Vekic,Carole Monnet
20260607,Hard,Heather Watson,Beatriz Haddad Maia
20260607,Hard,Zhang Shuai,Hannah Klugman
20260607,Hard,Antonia Ruzic,Aoi Ito
20260607,Hard,Storm Hunter,Aliaksandra Sasnovich
20260607,Hard,Tatjana Maria,Yuriko Lily Miyazaki
20260607,Hard,Maddison Inglis,Alycia Parks
20260607,Hard,Guo Hanyu,Elsa Jacquemot
20260607,Hard,Kamilla Rakhimova,Ekaterine Gorgodze
20260607,Hard,Anna Blinkova,Donna Vekic
20260607,Hard,Polina Kudermetova,Alina Charaeva
20260607,Hard,Zhang Shuai,Heather Watson
20260607,Hard,Antonia Ruzic,Storm Hunter
20260607,Hard,Tatjana Maria,Kamilla Rakhimova
20260607,Hard,Maddison Inglis,Guo Hanyu
20260608,Hard,Harriet Dart,Liudmila Samsonova
20260608,Hard,Karolina Pliskova,McCartney Kessler
20260608,Hard,Jaqueline Cristian,Zheng Qinwen
20260609,Hard,Sorana Cirstea,Maddison Inglis
20260609,Hard,Emma Raducanu,Anna Blinkova
20260609,Hard,Iva Jovic,Antonia Ruzic
20260609,Hard,Katie Boulter,Leylah Fernandez
20260609,Hard,Laura Siegemund,Francesca Jones
20260609,Hard,Alexandra Eala,Zhang Shuai
20260609,Hard,Tatjana Maria,Maria Sakkari
20260609,Hard,Marie Bouzkova,Polina Kudermetova
20260609,Hard,Donna Vekic,Mika Stojsavljevic
20260610,Hard,Iva Jovic,Alexandra Eala
20260610,Hard,Amanda Anisimova,Laura Siegemund
20260610,Hard,Karolina Pliskova,Victoria Mboko
20260612,Hard,Elena Rybakina,Tatjana Maria
20260612,Hard,Katie Boulter,Jaqueline Cristian
20260612,Hard,Donna Vekic,Marie Bouzkova
20260612,Hard,Kamilla Rakhimova,Harriet Dart
20260612,Hard,Emma Raducanu,Sorana Cirstea
20260612,Hard,Iva Jovic,Amanda Anisimova
20260612,Hard,Donna Vekic,Karolina Pliskova
20260612,Hard,Katie Boulter,Elena Rybakina
20260613,Hard,Emma Raducanu,Kamilla Rakhimova
20260613,Hard,Donna Vekic,Katie Boulter
20260613,Hard,Emma Raducanu,Iva Jovic
20260614,Hard,Donna Vekic,Emma Raducanu
20260607,Hard,Emily Appleton,Tegan Bush
20260607,Hard,Harmony Tan,Amelia Rajecki
20260607,Hard,Ella McDonald,Elena Pridankina
20260607,Hard,Celine Naef,Hiroko Kuwata
20260607,Hard,Ranah Stoiber,Victoria Allen
20260607,Hard,Momoko Kobori,Katy Dunne
20260607,Hard,Tereza Martincova,Brooke Anna Black
20260607,Hard,Clervie Ngounoue,Mariia Kozyreva
20260607,Hard,Iryna Shymanovich,Savannah Dada-Mascoll
20260607,Hard,Vendula Valdmannova,Sayaka Ishii
20260607,Hard,Kayla Cross,Megan Knight
20260608,Hard,Edie Griffiths,Naiktha Bains
20260608,Hard,Ella McDonald,Ranah Stoiber
20260608,Hard,Tereza Martincova,Kayla Cross
20260608,Hard,Harmony Tan,Emily Appleton
20260608,Hard,Celine Naef,Momoko Kobori
20260608,Hard,Alicia Dudeney,Himeno Sakatsume
20260608,Hard,Vendula Valdmannova,Edie Griffiths
20260608,Hard,Iryna Shymanovich,Clervie Ngounoue
20260608,Hard,Sinja Kraus,Linda Klimovicova
20260608,Hard,Viktorija Golubic,Daniella Britton
20260608,Hard,Tatiana Prozorova,Veronika Podrez
20260608,Hard,Akasha Urhobo,Mananchaya Sawangkaew
20260609,Hard,Celine Naef,Alina Korneeva
20260609,Hard,Lucrezia Stefanini,Vendula Valdmannova
20260609,Hard,Mary Stoiana,Kayla Day
20260609,Hard,Ashlyn Krueger,Elvina Kalieva
20260609,Hard,Lulu Sun,Ella McDonald
20260609,Hard,Darja Vidmanova,Linda Fruhvirtova
20260610,Hard,Dalma Galfi,Emerson Jones
20260610,Hard,Elizabeth Mandlik,Mimi Xu
20260610,Hard,Lanlana Tararudee,Iryna Shymanovich
20260610,Hard,Harmony Tan,Taylah Preston
20260610,Hard,Katie Swan,Tereza Martincova
20260612,Hard,Mary Stoiana,Lulu Sun
20260612,Hard,Tatiana Prozorova,Sinja Kraus
20260612,Hard,Ashlyn Krueger,Alicia Dudeney
20260612,Hard,Katie Swan,Viktorija Golubic
20260612,Hard,Elizabeth Mandlik,Dalma Galfi
20260612,Hard,Darja Vidmanova,Lucrezia Stefanini
20260612,Hard,Celine Naef,Akasha Urhobo
20260612,Hard,Harmony Tan,Lanlana Tararudee
20260612,Hard,Mary Stoiana,Tatiana Prozorova
20260612,Hard,Darja Vidmanova,Elizabeth Mandlik
20260612,Hard,Ashlyn Krueger,Katie Swan
20260612,Hard,Celine Naef,Harmony Tan
20260613,Hard,Ashlyn Krueger,Darja Vidmanova
20260613,Hard,Celine Naef,Mary Stoiana
20260614,Hard,Ashlyn Krueger,Celine Naef
20260607,Hard,Jazmin Ortenzi,Viola Turini
20260607,Hard,Tiantsoa Rakotomanga Rajaonah,Chloe Paquet
20260607,Hard,Victoria Bosio,Francesca Pace
20260607,Hard,Noemi Basiletti,Beatrice Ricci
20260608,Hard,Laura Samson,Wang Xiyu
20260608,Hard,Kaitlin Quevedo,Jazmin Ortenzi
20260608,Hard,Noma Noha Akugue,Tiantsoa Rakotomanga Rajaonah
20260608,Hard,Martina Trevisan,Jennifer Ruggeri
20260608,Hard,Jeline Vandromme,Angela Fita Boluda
20260608,Hard,Katarzyna Kawa,Lisa Pigato
20260609,Hard,Tamara Zidansek,Federica Urgesi
20260609,Hard,Darja Semenistaja,Marina Bassols Ribera
20260609,Hard,Dominika Salkova,Alice Tubello
20260609,Hard,Lucia Bronzetti,Gao Xinyu
20260609,Hard,Nuria Brancaccio,Victoria Bosio
20260609,Hard,Leyre Romero Gormaz,You Xiaodi
20260609,Hard,Julia Grabher,Andrea Lazaro Garcia
20260609,Hard,Mayar Sherif,Giorgia Pedone
20260609,Hard,Victoria Jimenez Kasintseva,Jessica Pieri
20260609,Hard,Varvara Lepchenko,Noemi Basiletti
20260610,Hard,Katarzyna Kawa,Noma Noha Akugue
20260610,Hard,Kaitlin Quevedo,Jeline Vandromme
20260610,Hard,Laura Samson,Darja Semenistaja
20260610,Hard,Dominika Salkova,Martina Trevisan
20260611,Hard,Leyre Romero Gormaz,Mayar Sherif
20260611,Hard,Nuria Brancaccio,Tamara Zidansek
20260611,Hard,Victoria Jimenez Kasintseva,Varvara Lepchenko
20260611,Hard,Lucia Bronzetti,Julia Grabher
20260612,Hard,Katarzyna Kawa,Dominika Salkova
20260612,Hard,Victoria Jimenez Kasintseva,Leyre Romero Gormaz
20260612,Hard,Lucia Bronzetti,Nuria Brancaccio
20260612,Hard,Laura Samson,Kaitlin Quevedo
20260613,Hard,Katarzyna Kawa,Victoria Jimenez Kasintseva
20260613,Hard,Lucia Bronzetti,Laura Samson
20260614,Hard,Katarzyna Kawa,Lucia Bronzetti
20260613,Hard,Magdalena Frech,Aliaksandra Sasnovich
20260613,Hard,Rebeka Masarova,Noma Noha Akugue
20260613,Hard,Zhang Shuai,Milena Steinkamp
20260613,Hard,Mia Pohankova,Tamara Korpatsch
20260615,Hard,Anhelina Kalinina,Lulu Sun
20260615,Hard,Suzan Lamens,Dalma Galfi
20260615,Hard,Diane Parry,Ella Seidel
20260615,Hard,Zhu Lin,Sinja Kraus
20260615,Hard,Tessa Johanna Brockmann,Alycia Parks
20260615,Hard,Zhang Shuai,Magdalena Frech
20260615,Hard,Renata Zarazua,Maria Timofeeva
20260615,Hard,Katerina Siniakova,Yuan Yue
20260615,Hard,Ekaterina Alexandrova,Anastasia Potapova
20260615,Hard,Suzan Lamens,Tessa Johanna Brockmann
20260615,Hard,Petra Marcinko,Aoi Ito
20260615,Hard,Nikola Bartunkova,Diana Shnaider
20260615,Hard,Diane Parry,Anhelina Kalinina
20260615,Hard,Rebeka Masarova,Mia Pohankova
20260615,Hard,Renata Zarazua,Petra Marcinko
20260615,Hard,Katerina Siniakova,Zhu Lin
20260615,Hard,Elise Mertens,Liudmila Samsonova
20260616,Hard,Madison Keys,Wang Xinyu
20260616,Hard,Eva Lys,Magdalena Frech
20260616,Hard,Linda Noskova,Renata Zarazua
20260616,Hard,Karolina Muchova,Zhang Shuai
20260616,Hard,Katerina Siniakova,Rebeka Masarova
20260616,Hard,Elina Svitolina,Anna Kalinskaya
20260616,Hard,Diane Parry,Clara Tauson
20260616,Hard,Paula Badosa,Suzan Lamens
20260617,Hard,Nikola Bartunkova,Elise Mertens
20260617,Hard,Alexandra Eala,Donna Vekic
20260617,Hard,Jessica Pegula,Katerina Siniakova
20260617,Hard,Paula Badosa,Coco Gauff
20260617,Hard,Aryna Sabalenka,Ekaterina Alexandrova
20260618,Hard,Linda Noskova,Diane Parry
20260618,Hard,Elina Svitolina,Eva Lys
20260618,Hard,Madison Keys,Karolina Muchova
20260618,Hard,Alexandra Eala,Elena Rybakina
20260619,Hard,Jessica Pegula,Madison Keys
20260619,Hard,Linda Noskova,Paula Badosa
20260619,Hard,Aryna Sabalenka,Nikola Bartunkova
20260619,Hard,Alexandra Eala,Elina Svitolina
20260620,Hard,Jessica Pegula,Aryna Sabalenka
20260620,Hard,Linda Noskova,Alexandra Eala
20260621,Hard,Linda Noskova,Jessica Pegula
20260613,Hard,Anna Bondar,Emiliana Arango
20260613,Hard,Kimberly Birrell,Mimi Xu
20260613,Hard,Antonia Ruzic,Kaja Juvan
20260613,Hard,Hannah Klugman,Anastasia Zakharova
20260613,Hard,Anna Blinkova,Daria Kasatkina
20260613,Hard,Katie Volynets,Panna Udvardy
20260613,Hard,Himeno Sakatsume,Mika Stojsavljevic
20260613,Hard,Alicia Dudeney,Yulia Putintseva
20260613,Hard,Viktorija Golubic,Veronika Erjavec
20260613,Hard,Taylah Preston,Oksana Selekhmeteva
20260613,Hard,Zeynep Sonmez,Lanlana Tararudee
20260614,Hard,Katie Volynets,Kimberly Birrell
20260614,Hard,Viktorija Golubic,Sofia Kenin
20260614,Hard,Antonia Ruzic,Taylah Preston
20260614,Hard,Zeynep Sonmez,Hannah Klugman
20260614,Hard,Himeno Sakatsume,Alicia Dudeney
20260615,Hard,Tatjana Maria,Janice Tjen
20260615,Hard,Marie Bouzkova,Tereza Valentova
20260615,Hard,Zheng Qinwen,Maria Sakkari
20260615,Hard,Emma Navarro,Anna Bondar
20260615,Hard,Yuliia Starodubtseva,Maya Joint
20260615,Hard,Talia Gibson,Francesca Jones
20260615,Hard,Jessica Bouzas Maneiro,Himeno Sakatsume
20260615,Hard,Taylah Preston,Anna Blinkova
20260616,Hard,Ann Li,Kimberly Birrell
20260616,Hard,Katie Volynets,McCartney Kessler
20260616,Hard,Zeynep Sonmez,Leylah Fernandez
20260616,Hard,Dayana Yastremska,Alicia Dudeney
20260616,Hard,Catherine McNally,Antonia Ruzic
20260616,Hard,Hannah Klugman,Harriet Dart
20260616,Hard,Viktorija Golubic,Sofia Kenin
20260616,Hard,Karolina Pliskova,Sara Bejlek
20260617,Hard,Emma Navarro,Yuliia Starodubtseva
20260617,Hard,Jessica Bouzas Maneiro,Katie Volynets
20260617,Hard,Tatjana Maria,Dayana Yastremska
20260617,Hard,Talia Gibson,Zheng Qinwen
20260618,Hard,Viktorija Golubic,Zeynep Sonmez
20260618,Hard,Karolina Pliskova,Catherine McNally
20260618,Hard,Marie Bouzkova,Hannah Klugman
20260618,Hard,Ann Li,Taylah Preston
20260619,Hard,Marie Bouzkova,Tatjana Maria
20260619,Hard,Karolina Pliskova,Talia Gibson
20260619,Hard,Emma Navarro,Jessica Bouzas Maneiro
20260619,Hard,Viktorija Golubic,Ann Li
20260620,Hard,Marie Bouzkova,Karolina Pliskova
20260620,Hard,Emma Navarro,Viktorija Golubic
20260621,Hard,Marie Bouzkova,Emma Navarro
20260614,Hard,Jennifer Ruggeri,Yelyzaveta Kotliar
20260614,Hard,Tatiana Pieri,Diletta Cherubini
20260614,Hard,Deborah Chiesa,Lucija Ciric Bagaric
20260614,Hard,Ekaterina Kazionova,Julie Struplova
20260614,Hard,Mia Ristic,Verena Meliss
20260614,Hard,Chloe Paquet,Amy Zhu
20260614,Hard,Noemi Basiletti,Radka Zelnickova
20260614,Hard,Amarissa Toth,Lara Salden
20260615,Hard,Jennifer Ruggeri,Tatiana Pieri
20260615,Hard,Elizara Yaneva,Giorgia Pedone
20260615,Hard,Deborah Chiesa,Ekaterina Kazionova
20260615,Hard,Mia Ristic,Noemi Basiletti
20260615,Hard,Chloe Paquet,Amarissa Toth
20260615,Hard,Luisina Giovannini,Alessandra Mazzola
20260615,Hard,Anastasiia Sobolieva,Kathinka von Deichmann
20260615,Hard,Mayar Sherif,Raluka Serban
20260615,Hard,Ekaterine Gorgodze,Nuria Brancaccio
20260615,Hard,Tiantsoa Rakotomanga Rajaonah,Yuliana Lizarazo
20260616,Hard,Darya Astakhova,Noemi Basiletti
20260616,Hard,Julia Grabher,Chloe Paquet
20260616,Hard,Mia Ristic,Deborah Chiesa
20260616,Hard,Jazmin Ortenzi,Francesca Pace
20260616,Hard,Miriam Bulgaru,Danka Kovinic
20260616,Hard,Jennifer Ruggeri,Elena Ruxandra Bertea
20260616,Hard,Wang Xiyu,Gao Xinyu
20260616,Hard,Fiona Ferro,Kajsa Rinaldo Persson
20260616,Hard,Ane Mintegi Del Olmo,You Xiaodi
20260616,Hard,Carole Monnet,Martina Trevisan
20260617,Hard,Luisina Giovannini,Darya Astakhova
20260617,Hard,Anastasiia Sobolieva,Julia Grabher
20260617,Hard,Ekaterine Gorgodze,Fiona Ferro
20260617,Hard,Tiantsoa Rakotomanga Rajaonah,Mia Ristic
20260618,Hard,Elizara Yaneva,Jazmin Ortenzi
20260618,Hard,Ane Mintegi Del Olmo,Miriam Bulgaru
20260618,Hard,Mayar Sherif,Jennifer Ruggeri
20260618,Hard,Wang Xiyu,Carole Monnet
20260619,Hard,Anastasiia Sobolieva,Ane Mintegi Del Olmo
20260619,Hard,Elizara Yaneva,Ekaterine Gorgodze
20260619,Hard,Wang Xiyu,Luisina Giovannini
20260619,Hard,Mayar Sherif,Tiantsoa Rakotomanga Rajaonah
20260620,Hard,Wang Xiyu,Anastasiia Sobolieva
20260620,Hard,Mayar Sherif,Elizara Yaneva
20260621,Hard,Mayar Sherif,Wang Xiyu
20260614,Hard,Anastasia Kulikova,Polina Isakova
20260614,Hard,Momoko Kobori,Carmen Lopez Martinez
20260614,Hard,Whitney Osuigwe,Carla Tomai
20260614,Hard,Angelina Voloshchuk,Valentina Losciale
20260614,Hard,Maria Martinez Vaquero,Feng Shuo
20260614,Hard,Alana Smith,Min Liu
20260614,Hard,Allura Zamarripa,Katherine Sebov
20260614,Hard,Valentina Ryser,Sana Garakani
20260615,Hard,Anastasia Kulikova,Momoko Kobori
20260615,Hard,Angelina Voloshchuk,Whitney Osuigwe
20260615,Hard,Valentina Ryser,Alana Smith
20260615,Hard,Allura Zamarripa,Maria Martinez Vaquero
20260615,Hard,Viktoria Hruncakova,Hayu Kinoshita
20260615,Hard,Alina Charaeva,Manon Leonard
20260615,Hard,Ayla Aksu,Ana Sofia Sanchez
20260615,Hard,Sachia Vickery,Beatriz Haddad Maia
20260615,Hard,Barbora Palicova,Carolyn Ansari
20260615,Hard,Susan Bandecchi,Vera Zvonareva
20260616,Hard,Yeonwoo Ku,Lucrezia Stefanini
20260616,Hard,Jil Teichmann,Matilde Jorge
20260616,Hard,Katarina Kuzmova,Viktoria Morvayova
20260616,Hard,Elena Micic,Francisca Jorge
20260616,Hard,Anastasia Kulikova,Mai Hontama
20260616,Hard,Darja Vidmanova,Angelina Voloshchuk
20260616,Hard,Valentina Ryser,Kristina Mladenovic
20260616,Hard,Alina Korneeva,Tian Fangran
20260616,Hard,Martyna Kubka,Aliona Falei
20260616,Hard,Jeline Vandromme,Allura Zamarripa
20260617,Hard,Jil Teichmann,Barbora Palicova
20260617,Hard,Ayla Aksu,Sachia Vickery
20260617,Hard,Yeonwoo Ku,Viktoria Hruncakova
20260617,Hard,Alina Charaeva,Anastasia Kulikova
20260617,Hard,Susan Bandecchi,Katarina Kuzmova
20260618,Hard,Martyna Kubka,Alina Korneeva
20260618,Hard,Darja Vidmanova,Elena Micic
20260618,Hard,Jeline Vandromme,Valentina Ryser
20260619,Hard,Darja Vidmanova,Jil Teichmann
20260619,Hard,Yeonwoo Ku,Martyna Kubka
20260619,Hard,Alina Charaeva,Susan Bandecchi
20260619,Hard,Ayla Aksu,Jeline Vandromme
20260620,Hard,Darja Vidmanova,Yeonwoo Ku
20260620,Hard,Ayla Aksu,Alina Charaeva
20260621,Hard,Darja Vidmanova,Ayla Aksu
20260620,Hard,Toby Samuel,Quentin Halys
20260620,Hard,Matteo Arnaldi,Alastair Gray
20260620,Hard,Aleksandar Vukic,Harry Wendelken
20260620,Hard,Hamish Stewart,Emilio Nava
20260620,Hard,Marco Trungelliti,Felix Gill
20260620,Hard,Giles Hussey,James Duckworth
20260620,Hard,Marcos Giron,Charles Broom
20260620,Hard,Jan Choinski,Wu Yibing
20260621,Hard,Aleksandar Vukic,Hamish Stewart
20260621,Hard,Matteo Arnaldi,Toby Samuel
20260621,Hard,Giles Hussey,Marco Trungelliti
20260621,Hard,Jan Choinski,Marcos Giron
20260622,Hard,Gabriel Diallo,Terence Atmane
20260622,Hard,Jack Pinnington Jones,Marco Trungelliti
20260622,Hard,Jack Draper,Marcos Giron
20260622,Hard,Juan Manuel Cerundolo,Raphael Collignon
20260622,Hard,Jan Choinski,Alexei Popyrin
20260622,Hard,Zizou Bergs,Jaume Munar
20260623,Hard,Jenson Brooksby,Aleksandar Vukic
20260623,Hard,Thiago Agustin Tirante,Hamish Stewart
20260623,Hard,Giles Hussey,Matteo Arnaldi
20260623,Hard,Arthur Fery,Roman Andres Burruchaga
20260623,Hard,Daniel Altmaier,Aleksandar Kovacevic
20260623,Hard,Ugo Humbert,Mattia Bellucci
20260624,Hard,Toby Samuel,Thiago Agustin Tirante
20260624,Hard,Quentin Halys,Giles Hussey
20260624,Hard,Juan Manuel Cerundolo,Arthur Fery
20260624,Hard,Zizou Bergs,Daniel Altmaier
20260624,Hard,Ugo Humbert,Jenson Brooksby
20260624,Hard,Jan Choinski,Felix Gill
20260624,Hard,Jack Draper,Jack Pinnington Jones
20260624,Hard,Gabriel Diallo,Tomas Martin Etcheverry
20260625,Hard,Toby Samuel,Juan Manuel Cerundolo
20260625,Hard,Zizou Bergs,Jan Choinski
20260625,Hard,Jack Draper,Gabriel Diallo
20260625,Hard,Ugo Humbert,Quentin Halys
20260626,Hard,Zizou Bergs,Toby Samuel
20260626,Hard,Ugo Humbert,Jack Draper
20260628,Hard,Zizou Bergs,Ugo Humbert
20260620,Hard,Elsa Jacquemot,Mimi Xu
20260620,Hard,Ajla Tomljanovic,Camila Osorio
20260620,Hard,Veronika Erjavec,Lanlana Tararudee
20260620,Hard,Zeynep Sonmez,Hanne Vandewinkel
20260620,Hard,Peyton Stearns,Emily Appleton
20260620,Hard,Anastasia Zakharova,Lilli Tagger
20260620,Hard,Kimberly Birrell,Indianna Spink
20260620,Hard,Sofia Johnson,Oleksandra Oliynykova
20260620,Hard,Petra Marcinko,Simona Waltert
20260620,Hard,Emiliana Arango,Alycia Parks
20260620,Hard,Daria Snigur,Sofia Kenin
20260620,Hard,Oksana Selekhmeteva,Kamilla Rakhimova
20260621,Hard,Ajla Tomljanovic,Veronika Erjavec
20260621,Hard,Anastasia Zakharova,Oksana Selekhmeteva
20260621,Hard,Zeynep Sonmez,Elsa Jacquemot
20260621,Hard,Kimberly Birrell,Peyton Stearns
20260621,Hard,Emiliana Arango,Sofia Johnson
20260621,Hard,Daria Snigur,Petra Marcinko
20260622,Hard,Tereza Valentova,Hannah Klugman
20260622,Hard,Anhelina Kalinina,Daria Snigur
20260622,Hard,Petra Marcinko,Antonia Ruzic
20260622,Hard,Emiliana Arango,Maya Joint
20260622,Hard,Ajla Tomljanovic,Elisabetta Cocciaretto
20260622,Hard,Jelena Ostapenko,Francesca Jones
20260622,Hard,McCartney Kessler,Daria Kasatkina
20260623,Hard,Tatjana Maria,Jasmine Paolini
20260623,Hard,Catherine McNally,Janice Tjen
20260623,Hard,Jessica Bouzas Maneiro,Alicia Dudeney
20260623,Hard,Anastasia Zakharova,Yuliia Starodubtseva
20260623,Hard,Sara Bejlek,Laura Siegemund
20260623,Hard,Madison Keys,Talia Gibson
20260623,Hard,Panna Udvardy,Anna Bondar
20260623,Hard,Zeynep Sonmez,Harriet Dart
20260623,Hard,Kimberly Birrell,Barbora Krejcikova
20260624,Hard,Tatjana Maria,Anastasia Zakharova
20260624,Hard,Madison Keys,Jessica Bouzas Maneiro
20260624,Hard,Jelena Ostapenko,Panna Udvardy
20260624,Hard,McCartney Kessler,Anhelina Kalinina
20260624,Hard,Tereza Valentova,Ajla Tomljanovic
20260624,Hard,Zeynep Sonmez,Sara Bejlek
20260624,Hard,Catherine McNally,Emiliana Arango
20260624,Hard,Petra Marcinko,Kimberly Birrell
20260625,Hard,Jelena Ostapenko,Zeynep Sonmez
20260625,Hard,Madison Keys,McCartney Kessler
20260625,Hard,Tatjana Maria,Tereza Valentova
20260625,Hard,Petra Marcinko,Catherine McNally
20260626,Hard,Tatjana Maria,Jelena Ostapenko
20260626,Hard,Madison Keys,Petra Marcinko
20260627,Hard,Madison Keys,Tatjana Maria
20260620,Hard,Diane Parry,Aoi Ito
20260620,Hard,Irina-Camelia Begu,Tamara Korpatsch
20260620,Hard,Anna Blinkova,Julia Avdeeva
20260620,Hard,Solana Sierra,Ella Seidel
20260620,Hard,Renata Zarazua,Mariella Thamm
20260620,Hard,Taylor Townsend,Martina Trevisan
20260620,Hard,Elena-Gabriela Ruse,Zhang Shuai
20260620,Hard,Sinja Kraus,Tereza Martincova
20260621,Hard,Solana Sierra,Anna Blinkova
20260621,Hard,Irina-Camelia Begu,Diane Parry
20260621,Hard,Liudmila Samsonova,Katerina Siniakova
20260621,Hard,Sinja Kraus,Renata Zarazua
20260621,Hard,Leylah Fernandez,Katie Boulter
20260621,Hard,Elena-Gabriela Ruse,Taylor Townsend
20260622,Hard,Clara Tauson,Diana Shnaider
20260622,Hard,Wang Xinyu,Renata Zarazua
20260622,Hard,Anna Kalinskaya,Sinja Kraus
20260622,Hard,Naomi Osaka,Magdalena Frech
20260622,Hard,Zheng Qinwen,Solana Sierra
20260622,Hard,Irina-Camelia Begu,Venus Williams
20260622,Hard,Elise Mertens,Alexandra Eala
20260623,Hard,Emma Navarro,Eva Lys
20260623,Hard,Elena-Gabriela Ruse,Linda Noskova
20260623,Hard,Ekaterina Alexandrova,Ann Li
20260623,Hard,Wang Xinyu,Leylah Fernandez
20260623,Hard,Naomi Osaka,Elise Mertens
20260623,Hard,Elina Svitolina,Liudmila Samsonova
20260624,Hard,Ekaterina Alexandrova,Mirra Andreeva
20260624,Hard,Clara Tauson,Zheng Qinwen
20260624,Hard,Elena-Gabriela Ruse,Anna Kalinskaya
20260624,Hard,Emma Navarro,Iga Swiatek
20260624,Hard,Karolina Muchova,Irina-Camelia Begu
20260625,Hard,Wang Xinyu,Elina Svitolina
20260625,Hard,Naomi Osaka,Ekaterina Alexandrova
20260625,Hard,Elena-Gabriela Ruse,Emma Navarro
20260625,Hard,Karolina Muchova,Clara Tauson
20260626,Hard,Naomi Osaka,Wang Xinyu
20260626,Hard,Karolina Muchova,Elena-Gabriela Ruse
20260627,Hard,Karolina Muchova,Naomi Osaka
20260622,Hard,Zsombor Piros,Ivan Ivanov
20260622,Hard,Billy Harris,Stefano Napolitano
20260622,Hard,Jaime Faria,Hugo Grenier
20260622,Hard,Rei Sakamoto,Anton Matusevich
20260622,Hard,Laslo Djere,Max Houkes
20260622,Hard,Kimmer Coppejans,Daniil Glinka
20260622,Hard,Clement Tabur,Federico Agustin Gomez
20260622,Hard,Hugo Gaston,Lautaro Midon
20260622,Hard,Michael Zheng,Henri Squire
20260622,Hard,Colton Smith,Andy Andrade
20260622,Hard,Luka Pavlovic,Mark Lajal
20260622,Hard,Aziz Dougaz,Clement Chidekh
20260622,Hard,Roman Safiullin,James McCabe
20260622,Hard,Federico Cina,Gianluca Cadenasso
20260622,Hard,Borna Gojo,Chak Lam Coleman Wong
20260622,Hard,Bu Yunchaokete,Hugo Dellien
20260622,Hard,SoonWoo Kwon,Nikolas Sanchez Izquierdo
20260622,Hard,Alejandro Moro Canas,Francisco Comesana
20260622,Hard,Keegan Smith,Juan Pablo Ficovich
20260622,Hard,Gauthier Onclin,Lorenzo Giustino
20260622,Hard,Harold Mayot,Nicolas Moreno De Alboran
20260622,Hard,Andrea Guerrieri,David Goffin
20260622,Hard,Tristan Schoolkate,Johannus Monday
20260622,Hard,Arthur Gea,Raul Brancaccio
20260622,Hard,Oliver Tarvet,Alex Bolt
20260622,Hard,Stefanos Sakellaridis,Yu Hsiou Hsu
20260622,Hard,Timofey Skatov,Alex Barrena
20260622,Hard,Kyrian Jacquet,Pedro Boscardin Dias
20260622,Hard,Daniel Evans,Juan Carlos Prado Angelo
20260622,Hard,Moez Echargui,Edas Butvilas
20260622,Hard,Shintaro Mochizuki,Vitaliy Sachko
20260622,Hard,Elias Ymer,Nikoloz Basilashvili
20260622,Hard,Darwin Blanch,Filip Cristian Jianu
20260622,Hard,Pablo Llamas Ruiz,Dan Added
20260622,Hard,Jerome Kym,Gonzalo Bueno
20260622,Hard,Zhou Yi,Guy Den Ouden
20260622,Hard,Nicolai Budkov Kjaer,Joao Lucas Reis Da Silva
20260622,Hard,Otto Virtanen,Pedro Martinez
20260622,Hard,Andrea Pellegrino,Jay Clarke
20260622,Hard,Stefano Travaglia,Luka Mikrut
20260622,Hard,Alexis Galarneau,Facundo Diaz Acosta
20260622,Hard,Tristan Boyer,Genaro Alberto Olivieri
20260622,Hard,August Holmgren,Liam Broady
20260622,Hard,Pol Martin Tiffon,Gilles Arnaud Bailly
20260622,Hard,Dane Sweeny,Franco Roncadelli
20260622,Hard,Federico Coria,Oliver Bonding
20260622,Hard,Max Basing,Francesco Maestrelli
20260622,Hard,Luca Nardi,Rio Noguchi
20260622,Hard,Nicolas Mejia,Henrique Rocha
20260622,Hard,Chris Rodesch,Florent Bax
20260622,Hard,Tomas Barrios Vera,Marco Cecchinato
20260622,Hard,Matej Dodig,Frederico Ferreira Silva
20260622,Hard,Jurij Rodionov,Oliver Crawford
20260622,Hard,Gustavo Heide,Chun-Hsin Tseng
20260622,Hard,Remy Bertola,Liam Draxl
20260622,Hard,Dusan Lajovic,Lukas Neumayer
20260622,Hard,Henry Searle,Zhang Zhizhen
20260622,Hard,Roberto Carballes Baena,Mark Ceban
20260622,Hard,Vilius Gaubas,Michael Mmoh
20260622,Hard,Christopher O'Connell,Joel Josef Schwaerzler
20260622,Hard,Bernard Tomic,Kaichi Uchida
20260622,Hard,Paul Jubb,Pierre-Hugues Herbert
20260622,Hard,Mackenzie McDonald,Felipe Meligeni Alves
20260622,Hard,Tom Gentzsch,Zdenek Kolar
20260624,Hard,Remy Bertola,Jurij Rodionov
20260624,Hard,Zhou Yi,Stefano Travaglia
20260624,Hard,Billy Harris,Zsombor Piros
20260624,Hard,Clement Tabur,Bu Yunchaokete
20260624,Hard,Oliver Tarvet,Alexis Galarneau
20260624,Hard,Stefanos Sakellaridis,Federico Coria
20260624,Hard,Nicolas Mejia,Gustavo Heide
20260624,Hard,Max Basing,Tom Gentzsch
20260624,Hard,Tristan Schoolkate,Daniel Evans
20260624,Hard,Shintaro Mochizuki,Gauthier Onclin
20260624,Hard,Tomas Barrios Vera,Paul Jubb
20260624,Hard,Dane Sweeny,Darwin Blanch
20260624,Hard,Mackenzie McDonald,Roberto Carballes Baena
20260624,Hard,Christopher O'Connell,Bernard Tomic
20260624,Hard,Colton Smith,Borna Gojo
20260624,Hard,Jerome Kym,August Holmgren
20260624,Hard,Hugo Gaston,Federico Cina
20260624,Hard,Michael Zheng,Laslo Djere
20260624,Hard,Roman Safiullin,Kimmer Coppejans
20260624,Hard,Moez Echargui,Keegan Smith
20260624,Hard,Otto Virtanen,Luca Nardi
20260624,Hard,Jaime Faria,Luka Pavlovic
20260624,Hard,Pablo Llamas Ruiz,Pol Martin Tiffon
20260624,Hard,Tristan Boyer,Andrea Pellegrino
20260624,Hard,Timofey Skatov,Elias Ymer
20260624,Hard,Dusan Lajovic,Chris Rodesch
20260624,Hard,SoonWoo Kwon,Arthur Gea
20260624,Hard,Vilius Gaubas,Henry Searle
20260624,Hard,Kyrian Jacquet,Andrea Guerrieri
20260624,Hard,Alejandro Moro Canas,Harold Mayot
20260624,Hard,Rei Sakamoto,Aziz Dougaz
20260624,Hard,Nicolai Budkov Kjaer,Matej Dodig
20260625,Hard,Shintaro Mochizuki,Clement Tabur
20260625,Hard,Dane Sweeny,Tomas Barrios Vera
20260625,Hard,Billy Harris,Zhou Yi
20260625,Hard,Mackenzie McDonald,Christopher O'Connell
20260625,Hard,Tristan Boyer,Pablo Llamas Ruiz
20260625,Hard,Roman Safiullin,Jerome Kym
20260625,Hard,Michael Zheng,Colton Smith
20260625,Hard,Nicolas Mejia,Tristan Schoolkate
20260625,Hard,Oliver Tarvet,Stefanos Sakellaridis
20260625,Hard,Max Basing,Remy Bertola
20260625,Hard,Vilius Gaubas,Dusan Lajovic
20260625,Hard,Kyrian Jacquet,Timofey Skatov
20260625,Hard,Jaime Faria,Rei Sakamoto
20260625,Hard,SoonWoo Kwon,Alejandro Moro Canas
20260625,Hard,Otto Virtanen,Nicolai Budkov Kjaer
20260625,Hard,Hugo Gaston,Moez Echargui
20260629,Hard,Rafael Jodar,Felix Gill
20260629,Hard,Pablo Carreno Busta,Denis Shapovalov
20260629,Hard,Ignacio Buse,Emilio Nava
20260629,Hard,Jenson Brooksby,Aleksandar Vukic
20260629,Hard,Martin Damm,Marco Trungelliti
20260629,Hard,Botic Van De Zandschulp,Aleksandar Kovacevic
20260629,Hard,Learner Tien,Dalibor Svrcina
20260629,Hard,Roman Safiullin,Andrey Rublev
20260629,Hard,Marton Fucsovics,Luca Van Assche
20260629,Hard,Shintaro Mochizuki,Max Basing
20260629,Hard,Tommy Paul,Alexandre Muller
20260629,Hard,Michael Zheng,Cameron Norrie
20260629,Hard,Daniel Merida,Camilo Ugo Carabelli
20260629,Hard,Hubert Hurkacz,Casper Ruud
20260629,Hard,Sebastian Ofner,Hamad Medjedovic
20260629,Hard,Jannik Sinner,Miomir Kecmanovic
20260629,Hard,Joao Fonseca,Roberto Bautista Agut
20260629,Hard,Nuno Borges,Tristan Boyer
20260629,Hard,Arthur Rinderknech,Oliver Tarvet
20260629,Hard,Dino Prizmic,Adam Walton
20260629,Hard,Ethan Quinn,Luciano Darderi
20260629,Hard,Jan-Lennard Struff,Sebastian Baez
20260629,Hard,SoonWoo Kwon,Martin Landaluce
20260629,Hard,Stefanos Tsitsipas,Hugo Gaston
20260629,Hard,Fabian Marozsan,Thiago Agustin Tirante
20260629,Hard,Daniil Medvedev,Marin Cilic
20260629,Hard,Nicolas Mejia,Adolfo Daniel Vallejo
20260629,Hard,Alejandro Davidovich Fokina,Juan Manuel Cerundolo
20260629,Hard,Felix Auger-Aliassime,Aleksandr Shevchenko
20260629,Hard,Novak Djokovic,Wu Yibing
20260630,Hard,Jaime Faria,Sho Shimabukuro
20260630,Hard,Valentin Royer,Harry Wendelken
20260630,Hard,Kamil Majchrzak,Alejandro Tabilo
20260630,Hard,Yannick Hanfmann,Giovanni Mpetshi Perricard
20260630,Hard,Adrian Mannarino,Titouan Droguet
20260630,Hard,Otto Virtanen,Ben Shelton
20260630,Hard,Jacob Fearnley,Alex Michelsen
20260630,Hard,Alex de Minaur,Roman Andres Burruchaga
20260630,Hard,Quentin Halys,Matteo Arnaldi
20260630,Hard,Arthur Fery,Damir Dzumhur
20260630,Hard,Jesper de Jong,Rinky Hijikata
20260630,Hard,Gabriel Diallo,Benjamin Bonzi
20260630,Hard,Zachary Svajda,Pablo Llamas Ruiz
20260630,Hard,Taylor Fritz,Dusan Lajovic
20260630,Hard,Alexander Bublik,Thanasi Kokkinakis
20260630,Hard,Zizou Bergs,Ugo Humbert
20260630,Hard,Brandon Nakashima,Jack Pinnington Jones
20260630,Hard,Kyrian Jacquet,Vilius Gaubas
20260630,Hard,Jaume Munar,Francisco Cerundolo
20260630,Hard,Jakub Mensik,Toby Samuel
20260630,Hard,Karen Khachanov,Billy Harris
20260630,Hard,Patrick Kypson,Mackenzie McDonald
20260630,Hard,Lorenzo Sonego,Tomas Martin Etcheverry
20260630,Hard,Marcos Giron,Corentin Moutet
20260630,Hard,Alexander Zverev,Alexander Blockx
20260630,Hard,Arthur Fils,Raphael Collignon
20260630,Hard,James Duckworth,Tallon Griekspoor
20260630,Hard,Matteo Berrettini,Stan Wawrinka
20260630,Hard,Grigor Dimitrov,Dane Sweeny
20260630,Hard,Jiri Lehecka,Alexei Popyrin
20260630,Hard,Jan Choinski,Vit Kopriva
20260701,Hard,Hubert Hurkacz,Sebastian Ofner
20260701,Hard,Tommy Paul,SoonWoo Kwon
20260701,Hard,Marton Fucsovics,Learner Tien
20260701,Hard,Jenson Brooksby,Ignacio Buse
20260701,Hard,Alex Molcan,Daniel Altmaier
20260701,Hard,Michael Zheng,Nicolas Mejia
20260701,Hard,Flavio Cobolli,Mariano Navone
20260701,Hard,Alejandro Davidovich Fokina,Fabian Marozsan
20260701,Hard,Jannik Sinner,Nuno Borges
20260701,Hard,Roman Safiullin,Botic Van De Zandschulp
20260701,Hard,Arthur Rinderknech,Martin Damm
20260701,Hard,Daniil Medvedev,Daniel Merida
20260701,Hard,Joao Fonseca,Jesper de Jong
20260701,Hard,Frances Tiafoe,Terence Atmane
20260701,Hard,Shintaro Mochizuki,Ethan Quinn
20260701,Hard,Felix Auger-Aliassime,Dino Prizmic
20260701,Hard,Novak Djokovic,Stefanos Tsitsipas
20260702,Hard,Arthur Fery,Otto Virtanen
20260702,Hard,Alex de Minaur,Adrian Mannarino
20260702,Hard,Lorenzo Sonego,Gabriel Diallo
20260702,Hard,Taylor Fritz,Patrick Kypson
20260702,Hard,Zizou Bergs,Jaime Faria
20260702,Hard,Zachary Svajda,Kamil Majchrzak
20260702,Hard,Rafael Jodar,Pablo Carreno Busta
20260702,Hard,Jan-Lennard Struff,Brandon Nakashima
20260702,Hard,Marcos Giron,Quentin Halys
20260702,Hard,Jaume Munar,Jacob Fearnley
20260702,Hard,Alexander Zverev,Valentin Royer
20260702,Hard,Matteo Berrettini,Arthur Fils
20260702,Hard,Flavio Cobolli,James Duckworth
20260702,Hard,Karen Khachanov,Yannick Hanfmann
20260702,Hard,Jiri Lehecka,Alex Molcan
20260702,Hard,Grigor Dimitrov,Jakub Mensik
20260702,Hard,Frances Tiafoe,Jan Choinski
20260702,Hard,Alexander Bublik,Kyrian Jacquet
20260703,Hard,Roman Safiullin,Joao Fonseca
20260703,Hard,Novak Djokovic,Arthur Rinderknech
20260703,Hard,Shintaro Mochizuki,Rafael Jodar
20260703,Hard,Jan-Lennard Struff,Daniil Medvedev
20260703,Hard,Jannik Sinner,Jenson Brooksby
20260703,Hard,Hubert Hurkacz,Tommy Paul
20260703,Hard,Alejandro Davidovich Fokina,Marton Fucsovics
20260703,Hard,Felix Auger-Aliassime,Michael Zheng
20260704,Hard,Alex de Minaur,Zachary Svajda
20260704,Hard,Flavio Cobolli,Karen Khachanov
20260704,Hard,Arthur Fery,Zizou Bergs
20260704,Hard,Jiri Lehecka,Jaume Munar
20260704,Hard,Alexander Zverev,Marcos Giron
20260704,Hard,Taylor Fritz,Lorenzo Sonego
20260704,Hard,Alexander Bublik,Frances Tiafoe
20260704,Hard,Grigor Dimitrov,Matteo Berrettini
20260705,Hard,Novak Djokovic,Roman Safiullin
20260705,Hard,Felix Auger-Aliassime,Alejandro Davidovich Fokina
20260705,Hard,Jan-Lennard Struff,Hubert Hurkacz
20260705,Hard,Jannik Sinner,Shintaro Mochizuki
20260706,Hard,Flavio Cobolli,Alex de Minaur
20260706,Hard,Arthur Fery,Grigor Dimitrov
20260706,Hard,Taylor Fritz,Alexander Bublik
20260707,Hard,Jannik Sinner,Jan-Lennard Struff
20260707,Hard,Alexander Zverev,Jiri Lehecka
20260707,Hard,Novak Djokovic,Felix Auger-Aliassime
20260708,Hard,Arthur Fery,Flavio Cobolli
20260708,Hard,Alexander Zverev,Taylor Fritz
20260710,Hard,Alexander Zverev,Arthur Fery
20260710,Hard,Jannik Sinner,Novak Djokovic
20260712,Hard,Jannik Sinner,Alexander Zverev
20260623,Hard,Andrea Lazaro Garcia,Nuria Brancaccio
20260623,Hard,Alina Korneeva,Alexandra Shubladze
20260623,Hard,Julia Riera,Daniella Britton
20260623,Hard,Harmony Tan,Mia Pohankova
20260623,Hard,Lulu Sun,Linda Klimovicova
20260623,Hard,Tyra Caterina Grant,Taylah Preston
20260623,Hard,Greet Minnen,Fiona Ferro
20260623,Hard,Iryna Shymanovich,Dominika Salkova
20260623,Hard,Noma Noha Akugue,Lisa Pigato
20260623,Hard,Oceane Dodin,Laura Pigossi
20260623,Hard,Mary Stoiana,Kayla Cross
20260623,Hard,Esther Adeshina,Moyuka Uchijima
20260623,Hard,Joanna Garland,Celine Naef
20260623,Hard,Fiona Crawley,Himeno Sakatsume
20260623,Hard,Katherine Sebov,Jazmin Ortenzi
20260623,Hard,Mananchaya Sawangkaew,Anouk Koevermans
20260623,Hard,Francisca Jorge,Dalma Galfi
20260623,Hard,Elena Pridankina,Alice Tubello
20260623,Hard,Lina Gjorcheska,Angela Fita Boluda
20260623,Hard,Lucia Bronzetti,Maddison Inglis
20260623,Hard,Erika Andreeva,Ma YeXin
20260623,Hard,Katarzyna Kawa,Susan Bandecchi
20260623,Hard,Kayla Day,Cadence Brace
20260623,Hard,Emerson Jones,Linda Fruhvirtova
20260623,Hard,Lucrezia Stefanini,Luisina Giovannini
20260623,Hard,Justina Mikulskyte,Carol Zhao
20260623,Hard,Claire Liu,Despina Papamichail
20260623,Hard,Kaitlin Quevedo,Sayaka Ishii
20260623,Hard,Suzan Lamens,Amelia Rajecki
20260623,Hard,Anastasia Gasanova,Varvara Lepchenko
20260623,Hard,Darja Semenistaja,Anna Siskova
20260623,Hard,Caroline Werner,Alice Rame
20260623,Hard,Jil Teichmann,Rebeka Masarova
20260623,Hard,Ekaterine Gorgodze,Vendula Valdmannova
20260623,Hard,Storm Hunter,Sofia Costoulas
20260623,Hard,Nao Hibino,Priscilla Hon
20260623,Hard,Ashlyn Krueger,Gabriela Knutson
20260623,Hard,Bai Zhuoxuan,Tamara Zidansek
20260623,Hard,Katie Volynets,Laura Samson
20260623,Hard,Polina Kudermetova,Jessika Ponchet
20260623,Hard,Bianca Andreescu,Polona Hercog
20260623,Hard,Polina Iatcenko,Leyre Romero Gormaz
20260623,Hard,Elizara Yaneva,Yuriko Lily Miyazaki
20260623,Hard,Aliaksandra Sasnovich,Katy Dunne
20260623,Hard,Alina Charaeva,Elizabeth Mandlik
20260623,Hard,Mai Hontama,Akasha Urhobo
20260623,Hard,Marina Bassols Ribera,Lola Radivojevic
20260623,Hard,Tatiana Prozorova,Carole Monnet
20260623,Hard,Teodora Kostovic,Yeonwoo Ku
20260623,Hard,Rebecca Sramkova,Viktoria Hruncakova
20260623,Hard,Robin Montgomery,Caroline Dolehide
20260623,Hard,Leolia Jeanjean,You Xiaodi
20260623,Hard,Mariam Bolkvadze,Julia Grabher
20260623,Hard,Heather Watson,Mayar Sherif
20260623,Hard,Clervie Ngounoue,Anna-Lena Friedsam
20260623,Hard,Maria Timofeeva,Whitney Osuigwe
20260623,Hard,Zhu Lin,Mona Barthel
20260623,Hard,Veronika Podrez,Arantxa Rus
20260623,Hard,Maria Lourdes Carle,Lucie Havlickova
20260623,Hard,Wang Xiyu,Guo Hanyu
20260623,Hard,Elvina Kalieva,Ella McDonald
20260623,Hard,Hayu Kinoshita,Viktoriya Tomova
20260623,Hard,Tiantsoa Rakotomanga Rajaonah,Carol Young Suh Lee
20260623,Hard,Jeline Vandromme,Yuan Yue
20260624,Hard,Oceane Dodin,Lulu Sun
20260624,Hard,Iryna Shymanovich,Greet Minnen
20260624,Hard,Harmony Tan,Esther Adeshina
20260624,Hard,Tyra Caterina Grant,Joanna Garland
20260624,Hard,Mananchaya Sawangkaew,Mary Stoiana
20260624,Hard,Katherine Sebov,Noma Noha Akugue
20260624,Hard,Claire Liu,Kaitlin Quevedo
20260624,Hard,Fiona Crawley,Julia Riera
20260624,Hard,Alina Korneeva,Andrea Lazaro Garcia
20260624,Hard,Kayla Day,Erika Andreeva
20260624,Hard,Elena Pridankina,Suzan Lamens
20260624,Hard,Katarzyna Kawa,Lucrezia Stefanini
20260624,Hard,Anastasia Gasanova,Emerson Jones
20260624,Hard,Lina Gjorcheska,Francisca Jorge
20260624,Hard,Zhu Lin,Tiantsoa Rakotomanga Rajaonah
20260624,Hard,Lucia Bronzetti,Justina Mikulskyte
20260624,Hard,Leolia Jeanjean,Ekaterine Gorgodze
20260624,Hard,Darja Semenistaja,Nao Hibino
20260624,Hard,Aliaksandra Sasnovich,Storm Hunter
20260624,Hard,Bianca Andreescu,Jil Teichmann
20260624,Hard,Katie Volynets,Elizara Yaneva
20260624,Hard,Teodora Kostovic,Rebecca Sramkova
20260624,Hard,Heather Watson,Tatiana Prozorova
20260624,Hard,Ashlyn Krueger,Mai Hontama
20260624,Hard,Jeline Vandromme,Maria Lourdes Carle
20260624,Hard,Robin Montgomery,Elvina Kalieva
20260624,Hard,Polina Kudermetova,Clervie Ngounoue
20260624,Hard,Marina Bassols Ribera,Wang Xiyu
20260624,Hard,Alina Charaeva,Caroline Werner
20260624,Hard,Maria Timofeeva,Veronika Podrez
20260624,Hard,Polina Iatcenko,Bai Zhuoxuan
20260624,Hard,Mariam Bolkvadze,Hayu Kinoshita
20260625,Hard,Alina Korneeva,Fiona Crawley
20260625,Hard,Kayla Day,Katarzyna Kawa
20260625,Hard,Tyra Caterina Grant,Harmony Tan
20260625,Hard,Iryna Shymanovich,Katherine Sebov
20260625,Hard,Mananchaya Sawangkaew,Oceane Dodin
20260625,Hard,Claire Liu,Elena Pridankina
20260625,Hard,Polina Kudermetova,Alina Charaeva
20260625,Hard,Teodora Kostovic,Zhu Lin
20260625,Hard,Ashlyn Krueger,Polina Iatcenko
20260625,Hard,Anastasia Gasanova,Darja Semenistaja
20260625,Hard,Mariam Bolkvadze,Jeline Vandromme
20260625,Hard,Maria Timofeeva,Heather Watson
20260625,Hard,Leolia Jeanjean,Katie Volynets
20260625,Hard,Bianca Andreescu,Aliaksandra Sasnovich
20260625,Hard,Robin Montgomery,Marina Bassols Ribera
20260625,Hard,Lina Gjorcheska,Lucia Bronzetti
20260629,Hard,Belinda Bencic,Mika Stojsavljevic
20260629,Hard,Iva Jovic,Jaqueline Cristian
20260629,Hard,Sara Sorribes Tormo,Victoria Jimenez Kasintseva
20260629,Hard,Jessica Pegula,Darja Vidmanova
20260629,Hard,Mananchaya Sawangkaew,Maja Chwalinska
20260629,Hard,Wang Xinyu,Elisabetta Cocciaretto
20260629,Hard,Zeynep Sonmez,Ann Li
20260629,Hard,Jelena Ostapenko,Harriet Dart
20260629,Hard,Tatjana Maria,Yulia Putintseva
20260629,Hard,Zhang Shuai,Bianca Andreescu
20260629,Hard,Alycia Parks,Alicia Dudeney
20260629,Hard,Antonia Ruzic,Darja Semenistaja
20260629,Hard,Claire Liu,Hanne Vandewinkel
20260629,Hard,Naomi Osaka,Elsa Jacquemot
20260629,Hard,Lanlana Tararudee,Lilli Tagger
20260629,Hard,Nikola Bartunkova,Peyton Stearns
20260629,Hard,Janice Tjen,Leylah Fernandez
20260629,Hard,Daria Kasatkina,Mimi Xu
20260629,Hard,Aryna Sabalenka,Teodora Kostovic
20260629,Hard,Barbora Krejcikova,Hannah Klugman
20260629,Hard,Anna Kalinskaya,Magdalena Frech
20260629,Hard,McCartney Kessler,Oleksandra Oliynykova
20260629,Hard,Dayana Yastremska,Aoi Ito
20260629,Hard,Solana Sierra,Anna Bondar
20260629,Hard,Mirra Andreeva,Magda Linette
20260629,Hard,Katerina Siniakova,Zheng Qinwen
20260629,Hard,Karolina Muchova,Anastasia Zakharova
20260629,Hard,Ekaterina Alexandrova,Panna Udvardy
20260629,Hard,Coco Gauff,Tamara Korpatsch
20260629,Hard,Anastasia Gasanova,Emiliana Arango
20260629,Hard,Diane Parry,Francesca Jones
20260629,Hard,Jessica Bouzas Maneiro,Anastasia Potapova
20260630,Hard,Maria Sakkari,Clara Tauson
20260630,Hard,Marie Bouzkova,Talia Gibson
20260630,Hard,Tyra Caterina Grant,Katie Boulter
20260630,Hard,Jasmine Paolini,Robin Montgomery
20260630,Hard,Kamilla Rakhimova,Anhelina Kalinina
20260630,Hard,Madison Keys,Kayla Day
20260630,Hard,Katie Swan,Irina-Camelia Begu
20260630,Hard,Karolina Pliskova,Tereza Valentova
20260630,Hard,Sofia Kenin,Petra Marcinko
20260630,Hard,Amanda Anisimova,Lina Gjorcheska
20260630,Hard,Viktorija Golubic,Iryna Shymanovich
20260630,Hard,Iga Swiatek,Taylor Townsend
20260630,Hard,Kimberly Birrell,Alina Korneeva
20260630,Hard,Maria Timofeeva,Beatriz Haddad Maia
20260630,Hard,Leolia Jeanjean,Veronika Erjavec
20260630,Hard,Elena Rybakina,Lois Boisson
20260630,Hard,Anna Blinkova,Yuliia Starodubtseva
20260630,Hard,Emma Navarro,Paula Badosa
20260630,Hard,Catherine McNally,Elena-Gabriela Ruse
20260630,Hard,Oksana Selekhmeteva,Sinja Kraus
20260630,Hard,Elise Mertens,Laura Siegemund
20260630,Hard,Daria Snigur,Elina Svitolina
20260630,Hard,Mariam Bolkvadze,Ajla Tomljanovic
20260630,Hard,Alexandra Eala,Renata Zarazua
20260630,Hard,Sorana Cirstea,Sara Bejlek
20260630,Hard,Ashlyn Krueger,Donna Vekic
20260630,Hard,Linda Noskova,Ella Seidel
20260630,Hard,Liudmila Samsonova,Polina Kudermetova
20260630,Hard,Diana Shnaider,Eva Lys
20260630,Hard,Marta Kostyuk,Nadia Podoroska
20260630,Hard,Camila Osorio,Simona Waltert
20260630,Hard,Maya Joint,Serena Williams
20260701,Hard,Jelena Ostapenko,Antonia Ruzic
20260701,Hard,Mananchaya Sawangkaew,Alycia Parks
20260701,Hard,Daria Kasatkina,Janice Tjen
20260701,Hard,Naomi Osaka,Anastasia Gasanova
20260701,Hard,Claire Liu,Zeynep Sonmez
20260701,Hard,Aryna Sabalenka,McCartney Kessler
20260701,Hard,Jessica Bouzas Maneiro,Dayana Yastremska
20260701,Hard,Karolina Muchova,Zhang Shuai
20260701,Hard,Anna Kalinskaya,Diane Parry
20260701,Hard,Coco Gauff,Solana Sierra
20260701,Hard,Nikola Bartunkova,Katerina Siniakova
20260701,Hard,Barbora Krejcikova,Mirra Andreeva
20260701,Hard,Jessica Pegula,Sara Sorribes Tormo
20260701,Hard,Iva Jovic,Tatjana Maria
20260701,Hard,Belinda Bencic,Wang Xinyu
20260701,Hard,Ekaterina Alexandrova,Lanlana Tararudee
20260702,Hard,Emma Navarro,Oksana Selekhmeteva
20260702,Hard,Liudmila Samsonova,Diana Shnaider
20260702,Hard,Daria Snigur,Leolia Jeanjean
20260702,Hard,Marie Bouzkova,Tyra Caterina Grant
20260702,Hard,Ashlyn Krueger,Mariam Bolkvadze
20260702,Hard,Madison Keys,Katie Swan
20260702,Hard,Alexandra Eala,Maya Joint
20260702,Hard,Iga Swiatek,Karolina Pliskova
20260702,Hard,Marta Kostyuk,Anna Blinkova
20260702,Hard,Amanda Anisimova,Sofia Kenin
20260702,Hard,Maria Sakkari,Kamilla Rakhimova
20260702,Hard,Elise Mertens,Maria Timofeeva
20260702,Hard,Jasmine Paolini,Viktorija Golubic
20260702,Hard,Sorana Cirstea,Kimberly Birrell
20260702,Hard,Elena Rybakina,Catherine McNally
20260702,Hard,Linda Noskova,Camila Osorio
20260703,Hard,Belinda Bencic,Anna Kalinskaya
20260703,Hard,Naomi Osaka,Daria Kasatkina
20260703,Hard,Iva Jovic,Ekaterina Alexandrova
20260703,Hard,Jessica Pegula,Jessica Bouzas Maneiro
20260703,Hard,Barbora Krejcikova,Nikola Bartunkova
20260703,Hard,Aryna Sabalenka,Jelena Ostapenko
20260703,Hard,Coco Gauff,Claire Liu
20260703,Hard,Karolina Muchova,Mananchaya Sawangkaew
20260704,Hard,Marta Kostyuk,Emma Navarro
20260704,Hard,Marie Bouzkova,Liudmila Samsonova
20260704,Hard,Ashlyn Krueger,Daria Snigur
20260704,Hard,Elise Mertens,Elena Rybakina
20260704,Hard,Alexandra Eala,Iga Swiatek
20260704,Hard,Jasmine Paolini,Maria Sakkari
20260704,Hard,Linda Noskova,Sorana Cirstea
20260704,Hard,Madison Keys,Amanda Anisimova
20260705,Hard,Jessica Pegula,Iva Jovic
20260705,Hard,Karolina Muchova,Barbora Krejcikova
20260705,Hard,Naomi Osaka,Aryna Sabalenka
20260705,Hard,Coco Gauff,Belinda Bencic
20260706,Hard,Marta Kostyuk,Ashlyn Krueger
20260706,Hard,Elise Mertens,Marie Bouzkova
20260706,Hard,Jasmine Paolini,Alexandra Eala
20260706,Hard,Linda Noskova,Madison Keys
20260707,Hard,Coco Gauff,Jessica Pegula
20260707,Hard,Karolina Muchova,Naomi Osaka
20260708,Hard,Linda Noskova,Elise Mertens
20260708,Hard,Marta Kostyuk,Jasmine Paolini
20260709,Hard,Karolina Muchova,Coco Gauff
20260709,Hard,Linda Noskova,Marta Kostyuk
20260711,Hard,Linda Noskova,Karolina Muchova
20260705,Hard,Liv Boulard,Polina Kudermetova
20260705,Hard,Amandine Monnot,Jasmijn Gimbrere
20260705,Hard,Alicia Herrero Linana,Dune Vaissaud
20260705,Hard,Lucie Nguyen Tan,Yana Morderger
20260705,Hard,Maria Sara Popa,Yara Bartashevich
20260705,Hard,Yelyzaveta Kotliar,Tayisiya Morderger
20260705,Hard,Diana Martynov,Michaela Bayerlova
20260705,Hard,Astrid Lew Yan Foon,Gina Dittmann
20260706,Hard,Alicia Herrero Linana,Lucie Nguyen Tan
20260706,Hard,Yelyzaveta Kotliar,Liv Boulard
20260706,Hard,Amandine Monnot,Maria Sara Popa
20260706,Hard,Diana Martynov,Astrid Lew Yan Foon
20260706,Hard,Amandine Hesse,Barbora Palicova
20260706,Hard,Rebeka Masarova,Julia Grabher
20260706,Hard,Anna Blinkova,Erika Andreeva
20260706,Hard,Caroline Werner,Dominika Salkova
20260706,Hard,Francesca Curmi,Oceane Dodin
20260707,Hard,Leolia Jeanjean,Amandine Monnot
20260707,Hard,Mayar Sherif,Yasmine Kabbaj
20260707,Hard,Maria Lourdes Carle,Laura Pigossi
20260707,Hard,Jeline Vandromme,Diana Martynov
20260707,Hard,Alice Tubello,Ren Yufei
20260707,Hard,Francesca Jones,Alice Rame
20260707,Hard,Alicia Herrero Linana,Elina Avanesyan
20260707,Hard,Aurora Zantedeschi,Elsa Jacquemot
20260707,Hard,Oksana Selekhmeteva,Yelyzaveta Kotliar
20260707,Hard,Clara Burel,Petra Marcinko
20260707,Hard,Lisa Pigato,Angela Fita Boluda
20260708,Hard,Francesca Curmi,Rebeka Masarova
20260708,Hard,Alice Tubello,Caroline Werner
20260708,Hard,Anna Blinkova,Maria Lourdes Carle
20260708,Hard,Mayar Sherif,Amandine Hesse
20260709,Hard,Jeline Vandromme,Oksana Selekhmeteva
20260709,Hard,Alicia Herrero Linana,Clara Burel
20260709,Hard,Aurora Zantedeschi,Lisa Pigato
20260709,Hard,Leolia Jeanjean,Francesca Jones
20260710,Hard,Jeline Vandromme,Francesca Curmi
20260710,Hard,Mayar Sherif,Alicia Herrero Linana
20260710,Hard,Aurora Zantedeschi,Anna Blinkova
20260710,Hard,Leolia Jeanjean,Alice Tubello
20260711,Hard,Jeline Vandromme,Aurora Zantedeschi
20260711,Hard,Mayar Sherif,Leolia Jeanjean
20260712,Hard,Mayar Sherif,Jeline Vandromme
20260708,Hard,Tatjana Maria,Olivia Lincer
20260708,Hard,Kayla Cross,Sayaka Ishii
20260708,Hard,Madison Brengle,Ana Sofia Sanchez
20260708,Hard,Kylie Collins,Alana Smith
20260708,Hard,Katherine Sebov,Cadence Brace
20260708,Hard,Katie Volynets,Ariana Arseneault
20260708,Hard,Iryna Shymanovich,Hayu Kinoshita
20260708,Hard,Mary Stoiana,Katrina Scott
20260708,Hard,Lea Ma,Clervie Ngounoue
20260708,Hard,Reese Brantmeier,Sachia Vickery
20260708,Hard,Elizabeth Mandlik,Momoko Kobori
20260708,Hard,Mananchaya Sawangkaew,Caroline Dolehide
20260708,Hard,Lucrezia Stefanini,Carol Zhao
20260709,Hard,Tatjana Maria,Katherine Sebov
20260709,Hard,Katie Volynets,Kylie Collins
20260709,Hard,Madison Brengle,Kayla Cross
20260709,Hard,Darja Vidmanova,Carolyn Ansari
20260709,Hard,Anna Rogers,Sahaja Yamalapalli
20260709,Hard,Mananchaya Sawangkaew,Lea Ma
20260709,Hard,Mary Stoiana,Iryna Shymanovich
20260709,Hard,Greet Minnen,Mei Yamaguchi
20260709,Hard,Elizabeth Mandlik,Reese Brantmeier
20260709,Hard,Lucrezia Stefanini,Anna Rogers
20260709,Hard,Greet Minnen,Darja Vidmanova
20260710,Hard,Mananchaya Sawangkaew,Mary Stoiana
20260710,Hard,Katie Volynets,Elizabeth Mandlik
20260710,Hard,Tatjana Maria,Lucrezia Stefanini
20260710,Hard,Greet Minnen,Madison Brengle
20260711,Hard,Tatjana Maria,Mananchaya Sawangkaew
20260711,Hard,Katie Volynets,Greet Minnen
20260712,Hard,Tatjana Maria,Katie Volynets
20260706,Hard,Miriam Bulgaru,Valeriya Strakhova
20260706,Hard,Moyuka Uchijima,Oleksandra Oliynykova
20260706,Hard,Irene Burillo,Noma Noha Akugue
20260706,Hard,Leyre Romero Gormaz,Darja Semenistaja
20260706,Hard,Yulia Putintseva,Martha Matoula
20260706,Hard,Emiliana Arango,Lea Nilsson
20260706,Hard,Simona Waltert,Katarzyna Kawa
20260706,Hard,Paula Badosa,Marina Bassols Ribera
20260706,Hard,Kaitlin Quevedo,Tiana Tian Deng
20260707,Hard,Caijsa Hennemann,June Bjork
20260707,Hard,Aneta Laboutkova,Grace Bernstein
20260707,Hard,Lola Radivojevic,Mona Barthel
20260707,Hard,Sinja Kraus,Claire Liu
20260707,Hard,Tamara Korpatsch,Linea Bajraliu
20260707,Hard,Kajsa Rinaldo Persson,Dalma Galfi
20260707,Hard,Varvara Lepchenko,Lisa Zaar
20260708,Hard,Yulia Putintseva,Lola Radivojevic
20260708,Hard,Sinja Kraus,Caijsa Hennemann
20260708,Hard,Leyre Romero Gormaz,Miriam Bulgaru
20260708,Hard,Simona Waltert,Aneta Laboutkova
20260708,Hard,Paula Badosa,Emiliana Arango
20260708,Hard,Varvara Lepchenko,Tamara Korpatsch
20260708,Hard,Kaitlin Quevedo,Kajsa Rinaldo Persson
20260708,Hard,Irene Burillo,Moyuka Uchijima
20260709,Hard,Simona Waltert,Leyre Romero Gormaz
20260709,Hard,Kaitlin Quevedo,Irene Burillo
20260709,Hard,Paula Badosa,Varvara Lepchenko
20260709,Hard,Yulia Putintseva,Sinja Kraus
20260710,Hard,Simona Waltert,Kaitlin Quevedo
20260710,Hard,Paula Badosa,Yulia Putintseva
20260711,Hard,Paula Badosa,Simona Waltert
20260712,Hard,Igor Ribeiro Marcondes,Gonzalo Bueno
20260712,Hard,Martin Krumich,Frederico Ferreira Silva
20260712,Hard,Lautaro Midon,William Rejchtman Vinciguerra
20260712,Hard,Francesco Passaro,Maks Kasnikowski
20260712,Hard,Taro Daniel,Federico Coria
20260712,Hard,Thomas Faurel,Elmer Moller
20260712,Hard,Miguel Damas,Nikola Slavic
20260712,Hard,Carlos Sanchez Jover,Roberto Carballes Baena
20260713,Hard,Lautaro Midon,Igor Ribeiro Marcondes
20260713,Hard,Martin Krumich,Francesco Passaro
20260713,Hard,Taro Daniel,Carlos Sanchez Jover
20260713,Hard,Miguel Damas,Thomas Faurel
20260713,Hard,Jesper de Jong,Vilius Gaubas
20260714,Hard,Andrea Pellegrino,Nicolai Budkov Kjaer
20260714,Hard,Thiago Agustin Tirante,Sebastian Ofner
20260714,Hard,Lautaro Midon,Facundo Diaz Acosta
20260714,Hard,Adolfo Daniel Vallejo,Miguel Damas
20260714,Hard,Grigor Dimitrov,Dalibor Svrcina
20260714,Hard,Botic Van De Zandschulp,Taro Daniel
20260714,Hard,Nikoloz Basilashvili,Jan Choinski
20260714,Hard,Stefano Travaglia,Martin Krumich
20260714,Hard,Daniel Altmaier,Hugo Gaston
20260714,Hard,Nuno Borges,Moise Kouame
20260714,Hard,Sebastian Baez,Max Dahlin
20260715,Hard,Adolfo Daniel Vallejo,Botic Van De Zandschulp
20260715,Hard,Nuno Borges,Grigor Dimitrov
20260715,Hard,Stefano Travaglia,Mariano Navone
20260715,Hard,Luciano Darderi,Daniel Altmaier
20260716,Hard,Thiago Agustin Tirante,Nikoloz Basilashvili
20260716,Hard,Andrey Rublev,Andrea Pellegrino
20260716,Hard,Alejandro Tabilo,Lautaro Midon
20260716,Hard,Sebastian Baez,Jesper de Jong
20260717,Hard,Adolfo Daniel Vallejo,Stefano Travaglia
20260717,Hard,Luciano Darderi,Nuno Borges
20260717,Hard,Andrey Rublev,Sebastian Baez
20260717,Hard,Alejandro Tabilo,Thiago Agustin Tirante
20260718,Hard,Luciano Darderi,Adolfo Daniel Vallejo
20260718,Hard,Andrey Rublev,Alejandro Tabilo
20260719,Hard,Andrey Rublev,Luciano Darderi
20260711,Hard,Madison Sieg,Artemis Aslanisvili
20260711,Hard,Mina Hodzic,Hao-Ching Chan
20260711,Hard,Yasmine Mansouri,Eleni  Tsetsou
20260711,Hard,Miriana Tona,Maria Rentoumi
20260711,Hard,Elena Micic,Makoto Ninomiya
20260711,Hard,Ekaterina Yashina,Lina Glushko
20260711,Hard,Elina Nepliy,Tang Qianhui
20260711,Hard,Anastasia Kulikova,Alexandra Panagiotidou
20260711,Hard,Viktoria Morvayova,Franziska Sziedat
20260712,Hard,Aoi Ito,Yasmine Mansouri
20260712,Hard,Lilli Tagger,Madison Sieg
20260712,Hard,Nao Hibino,Miriana Tona
20260712,Hard,Viktoria Morvayova,Elina Nepliy
20260712,Hard,Elena Micic,Anastasia Kulikova
20260712,Hard,Mina Hodzic,Ekaterina Yashina
20260713,Hard,Mai Hontama,Magda Linette
20260713,Hard,Zheng Qinwen,Jessica Bouzas Maneiro
20260713,Hard,Lilli Tagger,Marianne Argyrokastriti
20260713,Hard,Sara Bejlek,Viktoria Morvayova
20260713,Hard,Harriet Dart,Mina Hodzic
20260713,Hard,Maria Sakkari,Polina Kudermetova
20260713,Hard,Elena Micic,Martha Matoula
20260713,Hard,Alycia Parks,Valentini Grammatikopoulou
20260714,Hard,Barbora Krejcikova,Viktoriya Tomova
20260714,Hard,Alina Korneeva,Aoi Ito
20260714,Hard,Carole Monnet,Rebeka Masarova
20260714,Hard,Miriana Tona,Sapfo Sakellaridi
20260714,Hard,Clara Tauson,Nao Hibino
20260714,Hard,Aliaksandra Sasnovich,Anna Blinkova
20260714,Hard,Ann Li,Maria Timofeeva
20260714,Hard,Tereza Valentova,Sofia Costoulas
20260715,Hard,Zheng Qinwen,Elena Micic
20260715,Hard,Maria Sakkari,Harriet Dart
20260715,Hard,Alycia Parks,Mai Hontama
20260715,Hard,Sara Bejlek,Lilli Tagger
20260716,Hard,Alina Korneeva,Ann Li
20260716,Hard,Tereza Valentova,Aliaksandra Sasnovich
20260716,Hard,Barbora Krejcikova,Carole Monnet
20260716,Hard,Clara Tauson,Miriana Tona
20260717,Hard,Alina Korneeva,Tereza Valentova
20260717,Hard,Barbora Krejcikova,Zheng Qinwen
20260717,Hard,Maria Sakkari,Alycia Parks
20260717,Hard,Clara Tauson,Sara Bejlek
20260718,Hard,Maria Sakkari,Alina Korneeva
20260718,Hard,Barbora Krejcikova,Clara Tauson
20260719,Hard,Barbora Krejcikova,Maria Sakkari
20260712,Hard,Zhibek Kulambayeva,Lisa Zaar
20260712,Hard,Leyre Romero Gormaz,Cristiana Nicoleta Todoni
20260712,Hard,Georgina Garcia Perez,Andreea Prisacariu
20260712,Hard,Ilinca Amariei,Caroline Werner
20260712,Hard,Carmen Andreea Herea,Ekaterina Kazionova
20260712,Hard,Elena Pridankina,Eva Maria Ionescu
20260712,Hard,Elina Avanesyan,Emily Seibold
20260712,Hard,Irina Fetecau,Tatiana Pieri
20260712,Hard,Ipek Oz,Martina Okalova
20260712,Hard,Claire Liu,Maria Sara Popa
20260712,Hard,Alevtina Ibragimova,Mariia Kozyreva
20260712,Hard,Varvara Lepchenko,Maia Ilinca Burcescu
20260713,Hard,Ilinca Amariei,Carmen Andreea Herea
20260713,Hard,Elena Pridankina,Georgina Garcia Perez
20260713,Hard,Elina Avanesyan,Irina Fetecau
20260713,Hard,Leyre Romero Gormaz,Zhibek Kulambayeva
20260713,Hard,Claire Liu,Ipek Oz
20260713,Hard,Alina Charaeva,Victoria Jimenez Kasintseva
20260713,Hard,Alevtina Ibragimova,Varvara Lepchenko
20260713,Hard,Anna Bondar,Sara Sorribes Tormo
20260713,Hard,Petra Marcinko,Nadia Podoroska
20260713,Hard,Clara Burel,Varvara Lepchenko
20260714,Hard,Elina Avanesyan,Moyuka Uchijima
20260714,Hard,Tamara Zidansek,Emiliana Arango
20260714,Hard,Kaitlin Quevedo,Elena-Gabriela Ruse
20260714,Hard,Mayar Sherif,Dalma Galfi
20260714,Hard,Yulia Putintseva,Claire Liu
20260714,Hard,Alevtina Ibragimova,Dominika Salkova
20260714,Hard,Oleksandra Oliynykova,Ipek Oz
20260714,Hard,Elena Pridankina,Miriam Bulgaru
20260714,Hard,Panna Udvardy,Leyre Romero Gormaz
20260714,Hard,Paula Badosa,Anhelina Kalinina
20260714,Hard,Katarzyna Kawa,Simona Waltert
20260715,Hard,Yulia Putintseva,Alina Charaeva
20260715,Hard,Elsa Jacquemot,Ilinca Amariei
20260715,Hard,Tamara Zidansek,Anna Bondar
20260715,Hard,Clara Burel,Elsa Jacquemot
20260715,Hard,Petra Marcinko,Elina Avanesyan
20260716,Hard,Mayar Sherif,Kaitlin Quevedo
20260716,Hard,Oleksandra Oliynykova,Elena Pridankina
20260716,Hard,Paula Badosa,Alevtina Ibragimova
20260716,Hard,Panna Udvardy,Katarzyna Kawa
20260717,Hard,Mayar Sherif,Yulia Putintseva
20260717,Hard,Oleksandra Oliynykova,Clara Burel
20260717,Hard,Paula Badosa,Panna Udvardy
20260717,Hard,Tamara Zidansek,Petra Marcinko
20260718,Hard,Mayar Sherif,Oleksandra Oliynykova
20260718,Hard,Paula Badosa,Tamara Zidansek
20260720,Hard,Mayar Sherif,Paula Badosa
20260712,Hard,Yelyzaveta Kotliar,Amandine Hesse
20260712,Hard,Alessandra Mazzola,Francesca Gandolfi
20260712,Hard,Noemi Basiletti,Anastasia Abbagnato
20260712,Hard,Elena Malygina,Viola Turini
20260713,Hard,Lola Radivojevic,Ren Yufei
20260713,Hard,Francesca Jones,Dalila Spiteri
20260713,Hard,Darya Astakhova,Kajsa Rinaldo Persson
20260713,Hard,Deborah Chiesa,Lina Gjorcheska
20260713,Hard,Noma Noha Akugue,Alice Rame
20260713,Hard,Elizara Yaneva,Oksana Selekhmeteva
20260713,Hard,Sofya Lansere,Elena Malygina
20260713,Hard,Federica Urgesi,Yelyzaveta Kotliar
20260714,Hard,Danka Kovinic,Noemi Basiletti
20260714,Hard,Julia Riera,Darja Semenistaja
20260714,Hard,Aurora Zantedeschi,Fiona Ferro
20260714,Hard,Teodora Kostovic,Jennifer Ruggeri
20260714,Hard,Martina Trevisan,Tyra Caterina Grant
20260714,Hard,Nuria Brancaccio,Jessica Pieri
20260714,Hard,Lucia Bronzetti,Alessandra Mazzola
20260714,Hard,Eva Vedder,Francesca Pace
20260715,Hard,Elizara Yaneva,Sofya Lansere
20260715,Hard,Deborah Chiesa,Lola Radivojevic
20260715,Hard,Francesca Jones,Federica Urgesi
20260715,Hard,Noma Noha Akugue,Darya Astakhova
20260716,Hard,Martina Trevisan,Aurora Zantedeschi
20260716,Hard,Julia Riera,Danka Kovinic
20260716,Hard,Lucia Bronzetti,Teodora Kostovic
20260716,Hard,Nuria Brancaccio,Eva Vedder
20260717,Hard,Francesca Jones,Noma Noha Akugue
20260717,Hard,Martina Trevisan,Elizara Yaneva
20260717,Hard,Nuria Brancaccio,Julia Riera
20260717,Hard,Lucia Bronzetti,Deborah Chiesa
20260718,Hard,Lucia Bronzetti,Nuria Brancaccio
20260718,Hard,Francesca Jones,Martina Trevisan
20260719,Hard,Francesca Jones,Lucia Bronzetti
20260712,Hard,Darya Khamutsianskaya,Saumya Vig
20260712,Hard,Isabella Shinikova,Doga Turkmen
20260712,Hard,Zhang Ying,Arina Arifullina
20260712,Hard,Varvara Panshina,Ilay Yoruk
20260712,Hard,Yujia Huang,Ayse Bal
20260712,Hard,Weronika Falkowska,Daria Zelinskaya
20260712,Hard,Rina Saigo,Naoko Eto
20260712,Hard,Priska Nugroho,Duru Soke
20260713,Hard,Darya Khamutsianskaya,Zhang Ying
20260713,Hard,Isabella Shinikova,Yujia Huang
20260713,Hard,Weronika Falkowska,Varvara Panshina
20260713,Hard,Priska Nugroho,Rina Saigo
20260713,Hard,Hanne Vandewinkel,Carol Young Suh Lee
20260713,Hard,Kristina Penickova,Karman Thandi
20260713,Hard,Gabriela Knutson,Irem Kurt
20260713,Hard,Tatiana Prozorova,Bai Zhuoxuan
20260713,Hard,Lanlana Tararudee,Kyoka Okamura
20260713,Hard,Anastasia Gasanova,Susan Bandecchi
20260714,Hard,Alexandra Shubladze,Isabella Shinikova
20260714,Hard,Harmony Tan,Lucie Havlickova
20260714,Hard,Anastasia Zakharova,Mariia Tkacheva
20260714,Hard,Darya Khamutsianskaya,Priska Nugroho
20260714,Hard,Weronika Falkowska,Deniz Dilek
20260714,Hard,Vendula Valdmannova,Ayla Aksu
20260714,Hard,Aliona Falei,Yuan Yue
20260714,Hard,Vera Zvonareva,Polina Iatcenko
20260714,Hard,Gao Xinyu,Linda Fruhvirtova
20260714,Hard,Viktoria Hruncakova,Cagla Buyukakcay
20260715,Hard,Hanne Vandewinkel,Weronika Falkowska
20260715,Hard,Harmony Tan,Anastasia Gasanova
20260715,Hard,Aliona Falei,Kristina Penickova
20260715,Hard,Lanlana Tararudee,Gabriela Knutson
20260716,Hard,Vera Zvonareva,Viktoria Hruncakova
20260716,Hard,Tatiana Prozorova,Darya Khamutsianskaya
20260716,Hard,Vendula Valdmannova,Gao Xinyu
20260716,Hard,Anastasia Zakharova,Alexandra Shubladze
20260717,Hard,Anastasia Zakharova,Tatiana Prozorova
20260717,Hard,Lanlana Tararudee,Vera Zvonareva
20260717,Hard,Vendula Valdmannova,Aliona Falei
20260717,Hard,Hanne Vandewinkel,Harmony Tan
20260718,Hard,Lanlana Tararudee,Vendula Valdmannova
20260718,Hard,Hanne Vandewinkel,Anastasia Zakharova
20260719,Hard,Lanlana Tararudee,Hanne Vandewinkel
20260712,Hard,Victoria Bosio,Karina Kovalchuk
20260712,Hard,Martina Colmegna,Barbora Palicova
20260712,Hard,Gina Feistel,Diletta Cherubini
20260712,Hard,Dalila Jakupovic,Margaux Rouvroy
20260713,Hard,Julia Grabher,Elena Ruxandra Bertea
20260713,Hard,Erika Andreeva,Despina Papamichail
20260713,Hard,Mia Ristic,Mia Pohankova
20260713,Hard,Ekaterina Perelygina,Yasmine Kabbaj
20260713,Hard,Gina Feistel,Julia Avdeeva
20260713,Hard,Eva Bennemann,Anastasia Tikhonova
20260713,Hard,Polona Hercog,Dalila Jakupovic
20260713,Hard,Veronika Erjavec,Victoria Bosio
20260714,Hard,Sinja Kraus,Caijsa Hennemann
20260714,Hard,Marina Bassols Ribera,Anna-Lena Friedsam
20260714,Hard,Barbora Palicova,Martina Colmegna
20260714,Hard,Laura Samson,Laura Pigossi
20260714,Hard,Mona Barthel,Arabella Koller
20260714,Hard,Maria Lourdes Carle,Kathinka von Deichmann
20260714,Hard,Arantxa Rus,Leonie Rabl
20260714,Hard,Jeline Vandromme,Vivian Wolff
20260715,Hard,Julia Grabher,Ekaterina Perelygina
20260715,Hard,Veronika Erjavec,Mona Barthel
20260715,Hard,Erika Andreeva,Mia Ristic
20260716,Hard,Sinja Kraus,Eva Bennemann
20260716,Hard,Gina Feistel,Laura Samson
20260716,Hard,Jeline Vandromme,Polona Hercog
20260716,Hard,Maria Lourdes Carle,Barbora Palicova
20260716,Hard,Marina Bassols Ribera,Arantxa Rus
20260717,Hard,Sinja Kraus,Erika Andreeva
20260717,Hard,Marina Bassols Ribera,Maria Lourdes Carle
20260717,Hard,Julia Grabher,Jeline Vandromme
20260717,Hard,Veronika Erjavec,Gina Feistel
20260718,Hard,Sinja Kraus,Marina Bassols Ribera
20260718,Hard,Julia Grabher,Veronika Erjavec
20260719,Hard,Sinja Kraus,Julia Grabher
20260718,Hard,Gao Xinyu,Susan Bandecchi
20260718,Hard,Linda Fruhvirtova,Elena Micic
20260718,Hard,Priscilla Hon,Karman Thandi
20260718,Hard,Carol Young Suh Lee,Kyoka Okamura
20260718,Hard,Dominika Salkova,Denisa Zoldakova
20260718,Hard,Gabriela Knutson,Aoi Ito
20260718,Hard,Sofia Costoulas,Nao Hibino
20260718,Hard,Mai Hontama,Barbora Palicova
20260718,Hard,Valentina Ryser,Rebeka Masarova
20260718,Hard,Rina Saigo,Victoria Bervid
20260718,Hard,Veronika Podrez,Tereza Krejcova
20260718,Hard,Ayla Aksu,Viktoria Morvayova
20260719,Hard,Mai Hontama,Valentina Ryser
20260719,Hard,Carol Young Suh Lee,Priscilla Hon
20260719,Hard,Gao Xinyu,Linda Fruhvirtova
20260719,Hard,Veronika Podrez,Rina Saigo
20260719,Hard,Sofia Costoulas,Ayla Aksu
20260719,Hard,Dominika Salkova,Gabriela Knutson
20260720,Hard,Oceane Dodin,Alisa Oktiabreva
20260720,Hard,Daria Snigur,Ella Seidel
20260720,Hard,Marie Bouzkova,Jessica Bouzas Maneiro
20260720,Hard,Carol Young Suh Lee,Veronika Podrez
20260720,Hard,Lucie Havlickova,Alycia Parks
20260720,Hard,Ayla Aksu,Sofia Costoulas
20260720,Hard,Dominika Salkova,Antonia Ruzic
20260721,Hard,Maria Timofeeva,Aliaksandra Sasnovich
20260721,Hard,Mai Hontama,Diane Parry
20260721,Hard,Nikola Bartunkova,Yuan Yue
20260721,Hard,Maya Joint,Laura Samson
20260721,Hard,Lilli Tagger,Gao Xinyu
20260721,Hard,Tereza Valentova,Priscilla Hon
20260721,Hard,Lanlana Tararudee,Jana Kovackova
20260721,Hard,Sara Bejlek,Anna Blinkova
20260721,Hard,Barbora Krejcikova,Linda Fruhvirtova
20260722,Hard,Daria Snigur,Ayla Aksu
20260722,Hard,Marie Bouzkova,Carol Young Suh Lee
20260722,Hard,Tereza Valentova,Maya Joint
20260722,Hard,Dominika Salkova,Oceane Dodin
20260723,Hard,Lanlana Tararudee,Nikola Bartunkova
20260723,Hard,Lilli Tagger,Mai Hontama
20260723,Hard,Sara Bejlek,Maria Timofeeva
20260723,Hard,Barbora Krejcikova,Lucie Havlickova
20260724,Hard,Daria Snigur,Lanlana Tararudee
20260724,Hard,Tereza Valentova,Marie Bouzkova
20260724,Hard,Lilli Tagger,Sara Bejlek
20260724,Hard,Barbora Krejcikova,Dominika Salkova
20260725,Hard,Daria Snigur,Tereza Valentova
20260725,Hard,Lilli Tagger,Barbora Krejcikova
20260726,Hard,Lilli Tagger,Daria Snigur
20260718,Hard,Yelyzaveta Kotliar,Federica Urgesi
20260718,Hard,Ren Yufei,Carla Giambelli
20260718,Hard,Isabella Shinikova,Rasheeda McAdoo
20260718,Hard,Raluka Serban,Anastasia Bertacchi
20260718,Hard,Amarissa Toth,Lucija Ciric Bagaric
20260718,Hard,Mina Hodzic,Emily Webley-Smith
20260718,Hard,Miriana Tona,Dalila Spiteri
20260718,Hard,Noemi Basiletti,Laura Bohner
20260719,Hard,Mina Hodzic,Yelyzaveta Kotliar
20260719,Hard,Amarissa Toth,Raluka Serban
20260719,Hard,Noemi Basiletti,Isabella Shinikova
20260719,Hard,Ren Yufei,Miriana Tona
20260720,Hard,Erika Andreeva,Lina Gjorcheska
20260720,Hard,Lola Radivojevic,Sofya Lansere
20260720,Hard,Yasmine Kabbaj,Deborah Chiesa
20260720,Hard,Jennifer Ruggeri,Amarissa Toth
20260720,Hard,Ekaterine Gorgodze,Ane Mintegi Del Olmo
20260720,Hard,Federica Urgesi,Elizara Yaneva
20260720,Hard,Fiona Ferro,Ren Yufei
20260720,Hard,Dalila Spiteri,Alessandra Mazzola
20260721,Hard,Noemi Basiletti,Raluka Serban
20260721,Hard,Mina Hodzic,Caroline Werner
20260721,Hard,Francesca Jones,Darya Astakhova
20260721,Hard,Alice Rame,Anastasia Tikhonova
20260721,Hard,Lucia Bronzetti,Ilary Pistola
20260721,Hard,Alevtina Ibragimova,Tamara Zidansek
20260721,Hard,Miriam Bulgaru,Caijsa Hennemann
20260721,Hard,Clara Burel,Anastasia Abbagnato
20260722,Hard,Jennifer Ruggeri,Lola Radivojevic
20260722,Hard,Clara Burel,Federica Urgesi
20260722,Hard,Yasmine Kabbaj,Ekaterine Gorgodze
20260722,Hard,Fiona Ferro,Erika Andreeva
20260723,Hard,Mina Hodzic,Noemi Basiletti
20260723,Hard,Alevtina Ibragimova,Alice Rame
20260723,Hard,Francesca Jones,Miriam Bulgaru
20260723,Hard,Lucia Bronzetti,Dalila Spiteri
20260724,Hard,Francesca Jones,Jennifer Ruggeri
20260724,Hard,Alevtina Ibragimova,Clara Burel
20260724,Hard,Lucia Bronzetti,Yasmine Kabbaj
20260724,Hard,Fiona Ferro,Mina Hodzic
20260725,Hard,Francesca Jones,Alevtina Ibragimova
20260725,Hard,Fiona Ferro,Lucia Bronzetti
20260726,Hard,Francesca Jones,Fiona Ferro
20260719,Hard,Varvara Lepchenko,Anna Petkovic
20260719,Hard,Elina Avanesyan,Dalila Jakupovic
20260719,Hard,Elena Malygina,Lisa Zaar
20260719,Hard,Arantxa Rus,Ekaterina Kazionova
20260719,Hard,Jule Niemeier,Julia Avdeeva
20260719,Hard,Jessica Pieri,Carole Monnet
20260719,Hard,Victoria Brand,Kathinka von Deichmann
20260719,Hard,Chloe Paquet,Valeriya Strakhova
20260719,Hard,Maria Lourdes Carle,Emily Victoria Eigelsbach
20260719,Hard,Eva Vedder,Georgina Garcia Perez
20260719,Hard,Mona Barthel,Ekaterina Yashina
20260719,Hard,Elena Pridankina,Diana Martynov
20260720,Hard,Jule Niemeier,Elena Malygina
20260720,Hard,Elina Avanesyan,Varvara Lepchenko
20260720,Hard,Maria Lourdes Carle,Jessica Pieri
20260720,Hard,Arantxa Rus,Chloe Paquet
20260720,Hard,Mona Barthel,Eva Vedder
20260720,Hard,Elena Pridankina,Victoria Brand
20260720,Hard,Anhelina Kalinina,Kaitlin Quevedo
20260720,Hard,Julia Stusek,Nadia Podoroska
20260720,Hard,Anna Bondar,Moyuka Uchijima
20260721,Hard,Panna Udvardy,Elena Pridankina
20260721,Hard,Sinja Kraus,Darja Semenistaja
20260721,Hard,Yulia Putintseva,Mona Barthel
20260721,Hard,Leyre Romero Gormaz,Veronika Erjavec
20260721,Hard,Noma Noha Akugue,Valentina Steiner
20260721,Hard,Maria Lourdes Carle,Jule Niemeier
20260721,Hard,Alina Charaeva,Sara Sorribes Tormo
20260721,Hard,Tamara Korpatsch,Victoria Jimenez Kasintseva
20260721,Hard,Elina Avanesyan,Arantxa Rus
20260721,Hard,Oleksandra Oliynykova,Nastasja Schunk
20260722,Hard,Anhelina Kalinina,Maria Lourdes Carle
20260722,Hard,Mayar Sherif,Simona Waltert
20260722,Hard,Elsa Jacquemot,Tessa Johanna Brockmann
20260722,Hard,Paula Badosa,Katarzyna Kawa
20260722,Hard,Alina Charaeva,Sinja Kraus
20260722,Hard,Tamara Korpatsch,Julia Stusek
20260722,Hard,Anna Bondar,Noma Noha Akugue
20260723,Hard,Mayar Sherif,Elsa Jacquemot
20260723,Hard,Oleksandra Oliynykova,Leyre Romero Gormaz
20260723,Hard,Paula Badosa,Panna Udvardy
20260723,Hard,Elina Avanesyan,Yulia Putintseva
20260724,Hard,Anna Bondar,Alina Charaeva
20260724,Hard,Mayar Sherif,Paula Badosa
20260724,Hard,Tamara Korpatsch,Anhelina Kalinina
20260725,Hard,Anna Bondar,Elina Avanesyan
20260725,Hard,Tamara Korpatsch,Mayar Sherif
20260726,Hard,Tamara Korpatsch,Anna Bondar
20260725,Hard,Katrina Scott,Sabastiani Leon
20260725,Hard,Wei Sijia,Havana Kadi
20260725,Hard,Ellie Schoppe,Ana Grubor
20260725,Hard,Emma Si Yu Dong,Ena Shibahara
20260725,Hard,Avery Alexander,Martina Okalova
20260726,Hard,Miho Kuramochi,Hiroko Kuwata
20260726,Hard,Valeria Savinykh,Mia Kupres
20260726,Hard,Hong Yi Cody Wong,Dasha Plekhanova
20260727,Hard,Ellie Schoppe,Katrina Scott
20260728,Hard,Emma Si Yu Dong,Valeria Savinykh
20260728,Hard,Miho Kuramochi,Avery Alexander
20260728,Hard,Hong Yi Cody Wong,Wei Sijia
20260728,Hard,Madison Brengle,Alexandra Vagramov
20260728,Hard,Lu Jia-Jing,Caroline Dolehide
20260728,Hard,Mananchaya Sawangkaew,En-Shuo Liang
20260728,Hard,Nao Hibino,Teah Chavez
20260728,Hard,Mai Hontama,Kayla Day
20260728,Hard,Moyuka Uchijima,Miho Kuramochi
20260728,Hard,Hayu Kinoshita,Kyoka Okamura
20260728,Hard,Emerson Jones,Carol Zhao
20260728,Hard,Priscilla Hon,Ellie Schoppe
20260729,Hard,Taylah Preston,Haruka Kaji
20260729,Hard,Harriet Dart,Kayla Cross
20260729,Hard,Emma Si Yu Dong,Yeonwoo Ku
20260729,Hard,Ariana Arseneault,Annabelle Xu
20260729,Hard,Moyuka Uchijima,Hayu Kinoshita
20260729,Hard,Sofia Costoulas,Lizette Cabrera
20260729,Hard,Maddison Inglis,Greet Minnen
20260729,Hard,Mai Hontama,Lu Jia-Jing
20260729,Hard,Himeno Sakatsume,Hong Yi Cody Wong
20260729,Hard,Maddison Inglis,Sofia Costoulas
20260729,Hard,Mananchaya Sawangkaew,Nao Hibino
20260730,Hard,Himeno Sakatsume,Ariana Arseneault
20260730,Hard,Taylah Preston,Priscilla Hon
20260730,Hard,Harriet Dart,Emma Si Yu Dong
20260730,Hard,Emerson Jones,Madison Brengle
20260730,Hard,Maddison Inglis,Moyuka Uchijima
20260730,Hard,Mai Hontama,Himeno Sakatsume
20260730,Hard,Mananchaya Sawangkaew,Emerson Jones
20260730,Hard,Taylah Preston,Harriet Dart
20260731,Hard,Maddison Inglis,Mai Hontama
20260731,Hard,Taylah Preston,Mananchaya Sawangkaew
20260801,Hard,Taylah Preston,Maddison Inglis
20260725,Hard,Aleksandar Vukic,Aziz Dougaz
20260725,Hard,Martin Damm,Kimmer Coppejans
20260725,Hard,Alex Bolt,James McCabe
20260725,Hard,Zachary Svajda,Stefan Kozlov
20260725,Hard,Andre Ilagan,Remy Bertola
20260725,Hard,Abdullah Shelbayh,Billy Harris
20260725,Hard,Marcos Giron,Aryan Shah
20260725,Hard,Cruz Hewitt,Dusan Lajovic
20260725,Hard,Moez Echargui,Jordan Lee
20260725,Hard,Trevor Svajda,Elias Ymer
20260725,Hard,Andres Martin,Christopher O'Connell
20260725,Hard,Mackenzie McDonald,Edas Butvilas
20260726,Hard,Martin Damm,Abdullah Shelbayh
20260726,Hard,Aleksandar Vukic,Alex Bolt
20260726,Hard,Cruz Hewitt,Zachary Svajda
20260726,Hard,Marcos Giron,Andre Ilagan
20260726,Hard,Andres Martin,Moez Echargui
20260726,Hard,Trevor Svajda,Mackenzie McDonald
20260727,Hard,Alejandro Tabilo,Tallon Griekspoor
20260727,Hard,Lorenzo Musetti,Matteo Arnaldi
20260727,Hard,Taylor Fritz,Zizou Bergs
20260727,Hard,Kei Nishikori,Shang Juncheng
20260727,Hard,Aleksandar Vukic,Zachary Svajda
20260728,Hard,Terence Atmane,Frances Tiafoe
20260728,Hard,Ugo Humbert,Andres Martin
20260728,Hard,Kamil Majchrzak,Tommy Paul
20260728,Hard,Alex Michelsen,Mackenzie McDonald
20260728,Hard,Rafael Jodar,Arthur Fils
20260728,Hard,Adrian Mannarino,Learner Tien
20260728,Hard,Cruz Hewitt,Marcos Giron
20260728,Hard,Brandon Nakashima,Tomas Martin Etcheverry
20260728,Hard,Ben Shelton,Martin Damm
20260728,Hard,Jakub Mensik,Trevor Svajda
20260729,Hard,Lorenzo Musetti,Aleksandar Vukic
20260729,Hard,Alex de Minaur,Stefanos Tsitsipas
20260729,Hard,Taylor Fritz,Kamil Majchrzak
20260729,Hard,Alex Michelsen,Adrian Mannarino
20260730,Hard,Rafael Jodar,Kei Nishikori
20260730,Hard,Brandon Nakashima,Jakub Mensik
20260730,Hard,Alex de Minaur,Cruz Hewitt
20260730,Hard,Alejandro Tabilo,Terence Atmane
20260730,Hard,Ben Shelton,Ugo Humbert
20260731,Hard,Brandon Nakashima,Alex de Minaur
20260731,Hard,Taylor Fritz,Alex Michelsen
20260731,Hard,Rafael Jodar,Lorenzo Musetti
20260801,Hard,Alejandro Tabilo,Ben Shelton
20260801,Hard,Taylor Fritz,Brandon Nakashima
20260802,Hard,Rafael Jodar,Alejandro Tabilo
20260803,Hard,Taylor Fritz,Rafael Jodar
20260725,Hard,Julieta Pareja,Polina Iatcenko
20260725,Hard,Heather Watson,Kamilla Rakhimova
20260725,Hard,Varvara Lepchenko,Clervie Ngounoue
20260725,Hard,Polina Kudermetova,Mei Yamaguchi
20260725,Hard,Rebecca Sramkova,Carolyn Ansari
20260725,Hard,Daria Kasatkina,Mariam Bolkvadze
20260725,Hard,Gabriela Knutson,Zhang Shuai
20260725,Hard,Alana Smith,Lea Ma
20260726,Hard,Polina Kudermetova,Varvara Lepchenko
20260726,Hard,Julieta Pareja,Heather Watson
20260726,Hard,Rebecca Sramkova,Gabriela Knutson
20260726,Hard,Daria Kasatkina,Alana Smith
20260727,Hard,Elisabetta Cocciaretto,Clara Tauson
20260727,Hard,Leylah Fernandez,Magda Linette
20260727,Hard,Emma Navarro,Sofia Kenin
20260727,Hard,Liudmila Samsonova,Madison Keys
20260727,Hard,Janice Tjen,Rebecca Sramkova
20260727,Hard,Ashlyn Krueger,Katie Boulter
20260728,Hard,Polina Kudermetova,Cristina Bucsa
20260728,Hard,Wang Xinyu,Julieta Pareja
20260728,Hard,Alexandra Eala,Zheng Qinwen
20260728,Hard,Anna Kalinskaya,Daria Kasatkina
20260728,Hard,Magdalena Frech,Ann Li
20260729,Hard,Anastasia Potapova,Venus Williams
20260729,Hard,Liudmila Samsonova,Wang Xinyu
20260729,Hard,Alexandra Eala,Leylah Fernandez
20260729,Hard,Elisabetta Cocciaretto,Emma Navarro
20260729,Hard,Naomi Osaka,Ashlyn Krueger
20260730,Hard,Anna Kalinskaya,Janice Tjen
20260730,Hard,Jessica Pegula,Magdalena Frech
20260730,Hard,Diana Shnaider,Anastasia Potapova
20260731,Hard,Elina Svitolina,Polina Kudermetova
20260731,Hard,Jessica Pegula,Anna Kalinskaya
20260731,Hard,Naomi Osaka,Elisabetta Cocciaretto
20260731,Hard,Diana Shnaider,Liudmila Samsonova
20260731,Hard,Alexandra Eala,Elina Svitolina
20260801,Hard,Jessica Pegula,Diana Shnaider
20260801,Hard,Alexandra Eala,Naomi Osaka
20260803,Hard,Alexandra Eala,Jessica Pegula
20260725,Hard,Katherine Sebov,Camila Soares
20260725,Hard,Aoi Ito,Astra Sharma
20260725,Hard,Aran Teixido Garcia,Anna Frey
20260725,Hard,Sofia Johnson,Karman Thandi
20260725,Hard,Mariia Kozyreva,Eri Hozumi
20260725,Hard,Kennedy Drenser-Hagmann,Bella Payne
20260726,Hard,Ankita Raina,Ekaterina Ovcharenko
20260726,Hard,Ma YeXin,Aoi Ito
20260726,Hard,Storm Hunter,Sofia Johnson
20260726,Hard,Katherine Sebov,Aran Teixido Garcia
20260726,Hard,Kristina Liutova,Mariia Kozyreva
20260727,Hard,Tatiana Prozorova,Kennedy Drenser-Hagmann
20260727,Hard,Iryna Shymanovich,Ankita Raina
20260727,Hard,Katie Volynets,Viktorija Golubic
20260727,Hard,Maya Joint,Whitney Osuigwe
20260727,Hard,Anastasia Zakharova,Linda Fruhvirtova
20260727,Hard,Iryna Shymanovich,Reese Brantmeier
20260727,Hard,Tatjana Maria,Talia Gibson
20260727,Hard,Tatiana Prozorova,Solana Sierra
20260728,Hard,Camila Osorio,Storm Hunter
20260728,Hard,Elvina Kalieva,Katherine Sebov
20260728,Hard,Catherine McNally,Wang Xiyu
20260728,Hard,Zeynep Sonmez,Cadence Brace
20260728,Hard,Kristina Liutova,Ekaterina Alexandrova
20260728,Hard,Sloane Stephens,Yuliia Starodubtseva
20260728,Hard,Peyton Stearns,Mary Stoiana
20260728,Hard,Darja Vidmanova,Marina Bassols Ribera
20260729,Hard,Ma YeXin,Kimberly Birrell
20260729,Hard,Renata Zarazua,McCartney Kessler
20260729,Hard,Katie Volynets,Iryna Shymanovich
20260729,Hard,Anastasia Zakharova,Camila Osorio
20260729,Hard,Elvina Kalieva,Zeynep Sonmez
20260729,Hard,Renata Zarazua,Tatjana Maria
20260730,Hard,Kristina Liutova,Maya Joint
20260730,Hard,Catherine McNally,Ma YeXin
20260730,Hard,Peyton Stearns,Tatiana Prozorova
20260730,Hard,Darja Vidmanova,Sloane Stephens
20260731,Hard,Kristina Liutova,Catherine McNally
20260731,Hard,Elvina Kalieva,Peyton Stearns
20260731,Hard,Renata Zarazua,Anastasia Zakharova
20260801,Hard,Darja Vidmanova,Katie Volynets
20260801,Hard,Kristina Liutova,Elvina Kalieva
20260801,Hard,Darja Vidmanova,Renata Zarazua
20260802,Hard,Kristina Liutova,Darja Vidmanova
20260726,Hard,Andreea Prisacariu,Deborah Chiesa
20260726,Hard,Yelyzaveta Kotliar,Alessandra Mazzola
20260726,Hard,Ekaterina Kazionova,Ekaterina Yashina
20260726,Hard,Lucija Ciric Bagaric,Amandine Monnot
20260726,Hard,Maria Sara Popa,Amarissa Toth
20260726,Hard,Miriana Tona,Isabella Shinikova
20260726,Hard,Margaux Rouvroy,Diana Ilie
20260726,Hard,Briana Szabo,Gina Feistel
20260727,Hard,Lucija Ciric Bagaric,Maria Sara Popa
20260727,Hard,Margaux Rouvroy,Ekaterina Kazionova
20260727,Hard,Yelyzaveta Kotliar,Andreea Prisacariu
20260727,Hard,Miriana Tona,Briana Szabo
20260727,Hard,Elena Ruxandra Bertea,Elena Malygina
20260727,Hard,Caijsa Hennemann,Mia Pohankova
20260727,Hard,Kaitlin Quevedo,Irina Fetecau
20260727,Hard,Irene Burillo,Sofya Lansere
20260727,Hard,Sara Sorribes Tormo,Leyre Romero Gormaz
20260727,Hard,Alice Rame,Julie Struplova
20260728,Hard,Laura Samson,Alesia Breaz
20260728,Hard,Yelyzaveta Kotliar,Dalila Spiteri
20260728,Hard,Mia Ristic,Darja Semenistaja
20260728,Hard,Lucia Bronzetti,Miriana Tona
20260728,Hard,Margaux Rouvroy,Lola Radivojevic
20260728,Hard,Lucija Ciric Bagaric,Rachel Gailis
20260728,Hard,Alevtina Ibragimova,Maia Ilinca Burcescu
20260728,Hard,Anastasiia Sobolieva,Selena Janicijevic
20260728,Hard,Francesca Jones,Chloe Paquet
20260728,Hard,Carole Monnet,Miriam Bulgaru
20260729,Hard,Kaitlin Quevedo,Irene Burillo
20260729,Hard,Alice Rame,Margaux Rouvroy
20260729,Hard,Carole Monnet,Elena Ruxandra Bertea
20260729,Hard,Sara Sorribes Tormo,Caijsa Hennemann
20260730,Hard,Mia Ristic,Yelyzaveta Kotliar
20260730,Hard,Laura Samson,Anastasiia Sobolieva
20260730,Hard,Francesca Jones,Lucija Ciric Bagaric
20260730,Hard,Lucia Bronzetti,Alevtina Ibragimova
20260731,Hard,Kaitlin Quevedo,Carole Monnet
20260731,Hard,Laura Samson,Mia Ristic
20260731,Hard,Francesca Jones,Alice Rame
20260731,Hard,Lucia Bronzetti,Sara Sorribes Tormo
20260801,Hard,Kaitlin Quevedo,Francesca Jones
20260801,Hard,Laura Samson,Lucia Bronzetti
20260802,Hard,Laura Samson,Kaitlin Quevedo
20260801,Hard,Nicolas Mejia,Marco Trungelliti
20260801,Hard,Martin Damm,Henrique Rocha
20260801,Hard,Kyrian Jacquet,Aleksandr Shevchenko
20260801,Hard,Marcos Giron,Pablo Llamas Ruiz
20260801,Hard,Michael Zheng,Kei Nishikori
20260801,Hard,Alexei Popyrin,Thanasi Kokkinakis
20260801,Hard,Adam Walton,Justin Boulais
20260801,Hard,Jacob Fearnley,Sebastian Ofner
20260801,Hard,Aleksandar Vukic,Tomas Barrios Vera
20260801,Hard,Sho Shimabukuro,Nicolai Budkov Kjaer
20260801,Hard,Duncan Chan,Hugo Gaston
20260801,Hard,Benjamin Bonzi,Hugo Dellien
20260801,Hard,Christopher O'Connell,Jaime Faria
20260801,Hard,Shintaro Mochizuki,Dane Sweeny
20260801,Hard,Stefanos Tsitsipas,Keegan Rice
20260801,Hard,Titouan Droguet,Dalibor Svrcina
20260802,Hard,Shang Juncheng,Adolfo Daniel Vallejo
20260802,Hard,Jaume Munar,Rinky Hijikata
20260803,Hard,Mariano Navone,Matteo Berrettini
20260803,Hard,Vit Kopriva,Alexis Galarneau
20260803,Hard,Nicolas Mejia,Martin Landaluce
20260803,Hard,Titouan Droguet,Luca Van Assche
20260803,Hard,James Duckworth,Christopher O'Connell
20260803,Hard,Yannick Hanfmann,Benjamin Bonzi
20260803,Hard,Nuno Borges,Aleksandar Kovacevic
20260803,Hard,Gabriel Diallo,Kyrian Jacquet
20260804,Hard,Miomir Kecmanovic,Michael Zheng
20260804,Hard,Marin Cilic,Sho Shimabukuro
20260804,Hard,Daniel Altmaier,Aleksandar Vukic
20260804,Hard,Alex Michelsen,Jan-Lennard Struff
20260804,Hard,Corentin Moutet,Marton Fucsovics
20260804,Hard,Cameron Norrie,Camilo Ugo Carabelli
20260804,Hard,Gael Monfils,Kamil Majchrzak
20260804,Hard,Thiago Agustin Tirante,Duncan Chan
20260804,Hard,Sebastian Baez,Mattia Bellucci
20260804,Hard,Jenson Brooksby,Adam Walton
20260804,Hard,Hubert Hurkacz,Marcos Giron
20260804,Hard,Stefanos Tsitsipas,Martin Damm
20260804,Hard,Jacob Fearnley,Adrian Mannarino
20260804,Hard,Valentin Royer,Pablo Carreno Busta
20260804,Hard,Zachary Svajda,Denis Shapovalov
20260804,Hard,Daniel Merida,Liam Draxl
20260804,Hard,Alexei Popyrin,Roman Andres Burruchaga
20260804,Hard,Juan Manuel Cerundolo,Hamad Medjedovic
20260804,Hard,Terence Atmane,Jack Draper
20260804,Hard,Botic Van De Zandschulp,Giovanni Mpetshi Perricard
20260804,Hard,Tallon Griekspoor,Lorenzo Sonego
20260804,Hard,Shang Juncheng,Andrey Rublev
20260804,Hard,Alexander Blockx,Jaume Munar
20260804,Hard,Fabian Marozsan,Shintaro Mochizuki
20260804,Hard,Jiri Lehecka,Vit Kopriva
20260804,Hard,Brandon Nakashima,Daniel Altmaier
20260804,Hard,Frances Tiafoe,Marin Cilic
20260804,Hard,Alex de Minaur,James Duckworth
20260805,Hard,Yannick Hanfmann,Flavio Cobolli
20260805,Hard,Luciano Darderi,Gabriel Diallo
20260805,Hard,Nuno Borges,Tomas Martin Etcheverry
20260805,Hard,Zizou Bergs,Sebastian Baez
20260805,Hard,Lorenzo Musetti,Nicolas Mejia
20260805,Hard,Mariano Navone,Valentin Vacherot
20260805,Hard,Joao Fonseca,Stefanos Tsitsipas
20260805,Hard,Arthur Rinderknech,Miomir Kecmanovic
20260805,Hard,Cameron Norrie,Ignacio Buse
20260805,Hard,Ben Shelton,Jenson Brooksby
20260805,Hard,Arthur Fils,Zachary Svajda
20260805,Hard,Casper Ruud,Juan Manuel Cerundolo
20260805,Hard,Thiago Agustin Tirante,Taylor Fritz
20260805,Hard,Hubert Hurkacz,Alejandro Tabilo
20260805,Hard,Tallon Griekspoor,Alexander Zverev
20260805,Hard,Rafael Jodar,Corentin Moutet
20260805,Hard,Alexei Popyrin,Raphael Collignon
20260805,Hard,Alex Michelsen,Francisco Cerundolo
20260805,Hard,Matteo Arnaldi,Fabian Marozsan
20260805,Hard,Jakub Mensik,Jacob Fearnley
20260805,Hard,Terence Atmane,Karen Khachanov
20260805,Hard,Daniel Merida,Ugo Humbert
20260805,Hard,Botic Van De Zandschulp,Daniil Medvedev
20260806,Hard,Titouan Droguet,Jaime Faria
20260806,Hard,Tommy Paul,Valentin Royer
20260806,Hard,Learner Tien,Gael Monfils
20260806,Hard,Arthur Fils,Mariano Navone
20260806,Hard,Luciano Darderi,Shang Juncheng
20260806,Hard,Cameron Norrie,Alex de Minaur
20260806,Hard,Nuno Borges,Yannick Hanfmann
20260806,Hard,Jiri Lehecka,Alexander Blockx
20260806,Hard,Rafael Jodar,Lorenzo Musetti
20260806,Hard,Brandon Nakashima,Titouan Droguet
20260807,Hard,Arthur Rinderknech,Frances Tiafoe
20260807,Hard,Daniel Merida,Alex Michelsen
20260807,Hard,Tallon Griekspoor,Matteo Arnaldi
20260807,Hard,Botic Van De Zandschulp,Hubert Hurkacz
20260807,Hard,Ben Shelton,Zizou Bergs
20260807,Hard,Jakub Mensik,Terence Atmane
20260807,Hard,Joao Fonseca,Casper Ruud
20260808,Hard,Thiago Agustin Tirante,Alexei Popyrin
20260808,Hard,Learner Tien,Tommy Paul
20260808,Hard,Luciano Darderi,Nuno Borges
20260808,Hard,Brandon Nakashima,Arthur Rinderknech
20260809,Hard,Rafael Jodar,Jiri Lehecka
20260809,Hard,Arthur Fils,Cameron Norrie
20260809,Hard,Daniel Merida,Tallon Griekspoor
20260809,Hard,Learner Tien,Thiago Agustin Tirante
20260809,Hard,Ben Shelton,Joao Fonseca
20260810,Hard,Jakub Mensik,Botic Van De Zandschulp
20260801,Hard,Victoria Jimenez Kasintseva,Marina Bassols Ribera
20260801,Hard,Aoi Ito,Oksana Selekhmeteva
20260801,Hard,Lois Boisson,Emiliana Arango
20260801,Hard,Leolia Jeanjean,Zhu Lin
20260801,Hard,Lanlana Tararudee,Zheng Qinwen
20260801,Hard,Tatjana Maria,Isabella Marton
20260801,Hard,Alina Korneeva,Mary Stoiana
20260801,Hard,Moyuka Uchijima,Himeno Sakatsume
20260801,Hard,Lucrezia Stefanini,Sofia Kenin
20260801,Hard,Polina Kudermetova,Avery Alexander
20260801,Hard,Kayla Day,Guo Hanyu
20260801,Hard,Anna Blinkova,Heather Watson
20260801,Hard,Maya Joint,Ana Grubor
20260801,Hard,Sloane Stephens,Harriet Dart
20260801,Hard,Rebecca Sramkova,Mananchaya Sawangkaew
20260801,Hard,Emerson Jones,Varvara Lepchenko
20260802,Hard,Kamilla Rakhimova,Venus Williams
20260802,Hard,Viktorija Golubic,Kimberly Birrell
20260802,Hard,Sara Bejlek,Wang Xiyu
20260802,Hard,Jessica Bouzas Maneiro,Ariana Arseneault
20260802,Hard,Katherine Sebov,Aoi Ito
20260802,Hard,Moyuka Uchijima,Cristina Bucsa
20260802,Hard,Camila Osorio,Lucrezia Stefanini
20260803,Hard,Alina Korneeva,Polina Kudermetova
20260803,Hard,Karolina Pliskova,Oleksandra Oliynykova
20260803,Hard,Anna Bondar,Anhelina Kalinina
20260803,Hard,Kayla Day,Diane Parry
20260803,Hard,Kayla Cross,Katie Boulter
20260803,Hard,Talia Gibson,Elisabetta Cocciaretto
20260803,Hard,McCartney Kessler,Cadence Brace
20260803,Hard,Rebecca Sramkova,Anna Blinkova
20260803,Hard,Elena-Gabriela Ruse,Peyton Stearns
20260803,Hard,Zhang Shuai,Yulia Putintseva
20260803,Hard,Magdalena Frech,Leolia Jeanjean
20260803,Hard,Nikola Bartunkova,Bianca Andreescu
20260803,Hard,Lanlana Tararudee,Emerson Jones
20260803,Hard,Liudmila Samsonova,Janice Tjen
20260803,Hard,Antonia Ruzic,Lois Boisson
20260803,Hard,Magda Linette,Carol Zhao
20260803,Hard,Alycia Parks,Victoria Jimenez Kasintseva
20260803,Hard,Maya Joint,Yuliia Starodubtseva
20260803,Hard,Taylor Townsend,Tereza Valentova
20260803,Hard,Panna Udvardy,Eva Lys
20260803,Hard,Renata Zarazua,Tamara Korpatsch
20260803,Hard,Zeynep Sonmez,Rebecca Marino
20260804,Hard,Catherine McNally,Tatjana Maria
20260804,Hard,Sloane Stephens,Solana Sierra
20260804,Hard,Daria Kasatkina,Wang Xinyu
20260804,Hard,Elina Svitolina,Jessica Bouzas Maneiro
20260804,Hard,Iga Swiatek,Sara Bejlek
20260804,Hard,Ekaterina Alexandrova,Camila Osorio
20260804,Hard,Viktorija Golubic,Donna Vekic
20260804,Hard,Diana Shnaider,Rebecca Sramkova
20260804,Hard,Marta Kostyuk,Katherine Sebov
20260804,Hard,Talia Gibson,Maja Chwalinska
20260804,Hard,Anastasia Potapova,Elena-Gabriela Ruse
20260804,Hard,Madison Keys,Antonia Ruzic
20260804,Hard,Zhang Shuai,Jelena Ostapenko
20260804,Hard,Kamilla Rakhimova,Katerina Siniakova
20260804,Hard,Anna Kalinskaya,McCartney Kessler
20260804,Hard,Aryna Sabalenka,Moyuka Uchijima
20260805,Hard,Amanda Anisimova,Lanlana Tararudee
20260805,Hard,Nikola Bartunkova,Clara Tauson
20260805,Hard,Ann Li,Kayla Cross
20260805,Hard,Belinda Bencic,Sloane Stephens
20260805,Hard,Elena Rybakina,Daria Kasatkina
20260805,Hard,Taylor Townsend,Marie Bouzkova
20260805,Hard,Jessica Pegula,Magdalena Frech
20260805,Hard,Iva Jovic,Magda Linette
20260805,Hard,Alina Korneeva,Emma Navarro
20260805,Hard,Mirra Andreeva,Karolina Pliskova
20260805,Hard,Coco Gauff,Kayla Day
20260805,Hard,Maria Sakkari,Zeynep Sonmez
20260805,Hard,Elise Mertens,Anna Bondar
20260805,Hard,Naomi Osaka,Panna Udvardy
20260805,Hard,Liudmila Samsonova,Barbora Krejcikova
20260805,Hard,Catherine McNally,Linda Noskova
20260805,Hard,Leylah Fernandez,Renata Zarazua
20260805,Hard,Maya Joint,Sorana Cirstea
20260806,Hard,Alexandra Eala,Alycia Parks
20260806,Hard,Ekaterina Alexandrova,Talia Gibson
20260806,Hard,Iga Swiatek,Viktorija Golubic
20260806,Hard,Diana Shnaider,Anna Kalinskaya
20260806,Hard,Jessica Pegula,Kamilla Rakhimova
20260806,Hard,Marta Kostyuk,Madison Keys
20260806,Hard,Amanda Anisimova,Nikola Bartunkova
20260806,Hard,Aryna Sabalenka,Zhang Shuai
20260807,Hard,Elina Svitolina,Anastasia Potapova
20260807,Hard,Alina Korneeva,Iva Jovic
20260807,Hard,Elena Rybakina,Ann Li
20260807,Hard,Leylah Fernandez,Mirra Andreeva
20260807,Hard,Liudmila Samsonova,Maya Joint
20260807,Hard,Naomi Osaka,Elise Mertens
20260807,Hard,Coco Gauff,Maria Sakkari
20260807,Hard,Belinda Bencic,Taylor Townsend
20260808,Hard,Alexandra Eala,Catherine McNally
20260808,Hard,Iga Swiatek,Marta Kostyuk
20260808,Hard,Diana Shnaider,Jessica Pegula
20260808,Hard,Ekaterina Alexandrova,Aryna Sabalenka
20260809,Hard,Elina Svitolina,Amanda Anisimova
20260809,Hard,Elena Rybakina,Liudmila Samsonova
20260809,Hard,Coco Gauff,Alina Korneeva
20260809,Hard,Naomi Osaka,Leylah Fernandez
20260810,Hard,Belinda Bencic,Alexandra Eala
20260802,Hard,Lia Karatancheva,Nika Hurkacz
20260802,Hard,Elena Micic,Georgina Garcia Perez
20260802,Hard,Urszula Radwanska,Marcelina Podlinska
20260802,Hard,Alana Smith,Daria Gorska
20260803,Hard,Noma Noha Akugue,Julia Avdeeva
20260803,Hard,Aliona Falei,Urszula Radwanska
20260803,Hard,Veronika Podrez,Elena Micic
20260803,Hard,Weronika Falkowska,Amelia Paszun
20260803,Hard,Katarzyna Kawa,Linda Fruhvirtova
20260803,Hard,Yuan Yue,Alana Smith
20260803,Hard,Martyna Kubka,Teodora Kostovic
20260804,Hard,Justina Mikulskyte,Weronika Ewald
20260804,Hard,Carol Young Suh Lee,Elsa Jacquemot
20260804,Hard,Susan Bandecchi,Viktoria Hruncakova
20260804,Hard,Ella Seidel,Dalma Galfi
20260804,Hard,Elizara Yaneva,Linda Klimovicova
20260804,Hard,Vendula Valdmannova,Marcelina Podlinska
20260804,Hard,Gabriela Knutson,Sofia Costoulas
20260804,Hard,Mona Barthel,Laura Samson
20260804,Hard,Zuzanna Pawlikowska,Lia Karatancheva
20260805,Hard,Justina Mikulskyte,Katarzyna Kawa
20260805,Hard,Carol Young Suh Lee,Aliona Falei
20260805,Hard,Gabriela Knutson,Ella Seidel
20260805,Hard,Mona Barthel,Martyna Kubka
20260805,Hard,Elizara Yaneva,Yuan Yue
20260805,Hard,Weronika Falkowska,Noma Noha Akugue
20260805,Hard,Susan Bandecchi,Veronika Podrez
20260805,Hard,Vendula Valdmannova,Zuzanna Pawlikowska
20260806,Hard,Gabriela Knutson,Justina Mikulskyte
20260806,Hard,Elizara Yaneva,Mona Barthel
20260806,Hard,Carol Young Suh Lee,Weronika Falkowska
20260806,Hard,Vendula Valdmannova,Susan Bandecchi
20260807,Hard,Gabriela Knutson,Elizara Yaneva
20260807,Hard,Carol Young Suh Lee,Vendula Valdmannova
20260808,Hard,Carol Young Suh Lee,Gabriela Knutson
